ISO-10303-21;
HEADER;
FILE_DESCRIPTION(('SolidDesigner STEP Export'),'2;1');
FILE_NAME('plh_5-4-7.5-zf.stp','2012-02-29T14:21:31',(''),(''),
'CoCreate Modeling STEP processor for AP214 (Solid Model)',
'CoCreate Modeling 16.00A  16-Aug-2008 (C) Parametric Technology GmbH',
'');
FILE_SCHEMA(('AUTOMOTIVE_DESIGN { 1 0 10303 214 1 1 1 1 }'));
ENDSEC;
DATA;
#10=CARTESIAN_POINT('',(5.54448622474674,9.31602665621916,
-18.7347499609862));
#20=DIRECTION('',(-0.707106781096742,1.86289616157616E-11,
-0.707106781276353));
#30=DIRECTION('',(0.707106781276353,1.86289616144384E-11,
-0.707106781096742));
#40=AXIS2_PLACEMENT_3D('',#10,#20,#30);
#50=PLANE('',#40);
#60=CARTESIAN_POINT('',(4.11948622456577,11.4160266561816,
-17.3097499611119));
#70=DIRECTION('',(-0.331294578266615,0.883452208590044,0.331294578205739
));
#80=VECTOR('',#70,1.);
#90=LINE('',#60,#80);
#100=CARTESIAN_POINT('',(5.50093783764444,7.73215568847607,
-18.6912015739367));
#110=VERTEX_POINT('',#100);
#120=CARTESIAN_POINT('',(5.39448622474289,8.01602665617469,
-18.5847499610547));
#130=VERTEX_POINT('',#120);
#140=EDGE_CURVE('',#110,#130,#90,.T.);
#150=ORIENTED_EDGE('',*,*,#140,.T.);
#160=CARTESIAN_POINT('',(6.97448622492836,11.4160266562568,
-20.1647499607493));
#170=DIRECTION('',(-0.348155311955613,-0.870388279787662,
0.348155311844248));
#180=VECTOR('',#170,1.);
#190=LINE('',#160,#180);
#200=CARTESIAN_POINT('',(5.6944862247658,8.21602665622311,
-18.8847499609961));
#210=VERTEX_POINT('',#200);
#220=EDGE_CURVE('',#210,#110,#190,.T.);
#230=ORIENTED_EDGE('',*,*,#220,.T.);
#240=CARTESIAN_POINT('',(5.6944862247658,9.31602665622311,
-18.8847499609671));
#250=DIRECTION('',(2.41027505800881E-21,-1.,-2.63453301690022E-11));
#260=VECTOR('',#250,1.);
#270=LINE('',#240,#260);
#280=CARTESIAN_POINT('',(5.6944862247658,10.8160266561732,
-18.8847499609276));
#290=VERTEX_POINT('',#280);
#300=EDGE_CURVE('',#290,#210,#270,.T.);
#310=ORIENTED_EDGE('',*,*,#300,.T.);
#320=CARTESIAN_POINT('',(0.,10.8160266562356,-13.1902637376083));
#330=DIRECTION('',(0.707106781276353,-7.75216002502077E-12,
-0.707106781096742));
#340=VECTOR('',#330,1.);
#350=LINE('',#320,#340);
#360=CARTESIAN_POINT('',(5.39448622474446,10.8160266561765,
-18.5847499609657));
#370=VERTEX_POINT('',#360);
#380=EDGE_CURVE('',#370,#290,#350,.T.);
#390=ORIENTED_EDGE('',*,*,#380,.T.);
#400=CARTESIAN_POINT('',(5.39448622472769,9.3160266562152,
-18.5847499610053));
#410=DIRECTION('',(2.41027505800881E-21,-1.,-2.63453301690022E-11));
#420=VECTOR('',#410,1.);
#430=LINE('',#400,#420);
#440=EDGE_CURVE('',#370,#130,#430,.T.);
#450=ORIENTED_EDGE('',*,*,#440,.F.);
#460=EDGE_LOOP('',(#450,#390,#310,#230,#150));
#470=FACE_OUTER_BOUND('',#460,.T.);
#480=ADVANCED_FACE('',(#470),#50,.T.);
#490=COLOUR_RGB('',0.94901967048645,0.94901967048645,1.);
#500=FILL_AREA_STYLE_COLOUR('',#490);
#510=FILL_AREA_STYLE('',(#500));
#520=SURFACE_STYLE_FILL_AREA(#510);
#530=SURFACE_SIDE_STYLE('',(#520));
#540=SURFACE_STYLE_USAGE(.BOTH.,#530);
#550=PRESENTATION_STYLE_ASSIGNMENT((#540));
#560=CARTESIAN_POINT('',(17.794485909764,21.766026964435,
-7.20475026134447));
#570=CARTESIAN_POINT('',(17.794485909764,22.2556464704736,
-7.20475026133872));
#580=CARTESIAN_POINT('',(17.794485909767,23.2703406441599,
-7.53767315094115));
#590=CARTESIAN_POINT('',(17.7944859097784,24.3016371187746,
-8.79578337203784));
#600=CARTESIAN_POINT('',(17.7944859097932,24.6643908804328,
-10.4347499160677));
#610=CARTESIAN_POINT('',(17.7944859098081,24.3016371188132,
-12.0737164601061));
#620=CARTESIAN_POINT('',(17.7944859098195,23.270340644228,
-13.331826681227));
#630=CARTESIAN_POINT('',(17.7944859098225,22.2556464705496,
-13.6647495708533));
#640=CARTESIAN_POINT('',(17.7944859098225,21.7660269645109,
-13.6647495708591));
#650=B_SPLINE_CURVE_WITH_KNOTS('',3,(#560,#570,#580,#590,#600,#610,#620,
#630,#640),.UNSPECIFIED.,.F.,.F.,(4,1,1,1,1,1,4),(7.88522277752954,
9.33863887062992,10.8973022053628,12.5545422128445,14.2117822203262,
15.7704455550591,17.2238616481595),.UNSPECIFIED.);
#660=DIRECTION('',(1.,1.94345107485516E-16,9.04555523367188E-12));
#670=VECTOR('',#660,1.);
#680=SURFACE_OF_LINEAR_EXTRUSION('',#650,#670);
#690=CARTESIAN_POINT('',(17.794485909764,21.766026964435,
-7.20475026134447));
#700=CARTESIAN_POINT('',(17.794485909764,22.2556464704736,
-7.20475026133872));
#710=CARTESIAN_POINT('',(17.794485909767,23.2703406441599,
-7.53767315094115));
#720=CARTESIAN_POINT('',(17.7944859097784,24.3016371187746,
-8.79578337203784));
#730=CARTESIAN_POINT('',(17.7944859097932,24.6643908804328,
-10.4347499160677));
#740=CARTESIAN_POINT('',(17.7944859098081,24.3016371188132,
-12.0737164601061));
#750=CARTESIAN_POINT('',(17.7944859098195,23.270340644228,
-13.331826681227));
#760=CARTESIAN_POINT('',(17.7944859098225,22.2556464705496,
-13.6647495708533));
#770=CARTESIAN_POINT('',(17.7944859098225,21.7660269645109,
-13.6647495708591));
#780=B_SPLINE_CURVE_WITH_KNOTS('',3,(#690,#700,#710,#720,#730,#740,#750,
#760,#770),.UNSPECIFIED.,.F.,.F.,(4,1,1,1,1,1,4),(7.88522277752954,
9.33863887062992,10.8973022053628,12.5545422128445,14.2117822203262,
15.7704455550591,17.2238616481595),.UNSPECIFIED.);
#790=CARTESIAN_POINT('',(17.794485909764,21.766026964435,
-7.20475026134447));
#800=VERTEX_POINT('',#790);
#810=CARTESIAN_POINT('',(17.7944859098225,21.7660269645109,
-13.6647495708591));
#820=VERTEX_POINT('',#810);
#830=EDGE_CURVE('',#800,#820,#780,.T.);
#840=ORIENTED_EDGE('',*,*,#830,.T.);
#850=CARTESIAN_POINT('',(17.794485909764,21.766026964435,
-7.20475026134447));
#860=DIRECTION('',(1.,1.94345107485516E-16,9.04555523367188E-12));
#870=VECTOR('',#860,1.);
#880=LINE('',#850,#870);
#890=CARTESIAN_POINT('',(23.7944859097205,21.766026964435,
-7.2047502612902));
#900=VERTEX_POINT('',#890);
#910=EDGE_CURVE('',#800,#900,#880,.T.);
#920=ORIENTED_EDGE('',*,*,#910,.F.);
#930=CARTESIAN_POINT('',(23.7944859097205,21.766026964435,
-7.2047502612902));
#940=CARTESIAN_POINT('',(23.7944859097205,22.2556464704736,
-7.20475026128444));
#950=CARTESIAN_POINT('',(23.7944859097236,23.2703406441599,
-7.53767315088688));
#960=CARTESIAN_POINT('',(23.7944859097349,24.3016371187746,
-8.79578337198356));
#970=CARTESIAN_POINT('',(23.7944859097498,24.6643908804328,
-10.4347499160134));
#980=CARTESIAN_POINT('',(23.7944859097646,24.3016371188132,
-12.0737164600518));
#990=CARTESIAN_POINT('',(23.794485909776,23.270340644228,
-13.3318266811728));
#1000=CARTESIAN_POINT('',(23.794485909779,22.2556464705496,
-13.664749570799));
#1010=CARTESIAN_POINT('',(23.794485909779,21.7660269645109,
-13.6647495708048));
#1020=B_SPLINE_CURVE_WITH_KNOTS('',3,(#930,#940,#950,#960,#970,#980,#990
,#1000,#1010),.UNSPECIFIED.,.F.,.F.,(4,1,1,1,1,1,4),(7.88522277752954,
9.33863887062992,10.8973022053628,12.5545422128445,14.2117822203262,
15.7704455550591,17.2238616481595),.UNSPECIFIED.);
#1030=CARTESIAN_POINT('',(23.7944859095775,22.9303860104713,
-7.50420184415591));
#1040=VERTEX_POINT('',#1030);
#1050=EDGE_CURVE('',#900,#1040,#1020,.T.);
#1060=ORIENTED_EDGE('',*,*,#1050,.F.);
#1070=CARTESIAN_POINT('',(25.1740219194643,20.5409595504743,
-7.20475026199651));
#1080=CARTESIAN_POINT('',(24.9382575857053,20.9493153551575,
-7.20475026198683));
#1090=CARTESIAN_POINT('',(24.7024932519463,21.3576711598407,
-7.20475026197716));
#1100=CARTESIAN_POINT('',(24.2338992488989,22.1692997812408,
-7.20475026195793));
#1110=CARTESIAN_POINT('',(24.001069579611,22.5725725979577,
-7.31373048053259));
#1120=CARTESIAN_POINT('',(23.6090639092604,23.2515463358627,
-7.67516202453144));
#1130=CARTESIAN_POINT('',(23.4236419088332,23.572706661445,
-7.84612220438247));
#1140=CARTESIAN_POINT('',(17.0585162851494,34.5974276382676,
-13.7148056340306));
#1150=CARTESIAN_POINT('',(10.8788126618929,45.3009882895079,
-19.4125288838277));
#1160=CARTESIAN_POINT('',(4.49099421445016,56.3650143900483,
-25.3021352310488));
#1170=CARTESIAN_POINT('',(4.28287939026405,56.7254798393483,
-25.4940183284728));
#1180=CARTESIAN_POINT('',(4.07476456607793,57.0859452886484,
-25.6859014258967));
#1190=B_SPLINE_CURVE_WITH_KNOTS('',3,(#1070,#1080,#1090,#1100,#1110,
#1120,#1130,#1140,#1150,#1160,#1170,#1180),.UNSPECIFIED.,.F.,.F.,(4,2,2,
2,2,4),(6.67303476025241,7.88522277752954,9.08232214653968,
10.1567950697593,45.9665921888336,47.1725642039849),.UNSPECIFIED.);
#1200=CARTESIAN_POINT('',(23.7944583703581,22.9304337097984,
-7.50422723610496));
#1210=VERTEX_POINT('',#1200);
#1220=EDGE_CURVE('',#1040,#1210,#1190,.T.);
#1230=ORIENTED_EDGE('',*,*,#1220,.F.);
#1240=CARTESIAN_POINT('',(24.4667289182386,21.766026964435,
-7.20475026128412));
#1250=CARTESIAN_POINT('',(24.1840469646267,22.2556464704736,
-7.20475026128092));
#1260=CARTESIAN_POINT('',(23.5982130103053,23.2703406441599,
-7.53767315088866));
#1270=CARTESIAN_POINT('',(23.0027937130775,24.3016371187746,
-8.79578337199073));
#1280=CARTESIAN_POINT('',(22.7933577311417,24.6643908804328,
-10.4347499160225));
#1290=CARTESIAN_POINT('',(23.0027937130694,24.3016371188132,
-12.073716460059));
#1300=CARTESIAN_POINT('',(23.5982130102909,23.270340644228,
-13.3318266811745));
#1310=CARTESIAN_POINT('',(24.1840469646107,22.2556464705496,
-13.6647495707955));
#1320=CARTESIAN_POINT('',(24.4667289182226,21.7660269645109,
-13.6647495707987));
#1330=B_SPLINE_CURVE_WITH_KNOTS('',3,(#1240,#1250,#1260,#1270,#1280,
#1290,#1300,#1310,#1320),.UNSPECIFIED.,.F.,.F.,(4,1,1,1,1,1,4),(
7.88522277752954,9.33863887062992,10.8973022053628,12.5545422128445,
14.2117822203262,15.7704455550591,17.2238616481595),.UNSPECIFIED.);
#1340=CARTESIAN_POINT('',(22.9944859097575,24.3160266564642,
-9.16021101127163));
#1350=VERTEX_POINT('',#1340);
#1360=EDGE_CURVE('',#1210,#1350,#1330,.T.);
#1370=ORIENTED_EDGE('',*,*,#1360,.F.);
#1380=CARTESIAN_POINT('',(22.9944859097398,21.766026964435,
-7.20475026129744));
#1390=CARTESIAN_POINT('',(22.9944859097398,22.2556464704736,
-7.20475026129168));
#1400=CARTESIAN_POINT('',(22.9944859097428,23.2703406441599,
-7.53767315089412));
#1410=CARTESIAN_POINT('',(22.9944859097542,24.3016371187746,
-8.7957833719908));
#1420=CARTESIAN_POINT('',(22.994485909769,24.6643908804328,
-10.4347499160207));
#1430=CARTESIAN_POINT('',(22.9944859097838,24.3016371188132,
-12.0737164600591));
#1440=CARTESIAN_POINT('',(22.9944859097952,23.270340644228,
-13.33182668118));
#1450=CARTESIAN_POINT('',(22.9944859097982,22.2556464705496,
-13.6647495708063));
#1460=CARTESIAN_POINT('',(22.9944859097982,21.7660269645109,
-13.664749570812));
#1470=B_SPLINE_CURVE_WITH_KNOTS('',3,(#1380,#1390,#1400,#1410,#1420,
#1430,#1440,#1450,#1460),.UNSPECIFIED.,.F.,.F.,(4,1,1,1,1,1,4),(
7.88522277752954,9.33863887062992,10.8973022053628,12.5545422128445,
14.2117822203262,15.7704455550591,17.2238616481595),.UNSPECIFIED.);
#1480=CARTESIAN_POINT('',(22.9944859098434,24.3160266560971,
-11.709288821853));
#1490=VERTEX_POINT('',#1480);
#1500=EDGE_CURVE('',#1350,#1490,#1470,.T.);
#1510=ORIENTED_EDGE('',*,*,#1500,.F.);
#1520=CARTESIAN_POINT('',(24.4667289182386,21.766026964435,
-7.20475026128412));
#1530=CARTESIAN_POINT('',(24.1840469646267,22.2556464704736,
-7.20475026128092));
#1540=CARTESIAN_POINT('',(23.5982130103053,23.2703406441599,
-7.53767315088866));
#1550=CARTESIAN_POINT('',(23.0027937130775,24.3016371187746,
-8.79578337199073));
#1560=CARTESIAN_POINT('',(22.7933577311417,24.6643908804328,
-10.4347499160225));
#1570=CARTESIAN_POINT('',(23.0027937130694,24.3016371188132,
-12.073716460059));
#1580=CARTESIAN_POINT('',(23.5982130102909,23.270340644228,
-13.3318266811745));
#1590=CARTESIAN_POINT('',(24.1840469646107,22.2556464705496,
-13.6647495707955));
#1600=CARTESIAN_POINT('',(24.4667289182226,21.7660269645109,
-13.6647495707987));
#1610=B_SPLINE_CURVE_WITH_KNOTS('',3,(#1520,#1530,#1540,#1550,#1560,
#1570,#1580,#1590,#1600),.UNSPECIFIED.,.F.,.F.,(4,1,1,1,1,1,4),(
7.88522277752954,9.33863887062992,10.8973022053628,12.5545422128445,
14.2117822203262,15.7704455550591,17.2238616481595),.UNSPECIFIED.);
#1620=CARTESIAN_POINT('',(23.7944859097114,22.9303860102831,
-13.3652979880486));
#1630=VERTEX_POINT('',#1620);
#1640=EDGE_CURVE('',#1490,#1630,#1610,.T.);
#1650=ORIENTED_EDGE('',*,*,#1640,.F.);
#1660=CARTESIAN_POINT('',(23.794485909779,21.7660269645109,
-13.6647495708048));
#1670=VERTEX_POINT('',#1660);
#1680=EDGE_CURVE('',#1630,#1670,#1020,.T.);
#1690=ORIENTED_EDGE('',*,*,#1680,.F.);
#1700=CARTESIAN_POINT('',(17.7944859098225,21.7660269645109,
-13.6647495708591));
#1710=DIRECTION('',(1.,1.94345107485516E-16,9.04555523367188E-12));
#1720=VECTOR('',#1710,1.);
#1730=LINE('',#1700,#1720);
#1740=EDGE_CURVE('',#820,#1670,#1730,.T.);
#1750=ORIENTED_EDGE('',*,*,#1740,.T.);
#1760=EDGE_LOOP('',(#1750,#1690,#1650,#1510,#1370,#1230,#1060,#920,#840)
);
#1770=FACE_OUTER_BOUND('',#1760,.T.);
#1780=ADVANCED_FACE('',(#1770),#680,.T.);
#1790=CARTESIAN_POINT('',(13.6944871733161,26.6220600613844,
-8.53474995950133));
#1800=DIRECTION('',(0.382683432368623,-4.98106447614114E-12,
-0.923879532509823));
#1810=DIRECTION('',(-1.31145094783847E-13,1.,-5.445787415036E-12));
#1820=AXIS2_PLACEMENT_3D('',#1790,#1800,#1810);
#1830=PLANE('',#1820);
#1840=CARTESIAN_POINT('',(0.,37.6657549293348,-14.2071922765542));
#1850=DIRECTION('',(0.911859297084429,-0.160785391722198,
0.37770448783332));
#1860=VECTOR('',#1850,1.);
#1870=LINE('',#1840,#1860);
#1880=CARTESIAN_POINT('',(15.5944859102863,34.9160263979608,
-7.74774471419272));
#1890=VERTEX_POINT('',#1880);
#1900=CARTESIAN_POINT('',(15.8780497506135,34.8660264437014,
-7.63028872572909));
#1910=VERTEX_POINT('',#1900);
#1920=EDGE_CURVE('',#1890,#1910,#1870,.T.);
#1930=ORIENTED_EDGE('',*,*,#1920,.T.);
#1940=CARTESIAN_POINT('',(0.,34.9160263978976,-14.2071922765393));
#1950=DIRECTION('',(-0.923879532509823,-4.19544954333162E-12,
-0.382683432368623));
#1960=VECTOR('',#1950,1.);
#1970=LINE('',#1940,#1960);
#1980=CARTESIAN_POINT('',(13.8668547136232,34.9160263979594,
-8.46335298663718));
#1990=VERTEX_POINT('',#1980);
#2000=EDGE_CURVE('',#1890,#1990,#1970,.T.);
#2010=ORIENTED_EDGE('',*,*,#2000,.F.);
#2020=CARTESIAN_POINT('',(0.,37.3611269460288,-14.2071922765525));
#2030=DIRECTION('',(-0.911859297084655,0.160785391720697,
-0.377704487833414));
#2040=VECTOR('',#2030,1.);
#2050=LINE('',#2020,#2040);
#2060=CARTESIAN_POINT('',(14.1504185539676,34.8660264436974,
-8.34589699816639));
#2070=VERTEX_POINT('',#2060);
#2080=EDGE_CURVE('',#2070,#1990,#2050,.T.);
#2090=ORIENTED_EDGE('',*,*,#2080,.T.);
#2100=CARTESIAN_POINT('',(0.,34.866026443665,-14.2071922765391));
#2110=DIRECTION('',(0.923879532509823,2.11641815184294E-12,
0.382683432368623));
#2120=VECTOR('',#2110,1.);
#2130=LINE('',#2100,#2120);
#2140=EDGE_CURVE('',#2070,#1910,#2130,.T.);
#2150=ORIENTED_EDGE('',*,*,#2140,.F.);
#2160=EDGE_LOOP('',(#2150,#2090,#2010,#1930));
#2170=FACE_OUTER_BOUND('',#2160,.T.);
#2180=ADVANCED_FACE('',(#2170),#1830,.T.);
#2190=COLOUR_RGB('',0.501960813999176,1.,0.501960813999176);
#2200=FILL_AREA_STYLE_COLOUR('',#2190);
#2210=FILL_AREA_STYLE('',(#2200));
#2220=SURFACE_STYLE_FILL_AREA(#2210);
#2230=SURFACE_SIDE_STYLE('',(#2220));
#2240=SURFACE_STYLE_USAGE(.BOTH.,#2230);
#2250=PRESENTATION_STYLE_ASSIGNMENT((#2240));
#2260=CARTESIAN_POINT('',(17.7944859098225,21.7660269645109,
-13.6647495708591));
#2270=DIRECTION('',(9.04555523367187E-12,1.33833487654703E-11,-1.));
#2280=DIRECTION('',(1.94345390750807E-16,-1.,-1.33833487654703E-11));
#2290=AXIS2_PLACEMENT_3D('',#2260,#2270,#2280);
#2300=PLANE('',#2290);
#2310=CARTESIAN_POINT('',(17.7944859098225,-8.51097615722698E-11,
-13.6647495711536));
#2320=DIRECTION('',(-1.94345390750807E-16,1.,1.33833487654703E-11));
#2330=VECTOR('',#2320,1.);
#2340=LINE('',#2310,#2330);
#2350=CARTESIAN_POINT('',(17.7944859098225,18.4660268570667,
-13.6647495709064));
#2360=VERTEX_POINT('',#2350);
#2370=EDGE_CURVE('',#2360,#820,#2340,.T.);
#2380=ORIENTED_EDGE('',*,*,#2370,.F.);
#2390=ORIENTED_EDGE('',*,*,#1740,.F.);
#2400=CARTESIAN_POINT('',(23.794485909779,0.,-13.6647495710961));
#2410=DIRECTION('',(-1.83321479876364E-22,1.,1.33833487654703E-11));
#2420=VECTOR('',#2410,1.);
#2430=LINE('',#2400,#2420);
#2440=CARTESIAN_POINT('',(23.794485909779,18.4660268570667,
-13.6647495708522));
#2450=VERTEX_POINT('',#2440);
#2460=EDGE_CURVE('',#2450,#1670,#2430,.T.);
#2470=ORIENTED_EDGE('',*,*,#2460,.T.);
#2480=CARTESIAN_POINT('',(17.7944859098225,18.4660268570667,
-13.6647495709064));
#2490=DIRECTION('',(1.,1.94345107485516E-16,9.04555523367188E-12));
#2500=VECTOR('',#2490,1.);
#2510=LINE('',#2480,#2500);
#2520=EDGE_CURVE('',#2360,#2450,#2510,.T.);
#2530=ORIENTED_EDGE('',*,*,#2520,.T.);
#2540=EDGE_LOOP('',(#2530,#2470,#2390,#2380));
#2550=FACE_OUTER_BOUND('',#2540,.T.);
#2560=ADVANCED_FACE('',(#2550),#2300,.F.);
#2570=CARTESIAN_POINT('',(6.59448603570631,14.8868601215296,
-18.1347499607346));
#2580=DIRECTION('',(-1.,5.6225080837087E-13,-1.41260273725412E-10));
#2590=DIRECTION('',(-1.41260273725428E-10,-3.00736980939285E-11,1.));
#2600=AXIS2_PLACEMENT_3D('',#2570,#2580,#2590);
#2610=PLANE('',#2600);
#2620=CARTESIAN_POINT('',(6.59448622474162,9.3160266562152,
-18.5847499608528));
#2630=DIRECTION('',(2.41027505800881E-21,-1.,-2.63453301690022E-11));
#2640=VECTOR('',#2630,1.);
#2650=LINE('',#2620,#2640);
#2660=CARTESIAN_POINT('',(6.59448603576759,10.8160266561765,
-18.5847499608133));
#2670=VERTEX_POINT('',#2660);
#2680=CARTESIAN_POINT('',(6.59448603576601,8.01602615228023,
-18.5847501498627));
#2690=VERTEX_POINT('',#2680);
#2700=EDGE_CURVE('',#2670,#2690,#2650,.T.);
#2710=ORIENTED_EDGE('',*,*,#2700,.F.);
#2720=CARTESIAN_POINT('',(6.59448603567525,8.01602615223887,
-17.9422496767415));
#2730=DIRECTION('',(-1.41260273725448E-10,-6.4362908278773E-11,1.));
#2740=VECTOR('',#2730,1.);
#2750=LINE('',#2720,#2740);
#2760=CARTESIAN_POINT('',(6.59448603563888,8.0160261522223,
-17.6847497719023));
#2770=VERTEX_POINT('',#2760);
#2780=EDGE_CURVE('',#2690,#2770,#2750,.T.);
#2790=ORIENTED_EDGE('',*,*,#2780,.F.);
#2800=CARTESIAN_POINT('',(6.59448622462732,9.31602665619148,
-17.6847499608565));
#2810=DIRECTION('',(2.41027505800881E-21,-1.,-2.63453301690022E-11));
#2820=VECTOR('',#2810,1.);
#2830=LINE('',#2800,#2820);
#2840=CARTESIAN_POINT('',(6.59448603564045,10.8160266561864,
-17.684749960817));
#2850=VERTEX_POINT('',#2840);
#2860=EDGE_CURVE('',#2850,#2770,#2830,.T.);
#2870=ORIENTED_EDGE('',*,*,#2860,.T.);
#2880=CARTESIAN_POINT('',(6.5944860331423,10.8160266563802,0.));
#2890=DIRECTION('',(1.41260273725405E-10,-1.09632613695891E-11,-1.));
#2900=VECTOR('',#2890,1.);
#2910=LINE('',#2880,#2900);
#2920=EDGE_CURVE('',#2850,#2670,#2910,.T.);
#2930=ORIENTED_EDGE('',*,*,#2920,.F.);
#2940=EDGE_LOOP('',(#2930,#2870,#2790,#2710));
#2950=FACE_OUTER_BOUND('',#2940,.T.);
#2960=ADVANCED_FACE('',(#2950),#2610,.F.);
#2970=COLOUR_RGB('',0.94901967048645,0.94901967048645,1.);
#2980=FILL_AREA_STYLE_COLOUR('',#2970);
#2990=FILL_AREA_STYLE('',(#2980));
#3000=SURFACE_STYLE_FILL_AREA(#2990);
#3010=SURFACE_SIDE_STYLE('',(#3000));
#3020=SURFACE_STYLE_USAGE(.BOTH.,#3010);
#3030=PRESENTATION_STYLE_ASSIGNMENT((#3020));
#3040=CARTESIAN_POINT('',(13.6944871732925,26.622060061369,
-12.334749916721));
#3050=DIRECTION('',(-0.382683432362398,-4.49459508293818E-12,
-0.923879532512402));
#3060=DIRECTION('',(-1.03173025678416E-12,-1.,5.29227132630612E-12));
#3070=AXIS2_PLACEMENT_3D('',#3040,#3050,#3060);
#3080=PLANE('',#3070);
#3090=CARTESIAN_POINT('',(16.8906150955043,25.9910190606855,
-13.6586294491665));
#3100=DIRECTION('',(6.14119866071405E-13,1.,-5.11929580817718E-12));
#3110=VECTOR('',#3100,1.);
#3120=LINE('',#3090,#3110);
#3130=CARTESIAN_POINT('',(16.8906150955097,34.6874838591435,
-13.658629449211));
#3140=VERTEX_POINT('',#3130);
#3150=CARTESIAN_POINT('',(16.8906150955097,34.6991983461552,
-13.6586294492111));
#3160=VERTEX_POINT('',#3150);
#3170=EDGE_CURVE('',#3140,#3160,#3120,.T.);
#3180=ORIENTED_EDGE('',*,*,#3170,.F.);
#3190=CARTESIAN_POINT('',(0.,37.6774694163863,-6.66230759989936));
#3200=DIRECTION('',(-0.91185929708689,0.160785391726627,
0.377704487825493));
#3210=VECTOR('',#3200,1.);
#3220=LINE('',#3190,#3210);
#3230=CARTESIAN_POINT('',(15.9444859098823,34.866026443671,
-13.2667299087712));
#3240=VERTEX_POINT('',#3230);
#3250=EDGE_CURVE('',#3160,#3240,#3220,.T.);
#3260=ORIENTED_EDGE('',*,*,#3250,.F.);
#3270=CARTESIAN_POINT('',(0.,34.8660264437057,-6.66230759988568));
#3280=DIRECTION('',(0.923879532512402,-2.01230698770871E-12,
-0.382683432362398));
#3290=VECTOR('',#3280,1.);
#3300=LINE('',#3270,#3290);
#3310=CARTESIAN_POINT('',(15.8780497506168,34.8660264436711,
-13.2392111505717));
#3320=VERTEX_POINT('',#3310);
#3330=EDGE_CURVE('',#3320,#3240,#3300,.T.);
#3340=ORIENTED_EDGE('',*,*,#3330,.T.);
#3350=CARTESIAN_POINT('',(0.,37.6657549293747,-6.6623075998993));
#3360=DIRECTION('',(0.91185929708689,-0.160785391726627,
-0.377704487825493));
#3370=VECTOR('',#3360,1.);
#3380=LINE('',#3350,#3370);
#3390=EDGE_CURVE('',#3320,#3140,#3380,.T.);
#3400=ORIENTED_EDGE('',*,*,#3390,.F.);
#3410=EDGE_LOOP('',(#3400,#3340,#3260,#3180));
#3420=FACE_OUTER_BOUND('',#3410,.T.);
#3430=ADVANCED_FACE('',(#3420),#3080,.T.);
#3440=COLOUR_RGB('',1.,0.709803938865662,0.);
#3450=FILL_AREA_STYLE_COLOUR('',#3440);
#3460=FILL_AREA_STYLE('',(#3450));
#3470=SURFACE_STYLE_FILL_AREA(#3460);
#3480=SURFACE_SIDE_STYLE('',(#3470));
#3490=SURFACE_STYLE_USAGE(.BOTH.,#3480);
#3500=PRESENTATION_STYLE_ASSIGNMENT((#3490));
#3510=CARTESIAN_POINT('',(11.9789883562157,7.21602685693457,
-6.1847499754897));
#3520=DIRECTION('',(-7.41573785290573E-13,-1.93034791596792E-13,-1.));
#3530=DIRECTION('',(2.17832716771299E-25,1.,-1.93034791596792E-13));
#3540=AXIS2_PLACEMENT_3D('',#3510,#3520,#3530);
#3550=PLANE('',#3540);
#3560=CARTESIAN_POINT('',(31.492769658438,0.,-6.18474997550278));
#3570=DIRECTION('',(-0.25881904510252,0.965925826289069,
5.49560397189452E-15));
#3580=VECTOR('',#3570,1.);
#3590=LINE('',#3560,#3580);
#3600=CARTESIAN_POINT('',(22.9944859097306,31.7160267273132,
-6.1847499755026));
#3610=VERTEX_POINT('',#3600);
#3620=CARTESIAN_POINT('',(22.4614917450658,33.70518802998,
-6.18474997550258));
#3630=VERTEX_POINT('',#3620);
#3640=EDGE_CURVE('',#3610,#3630,#3590,.T.);
#3650=ORIENTED_EDGE('',*,*,#3640,.T.);
#3660=CARTESIAN_POINT('',(22.9944859097961,0.,-6.18474997549647));
#3670=DIRECTION('',(-2.34616068454867E-24,-1.,1.93034791596792E-13));
#3680=VECTOR('',#3670,1.);
#3690=LINE('',#3660,#3680);
#3700=CARTESIAN_POINT('',(22.9944859097306,24.3160266562514,
-6.18474997550117));
#3710=VERTEX_POINT('',#3700);
#3720=EDGE_CURVE('',#3610,#3710,#3690,.T.);
#3730=ORIENTED_EDGE('',*,*,#3720,.F.);
#3740=CARTESIAN_POINT('',(37.0333504453394,0.,-6.18474997550688));
#3750=DIRECTION('',(-0.500000000000001,0.866025403784438,
2.03614902716254E-13));
#3760=VECTOR('',#3750,1.);
#3770=LINE('',#3740,#3760);
#3780=CARTESIAN_POINT('',(23.7944859097113,22.9303860102296,
-6.18474997550149));
#3790=VERTEX_POINT('',#3780);
#3800=EDGE_CURVE('',#3790,#3710,#3770,.T.);
#3810=ORIENTED_EDGE('',*,*,#3800,.T.);
#3820=CARTESIAN_POINT('',(23.7944859097554,0.,-6.18474997549707));
#3830=DIRECTION('',(-2.34608495390177E-24,-1.,1.93034791596792E-13));
#3840=VECTOR('',#3830,1.);
#3850=LINE('',#3820,#3840);
#3860=CARTESIAN_POINT('',(23.7944859097113,16.7660268569346,
-6.1847499755003));
#3870=VERTEX_POINT('',#3860);
#3880=EDGE_CURVE('',#3790,#3870,#3850,.T.);
#3890=ORIENTED_EDGE('',*,*,#3880,.F.);
#3900=CARTESIAN_POINT('',(0.,16.7660268569346,-6.18474997548266));
#3910=DIRECTION('',(-1.,-1.11022308223043E-16,7.41573785290573E-13));
#3920=VECTOR('',#3910,1.);
#3930=LINE('',#3900,#3920);
#3940=CARTESIAN_POINT('',(21.9944859097754,16.7660268569346,
-6.18474997549897));
#3950=VERTEX_POINT('',#3940);
#3960=EDGE_CURVE('',#3870,#3950,#3930,.T.);
#3970=ORIENTED_EDGE('',*,*,#3960,.F.);
#3980=CARTESIAN_POINT('',(21.9944859097943,-1.10000000001887,
-6.18474997554179));
#3990=DIRECTION('',(1.11022307251924E-16,-1.,-1.89597533886647E-12));
#4000=VECTOR('',#3990,1.);
#4010=LINE('',#3980,#4000);
#4020=CARTESIAN_POINT('',(21.9944859097721,10.8160266563124,
-6.18474997549782));
#4030=VERTEX_POINT('',#4020);
#4040=EDGE_CURVE('',#3950,#4030,#4010,.T.);
#4050=ORIENTED_EDGE('',*,*,#4040,.F.);
#4060=CARTESIAN_POINT('',(0.,10.8160266563124,-6.18474997548151));
#4070=DIRECTION('',(-1.,8.14994036853684E-23,7.41573785290573E-13));
#4080=VECTOR('',#4070,1.);
#4090=LINE('',#4060,#4080);
#4100=CARTESIAN_POINT('',(3.99448590977638,10.8160266563124,
-6.18474997548447));
#4110=VERTEX_POINT('',#4100);
#4120=EDGE_CURVE('',#4030,#4110,#4090,.T.);
#4130=ORIENTED_EDGE('',*,*,#4120,.F.);
#4140=CARTESIAN_POINT('',(3.994485909754,0.,-6.18474997548238));
#4150=DIRECTION('',(-8.91929432129354E-23,1.,-1.93034791596792E-13));
#4160=VECTOR('',#4150,1.);
#4170=LINE('',#4140,#4160);
#4180=CARTESIAN_POINT('',(3.99448590977638,33.5500009944809,
-6.18474997548886));
#4190=VERTEX_POINT('',#4180);
#4200=EDGE_CURVE('',#4110,#4190,#4170,.T.);
#4210=ORIENTED_EDGE('',*,*,#4200,.F.);
#4220=CARTESIAN_POINT('',(-15.3756161957682,0.,-6.18474997546802));
#4230=DIRECTION('',(0.500000000000967,0.86602540378388,
-5.38014077733351E-13));
#4240=VECTOR('',#4230,1.);
#4250=LINE('',#4220,#4240);
#4260=CARTESIAN_POINT('',(4.78316104419681,34.9160263979598,
-6.18474997548971));
#4270=VERTEX_POINT('',#4260);
#4280=EDGE_CURVE('',#4190,#4270,#4250,.T.);
#4290=ORIENTED_EDGE('',*,*,#4280,.F.);
#4300=CARTESIAN_POINT('',(0.,34.9160263979598,-6.18474997548616));
#4310=DIRECTION('',(1.,-3.61235185718806E-25,-7.41573785290573E-13));
#4320=VECTOR('',#4310,1.);
#4330=LINE('',#4300,#4320);
#4340=CARTESIAN_POINT('',(15.5944859103387,34.9160263979598,
-6.18474997549773));
#4350=VERTEX_POINT('',#4340);
#4360=EDGE_CURVE('',#4270,#4350,#4330,.T.);
#4370=ORIENTED_EDGE('',*,*,#4360,.F.);
#4380=CARTESIAN_POINT('',(0.,37.6657549293772,-6.18474997548669));
#4390=DIRECTION('',(-0.984807753928578,0.173648172469936,
6.96789848042556E-13));
#4400=VECTOR('',#4390,1.);
#4410=LINE('',#4380,#4400);
#4420=EDGE_CURVE('',#3630,#4350,#4410,.T.);
#4430=ORIENTED_EDGE('',*,*,#4420,.T.);
#4440=EDGE_LOOP('',(#4430,#4370,#4290,#4210,#4130,#4050,#3970,#3890,
#3810,#3730,#3650));
#4450=FACE_OUTER_BOUND('',#4440,.T.);
#4460=ADVANCED_FACE('',(#4450),#3550,.F.);
#4470=CARTESIAN_POINT('',(16.8084046169995,34.7019797842112,
-2.93474992056157));
#4480=DIRECTION('',(0.173648172469936,0.984807753928578,
-5.20887174200054E-12));
#4490=DIRECTION('',(5.6377453040902E-13,-5.38863563748507E-12,-1.));
#4500=AXIS2_PLACEMENT_3D('',#4470,#4480,#4490);
#4510=PLANE('',#4500);
#4520=CARTESIAN_POINT('',(15.5944859105175,34.916026397961,0.));
#4530=DIRECTION('',(-2.89019429981444E-11,-1.93034791596792E-13,-1.));
#4540=VECTOR('',#4530,1.);
#4550=LINE('',#4520,#4540);
#4560=EDGE_CURVE('',#4350,#1890,#4550,.T.);
#4570=ORIENTED_EDGE('',*,*,#4560,.F.);
#4580=ORIENTED_EDGE('',*,*,#1920,.F.);
#4590=CARTESIAN_POINT('',(0.,37.6657549293348,-14.2071922765542));
#4600=DIRECTION('',(0.911859297084429,-0.160785391722198,
0.37770448783332));
#4610=VECTOR('',#4600,1.);
#4620=LINE('',#4590,#4610);
#4630=CARTESIAN_POINT('',(16.8906150954336,34.687483859191,
-7.21087042711008));
#4640=VERTEX_POINT('',#4630);
#4650=EDGE_CURVE('',#1910,#4640,#4620,.T.);
#4660=ORIENTED_EDGE('',*,*,#4650,.F.);
#4670=CARTESIAN_POINT('',(17.2732985278022,34.6200064470717,
-8.13474995961956));
#4680=DIRECTION('',(0.173648172469936,0.984807753928578,
-5.20887174200054E-12));
#4690=DIRECTION('',(-0.984807753928578,0.173648172469936,
6.01300458074576E-14));
#4700=AXIS2_PLACEMENT_3D('',#4670,#4680,#4690);
#4710=ELLIPSE('',#4700,1.01542661094077,1.);
#4720=CARTESIAN_POINT('',(17.2732985278001,34.6200064470774,
-7.13474995961956));
#4730=VERTEX_POINT('',#4720);
#4740=EDGE_CURVE('',#4640,#4730,#4710,.T.);
#4750=ORIENTED_EDGE('',*,*,#4740,.F.);
#4760=CARTESIAN_POINT('',(0.,37.6657549293722,-7.13474995967222));
#4770=DIRECTION('',(-0.984807753928578,0.173648172469936,
-3.00251490337189E-12));
#4780=VECTOR('',#4770,1.);
#4790=LINE('',#4760,#4780);
#4800=CARTESIAN_POINT('',(22.4614917450688,33.7051880299744,
-7.13474995960374));
#4810=VERTEX_POINT('',#4800);
#4820=EDGE_CURVE('',#4810,#4730,#4790,.T.);
#4830=ORIENTED_EDGE('',*,*,#4820,.T.);
#4840=CARTESIAN_POINT('',(22.4614917450459,33.7051880300162,0.));
#4850=DIRECTION('',(-3.20873895090958E-12,5.85501421344136E-12,1.));
#4860=VECTOR('',#4850,1.);
#4870=LINE('',#4840,#4860);
#4880=EDGE_CURVE('',#4810,#3630,#4870,.T.);
#4890=ORIENTED_EDGE('',*,*,#4880,.F.);
#4900=ORIENTED_EDGE('',*,*,#4420,.F.);
#4910=EDGE_LOOP('',(#4900,#4890,#4830,#4750,#4660,#4580,#4570));
#4920=FACE_OUTER_BOUND('',#4910,.T.);
#4930=ADVANCED_FACE('',(#4920),#4510,.T.);
#4940=COLOUR_RGB('',0.501960813999176,1.,0.501960813999176);
#4950=FILL_AREA_STYLE_COLOUR('',#4940);
#4960=FILL_AREA_STYLE('',(#4950));
#4970=SURFACE_STYLE_FILL_AREA(#4960);
#4980=SURFACE_SIDE_STYLE('',(#4970));
#4990=SURFACE_STYLE_USAGE(.BOTH.,#4980);
#5000=PRESENTATION_STYLE_ASSIGNMENT((#4990));
#5010=CARTESIAN_POINT('',(5.39448622497069,22.3361574078703,
-20.1403804804822));
#5020=DIRECTION('',(-1.,5.62250808370872E-13,-1.41260273725412E-10));
#5030=DIRECTION('',(-1.41260273725428E-10,-3.00736980939285E-11,1.));
#5040=AXIS2_PLACEMENT_3D('',#5010,#5020,#5030);
#5050=PLANE('',#5040);
#5060=CARTESIAN_POINT('',(5.39448622461339,9.31602665619149,
-17.6847499610089));
#5070=DIRECTION('',(2.41027505800881E-21,-1.,-2.63453301690022E-11));
#5080=VECTOR('',#5070,1.);
#5090=LINE('',#5060,#5080);
#5100=CARTESIAN_POINT('',(5.39448622461338,10.8160266561864,
-17.6847499609694));
#5110=VERTEX_POINT('',#5100);
#5120=CARTESIAN_POINT('',(5.39448622461575,8.01602665618519,
-17.6847499610408));
#5130=VERTEX_POINT('',#5120);
#5140=EDGE_CURVE('',#5110,#5130,#5090,.T.);
#5150=ORIENTED_EDGE('',*,*,#5140,.F.);
#5160=CARTESIAN_POINT('',(5.39448622449533,8.01602665619513,
-16.8322106450235));
#5170=DIRECTION('',(-1.41260273725405E-10,1.16722479406546E-11,1.));
#5180=VECTOR('',#5170,1.);
#5190=LINE('',#5160,#5180);
#5200=EDGE_CURVE('',#130,#5130,#5190,.T.);
#5210=ORIENTED_EDGE('',*,*,#5200,.T.);
#5220=ORIENTED_EDGE('',*,*,#440,.T.);
#5230=CARTESIAN_POINT('',(5.39448622211918,10.8160266563802,0.));
#5240=DIRECTION('',(1.41260273725405E-10,-1.09632613695891E-11,-1.));
#5250=VECTOR('',#5240,1.);
#5260=LINE('',#5230,#5250);
#5270=EDGE_CURVE('',#5110,#370,#5260,.T.);
#5280=ORIENTED_EDGE('',*,*,#5270,.T.);
#5290=EDGE_LOOP('',(#5280,#5220,#5210,#5150));
#5300=FACE_OUTER_BOUND('',#5290,.T.);
#5310=ADVANCED_FACE('',(#5300),#5050,.T.);
#5320=COLOUR_RGB('',0.94901967048645,0.94901967048645,1.);
#5330=FILL_AREA_STYLE_COLOUR('',#5320);
#5340=FILL_AREA_STYLE('',(#5330));
#5350=SURFACE_STYLE_FILL_AREA(#5340);
#5360=SURFACE_SIDE_STYLE('',(#5350));
#5370=SURFACE_STYLE_USAGE(.BOTH.,#5360);
#5380=PRESENTATION_STYLE_ASSIGNMENT((#5370));
#5390=CARTESIAN_POINT('',(17.7944859098225,18.4660268570667,
-13.6647495709064));
#5400=CARTESIAN_POINT('',(17.7944859098225,17.976407351028,
-13.6647495709122));
#5410=CARTESIAN_POINT('',(17.7944859098195,16.9617131773412,
-13.3318266813088));
#5420=CARTESIAN_POINT('',(17.7944859098081,15.9304167027269,
-12.0737164602099));
#5430=CARTESIAN_POINT('',(17.7944859097932,15.5676629410689,
-10.4347499161778));
#5440=CARTESIAN_POINT('',(17.7944859097784,15.9304167026884,
-8.79578337213723));
#5450=CARTESIAN_POINT('',(17.794485909767,16.9617131772731,
-7.53767315101407));
#5460=CARTESIAN_POINT('',(17.794485909764,17.9764073509521,
-7.20475026138685));
#5470=CARTESIAN_POINT('',(17.794485909764,18.4660268569908,
-7.20475026138109));
#5480=B_SPLINE_CURVE_WITH_KNOTS('',3,(#5390,#5400,#5410,#5420,#5430,
#5440,#5450,#5460,#5470),.UNSPECIFIED.,.F.,.F.,(4,1,1,1,1,1,4),(
17.2238616481765,18.6772777412771,20.2359410760114,21.8931810834958,
23.5504210909801,25.1090844257145,26.562500518815),.UNSPECIFIED.);
#5490=DIRECTION('',(1.,1.94345107485516E-16,9.04555523367188E-12));
#5500=VECTOR('',#5490,1.);
#5510=SURFACE_OF_LINEAR_EXTRUSION('',#5480,#5500);
#5520=CARTESIAN_POINT('',(17.7944859098225,18.4660268570667,
-13.6647495709064));
#5530=CARTESIAN_POINT('',(17.7944859098225,17.976407351028,
-13.6647495709122));
#5540=CARTESIAN_POINT('',(17.7944859098195,16.9617131773412,
-13.3318266813088));
#5550=CARTESIAN_POINT('',(17.7944859098081,15.9304167027269,
-12.0737164602099));
#5560=CARTESIAN_POINT('',(17.7944859097932,15.5676629410689,
-10.4347499161778));
#5570=CARTESIAN_POINT('',(17.7944859097784,15.9304167026884,
-8.79578337213723));
#5580=CARTESIAN_POINT('',(17.794485909767,16.9617131772731,
-7.53767315101407));
#5590=CARTESIAN_POINT('',(17.794485909764,17.9764073509521,
-7.20475026138685));
#5600=CARTESIAN_POINT('',(17.794485909764,18.4660268569908,
-7.20475026138109));
#5610=B_SPLINE_CURVE_WITH_KNOTS('',3,(#5520,#5530,#5540,#5550,#5560,
#5570,#5580,#5590,#5600),.UNSPECIFIED.,.F.,.F.,(4,1,1,1,1,1,4),(
17.2238616481765,18.6772777412771,20.2359410760114,21.8931810834958,
23.5504210909801,25.1090844257145,26.562500518815),.UNSPECIFIED.);
#5620=CARTESIAN_POINT('',(17.794485909764,18.4660268569908,
-7.20475026138109));
#5630=VERTEX_POINT('',#5620);
#5640=EDGE_CURVE('',#2360,#5630,#5610,.T.);
#5650=ORIENTED_EDGE('',*,*,#5640,.T.);
#5660=ORIENTED_EDGE('',*,*,#2520,.F.);
#5670=CARTESIAN_POINT('',(23.794485909779,18.4660268570667,
-13.6647495708522));
#5680=CARTESIAN_POINT('',(23.794485909779,17.976407351028,
-13.6647495708579));
#5690=CARTESIAN_POINT('',(23.794485909776,16.9617131773412,
-13.3318266812546));
#5700=CARTESIAN_POINT('',(23.7944859097646,15.9304167027269,
-12.0737164601556));
#5710=CARTESIAN_POINT('',(23.7944859097498,15.5676629410689,
-10.4347499161236));
#5720=CARTESIAN_POINT('',(23.7944859097349,15.9304167026884,
-8.79578337208295));
#5730=CARTESIAN_POINT('',(23.7944859097236,16.9617131772731,
-7.53767315095979));
#5740=CARTESIAN_POINT('',(23.7944859097206,17.9764073509521,
-7.20475026133257));
#5750=CARTESIAN_POINT('',(23.7944859097206,18.4660268569908,
-7.20475026132682));
#5760=B_SPLINE_CURVE_WITH_KNOTS('',3,(#5670,#5680,#5690,#5700,#5710,
#5720,#5730,#5740,#5750),.UNSPECIFIED.,.F.,.F.,(4,1,1,1,1,1,4),(
17.2238616481765,18.6772777412771,20.2359410760114,21.8931810834958,
23.5504210909801,25.1090844257145,26.562500518815),.UNSPECIFIED.);
#5770=CARTESIAN_POINT('',(23.7944859097205,18.4660268569908,
-7.20475026132681));
#5780=VERTEX_POINT('',#5770);
#5790=EDGE_CURVE('',#2450,#5780,#5760,.T.);
#5800=ORIENTED_EDGE('',*,*,#5790,.F.);
#5810=CARTESIAN_POINT('',(17.794485909764,18.4660268569908,
-7.20475026138109));
#5820=DIRECTION('',(1.,1.94345107485516E-16,9.04555523367188E-12));
#5830=VECTOR('',#5820,1.);
#5840=LINE('',#5810,#5830);
#5850=EDGE_CURVE('',#5630,#5780,#5840,.T.);
#5860=ORIENTED_EDGE('',*,*,#5850,.T.);
#5870=EDGE_LOOP('',(#5860,#5800,#5660,#5650));
#5880=FACE_OUTER_BOUND('',#5870,.T.);
#5890=ADVANCED_FACE('',(#5880),#5510,.T.);
#5900=CARTESIAN_POINT('',(23.2444859098493,23.8830139543717,
-35.4470191961081));
#5910=DIRECTION('',(-0.866025403784438,-0.500000000000001,
-3.72683711503356E-12));
#5920=DIRECTION('',(-0.500000000000001,0.866025403784438,
3.73034936274053E-14));
#5930=AXIS2_PLACEMENT_3D('',#5900,#5910,#5920);
#5940=PLANE('',#5930);
#5950=ORIENTED_EDGE('',*,*,#1220,.T.);
#5960=CARTESIAN_POINT('',(23.7944859096554,22.9303860102804,0.));
#5970=DIRECTION('',(9.04552778569693E-12,-8.21363947603596E-12,-1.));
#5980=VECTOR('',#5970,1.);
#5990=LINE('',#5960,#5980);
#6000=EDGE_CURVE('',#3790,#1040,#5990,.T.);
#6010=ORIENTED_EDGE('',*,*,#6000,.T.);
#6020=ORIENTED_EDGE('',*,*,#3800,.F.);
#6030=CARTESIAN_POINT('',(22.9944859096746,24.3160266563022,0.));
#6040=DIRECTION('',(9.04552778569693E-12,-8.21363947603596E-12,-1.));
#6050=VECTOR('',#6040,1.);
#6060=LINE('',#6030,#6050);
#6070=EDGE_CURVE('',#3710,#1350,#6060,.T.);
#6080=ORIENTED_EDGE('',*,*,#6070,.F.);
#6090=ORIENTED_EDGE('',*,*,#1360,.T.);
#6100=EDGE_LOOP('',(#6090,#6080,#6020,#6010,#5950));
#6110=FACE_OUTER_BOUND('',#6100,.T.);
#6120=ADVANCED_FACE('',(#6110),#5940,.F.);
#6130=CARTESIAN_POINT('',(22.4581972015431,33.7174834338519,
-12.5347502544166));
#6140=DIRECTION('',(0.965925826289069,0.25881904510252,
5.00646582722958E-11));
#6150=DIRECTION('',(-0.25881904510252,0.965925826289069,
-3.35252581192149E-11));
#6160=AXIS2_PLACEMENT_3D('',#6130,#6140,#6150);
#6170=PLANE('',#6160);
#6180=CARTESIAN_POINT('',(31.4927696584414,0.,-8.23474993852501));
#6190=DIRECTION('',(0.25881904510252,-0.965925826289069,
5.0341814050725E-12));
#6200=VECTOR('',#6190,1.);
#6210=LINE('',#6180,#6200);
#6220=CARTESIAN_POINT('',(22.4329342232057,33.8117661525127,
-8.23474993870123));
#6230=VERTEX_POINT('',#6220);
#6240=CARTESIAN_POINT('',(22.4581972013027,33.7174834339174,
-8.23474993870074));
#6250=VERTEX_POINT('',#6240);
#6260=EDGE_CURVE('',#6230,#6250,#6210,.T.);
#6270=ORIENTED_EDGE('',*,*,#6260,.T.);
#6280=CARTESIAN_POINT('',(22.4329342231942,33.8117661525052,0.));
#6290=DIRECTION('',(1.39573853224362E-12,9.11195463163649E-13,-1.));
#6300=VECTOR('',#6290,1.);
#6310=LINE('',#6280,#6300);
#6320=CARTESIAN_POINT('',(22.4329342232115,33.8117661525165,
-12.43475023345));
#6330=VERTEX_POINT('',#6320);
#6340=EDGE_CURVE('',#6230,#6330,#6310,.T.);
#6350=ORIENTED_EDGE('',*,*,#6340,.F.);
#6360=CARTESIAN_POINT('',(22.4329342225023,33.8117661527581,0.));
#6370=DIRECTION('',(5.70357217027779E-11,-1.94252256029374E-11,-1.));
#6380=VECTOR('',#6370,1.);
#6390=LINE('',#6360,#6380);
#6400=CARTESIAN_POINT('',(22.4329342232229,33.8117661525126,
-12.6347502544199));
#6410=VERTEX_POINT('',#6400);
#6420=EDGE_CURVE('',#6330,#6410,#6390,.T.);
#6430=ORIENTED_EDGE('',*,*,#6420,.F.);
#6440=CARTESIAN_POINT('',(31.4927696584597,-3.89377419196535E-12,
-12.6347502532464));
#6450=DIRECTION('',(-0.25881904510252,0.965925826289069,
-3.35252581192149E-11));
#6460=VECTOR('',#6450,1.);
#6470=LINE('',#6440,#6460);
#6480=CARTESIAN_POINT('',(22.4581972015486,33.7174834338508,
-12.6347502544166));
#6490=VERTEX_POINT('',#6480);
#6500=EDGE_CURVE('',#6490,#6410,#6470,.T.);
#6510=ORIENTED_EDGE('',*,*,#6500,.T.);
#6520=CARTESIAN_POINT('',(22.4581972008424,33.7174834340422,0.));
#6530=DIRECTION('',(5.58885397152337E-11,-1.51438841398947E-11,-1.));
#6540=VECTOR('',#6530,1.);
#6550=LINE('',#6520,#6540);
#6560=EDGE_CURVE('',#6250,#6490,#6550,.T.);
#6570=ORIENTED_EDGE('',*,*,#6560,.T.);
#6580=EDGE_LOOP('',(#6570,#6510,#6430,#6350,#6270));
#6590=FACE_OUTER_BOUND('',#6580,.T.);
#6600=ADVANCED_FACE('',(#6590),#6170,.T.);
#6610=CARTESIAN_POINT('',(18.4944862245599,7.21602665620416,
-10.6347499588937));
#6620=DIRECTION('',(-2.93640517106123E-15,-1.,-1.36662616719749E-11));
#6630=DIRECTION('',(-1.,2.9364070629967E-15,-1.38438404642903E-10));
#6640=AXIS2_PLACEMENT_3D('',#6610,#6620,#6630);
#6650=PLANE('',#6640);
#6660=CARTESIAN_POINT('',(18.4944862245074,7.21602665619937,
-10.2847499588868));
#6670=DIRECTION('',(1.,-2.9364070629967E-15,1.38438404642903E-10));
#6680=VECTOR('',#6670,1.);
#6690=LINE('',#6660,#6680);
#6700=CARTESIAN_POINT('',(18.1944862245004,7.21602665619937,
-10.2847499589283));
#6710=VERTEX_POINT('',#6700);
#6720=CARTESIAN_POINT('',(18.7944862245144,7.21602665619937,
-10.2847499588453));
#6730=VERTEX_POINT('',#6720);
#6740=EDGE_CURVE('',#6710,#6730,#6690,.T.);
#6750=ORIENTED_EDGE('',*,*,#6740,.F.);
#6760=CARTESIAN_POINT('',(18.7944862245628,7.21602665620416,
-10.6347499588434));
#6770=DIRECTION('',(1.38438404642903E-10,1.36662616719745E-11,-1.));
#6780=VECTOR('',#6770,1.);
#6790=LINE('',#6760,#6780);
#6800=CARTESIAN_POINT('',(18.7944862246113,7.21602665620893,
-10.9847499588416));
#6810=VERTEX_POINT('',#6800);
#6820=EDGE_CURVE('',#6730,#6810,#6790,.T.);
#6830=ORIENTED_EDGE('',*,*,#6820,.F.);
#6840=CARTESIAN_POINT('',(18.4944862246043,7.21602665620893,
-10.9847499588831));
#6850=DIRECTION('',(-1.,2.9364070629967E-15,-1.38438404642903E-10));
#6860=VECTOR('',#6850,1.);
#6870=LINE('',#6840,#6860);
#6880=CARTESIAN_POINT('',(18.1944862245973,7.21602665620893,
-10.9847499589246));
#6890=VERTEX_POINT('',#6880);
#6900=EDGE_CURVE('',#6810,#6890,#6870,.T.);
#6910=ORIENTED_EDGE('',*,*,#6900,.F.);
#6920=CARTESIAN_POINT('',(18.1944862245489,7.21602665620416,
-10.6347499589265));
#6930=DIRECTION('',(-1.38438404642903E-10,-1.36662616719745E-11,1.));
#6940=VECTOR('',#6930,1.);
#6950=LINE('',#6920,#6940);
#6960=EDGE_CURVE('',#6890,#6710,#6950,.T.);
#6970=ORIENTED_EDGE('',*,*,#6960,.F.);
#6980=EDGE_LOOP('',(#6970,#6910,#6830,#6750));
#6990=FACE_OUTER_BOUND('',#6980,.T.);
#7000=ADVANCED_FACE('',(#6990),#6650,.T.);
#7010=COLOUR_RGB('',0.94901967048645,0.94901967048645,1.);
#7020=FILL_AREA_STYLE_COLOUR('',#7010);
#7030=FILL_AREA_STYLE('',(#7020));
#7040=SURFACE_STYLE_FILL_AREA(#7030);
#7050=SURFACE_SIDE_STYLE('',(#7040));
#7060=SURFACE_STYLE_USAGE(.BOTH.,#7050);
#7070=PRESENTATION_STYLE_ASSIGNMENT((#7060));
#7080=CARTESIAN_POINT('',(25.0444859098927,33.2614509191224,
-13.7347499166746));
#7090=DIRECTION('',(2.14618160360293E-12,-5.11928974526717E-12,-1.));
#7100=DIRECTION('',(-1.,1.04067865436264E-11,-2.14618160365621E-12));
#7110=AXIS2_PLACEMENT_3D('',#7080,#7090,#7100);
#7120=CYLINDRICAL_SURFACE('',#7110,0.25);
#7130=CARTESIAN_POINT('',(25.0444859098927,33.2614509191224,
-13.7347499166332));
#7140=DIRECTION('',(2.14618160360293E-12,-5.11928974526717E-12,-1.));
#7150=DIRECTION('',(-1.,1.04067865436264E-11,-2.14618160365621E-12));
#7160=AXIS2_PLACEMENT_3D('',#7130,#7140,#7150);
#7170=CIRCLE('',#7160,0.25);
#7180=CARTESIAN_POINT('',(24.7982839798948,33.3048630103564,
-13.7347499166339));
#7190=VERTEX_POINT('',#7180);
#7200=CARTESIAN_POINT('',(25.2944859098927,33.2614509191198,
-13.7347499166326));
#7210=VERTEX_POINT('',#7200);
#7220=EDGE_CURVE('',#7190,#7210,#7170,.T.);
#7230=ORIENTED_EDGE('',*,*,#7220,.F.);
#7240=CARTESIAN_POINT('',(25.2944859098927,33.2614509191198,
-13.7347499166741));
#7250=DIRECTION('',(2.14618160360293E-12,-5.11928974526717E-12,-1.));
#7260=VECTOR('',#7250,1.);
#7270=LINE('',#7240,#7260);
#7280=CARTESIAN_POINT('',(25.2944859098785,33.2614509191536,
-7.13474995959539));
#7290=VERTEX_POINT('',#7280);
#7300=EDGE_CURVE('',#7290,#7210,#7270,.T.);
#7310=ORIENTED_EDGE('',*,*,#7300,.T.);
#7320=CARTESIAN_POINT('',(25.0444859098785,33.2614509191562,
-7.13474995959592));
#7330=DIRECTION('',(2.14618160360293E-12,-5.11928974526717E-12,-1.));
#7340=DIRECTION('',(-1.,1.04067865436264E-11,-2.14618160365621E-12));
#7350=AXIS2_PLACEMENT_3D('',#7320,#7330,#7340);
#7360=CIRCLE('',#7350,0.25);
#7370=CARTESIAN_POINT('',(24.7982839798809,33.3048630103919,
-7.13474995959668));
#7380=VERTEX_POINT('',#7370);
#7390=EDGE_CURVE('',#7380,#7290,#7360,.T.);
#7400=ORIENTED_EDGE('',*,*,#7390,.T.);
#7410=CARTESIAN_POINT('',(24.7982839798951,33.3048630103581,
-13.7347499166754));
#7420=DIRECTION('',(2.14618160360293E-12,-5.11928974526717E-12,-1.));
#7430=VECTOR('',#7420,1.);
#7440=LINE('',#7410,#7430);
#7450=EDGE_CURVE('',#7380,#7190,#7440,.T.);
#7460=ORIENTED_EDGE('',*,*,#7450,.F.);
#7470=EDGE_LOOP('',(#7460,#7400,#7310,#7230));
#7480=FACE_OUTER_BOUND('',#7470,.T.);
#7490=ADVANCED_FACE('',(#7480),#7120,.T.);
#7500=COLOUR_RGB('',1.,0.709803938865662,0.);
#7510=FILL_AREA_STYLE_COLOUR('',#7500);
#7520=FILL_AREA_STYLE('',(#7510));
#7530=SURFACE_STYLE_FILL_AREA(#7520);
#7540=SURFACE_SIDE_STYLE('',(#7530));
#7550=SURFACE_STYLE_USAGE(.BOTH.,#7540);
#7560=PRESENTATION_STYLE_ASSIGNMENT((#7550));
#7570=CARTESIAN_POINT('',(18.5944857173766,34.0824175228508,
-12.4347502334823));
#7580=DIRECTION('',(0.173648172469936,0.984807753928578,
-9.22596543610473E-12));
#7590=DIRECTION('',(-0.984807753928578,0.173648172469936,
-1.08118562028701E-11));
#7600=AXIS2_PLACEMENT_3D('',#7570,#7580,#7590);
#7610=PLANE('',#7600);
#7620=CARTESIAN_POINT('',(14.1504185541557,34.8660264437424,0.));
#7630=DIRECTION('',(2.25365248201868E-11,5.39449356086328E-12,1.));
#7640=VECTOR('',#7630,1.);
#7650=LINE('',#7620,#7640);
#7660=CARTESIAN_POINT('',(14.1504185538735,34.8660264436749,
-12.5236028781077));
#7670=VERTEX_POINT('',#7660);
#7680=EDGE_CURVE('',#7670,#2070,#7650,.T.);
#7690=ORIENTED_EDGE('',*,*,#7680,.F.);
#7700=ORIENTED_EDGE('',*,*,#2080,.F.);
#7710=CARTESIAN_POINT('',(13.8668547140638,34.916026397961,0.));
#7720=DIRECTION('',(5.20354642841209E-11,1.93034791596792E-13,1.));
#7730=VECTOR('',#7720,1.);
#7740=LINE('',#7710,#7730);
#7750=CARTESIAN_POINT('',(13.8668547134182,34.9160263979586,
-12.4061468895937));
#7760=VERTEX_POINT('',#7750);
#7770=EDGE_CURVE('',#7760,#1990,#7740,.T.);
#7780=ORIENTED_EDGE('',*,*,#7770,.T.);
#7790=CARTESIAN_POINT('',(0.,37.3611269460995,-6.66230759989781));
#7800=DIRECTION('',(-0.911859297086664,0.160785391728128,
0.377704487825399));
#7810=VECTOR('',#7800,1.);
#7820=LINE('',#7790,#7810);
#7830=EDGE_CURVE('',#7670,#7760,#7820,.T.);
#7840=ORIENTED_EDGE('',*,*,#7830,.T.);
#7850=EDGE_LOOP('',(#7840,#7780,#7700,#7690));
#7860=FACE_OUTER_BOUND('',#7850,.T.);
#7870=ADVANCED_FACE('',(#7860),#7610,.T.);
#7880=CARTESIAN_POINT('',(5.54448622459434,9.31602665618753,
-17.5347499609899));
#7890=DIRECTION('',(-0.707106781276353,-1.86289616144384E-11,
0.707106781096742));
#7900=DIRECTION('',(-0.707106781096742,1.86289616157616E-11,
-0.707106781276353));
#7910=AXIS2_PLACEMENT_3D('',#7880,#7890,#7900);
#7920=PLANE('',#7910);
#7930=CARTESIAN_POINT('',(5.69448622459376,18.1910267567239,
-17.3847499607186));
#7940=DIRECTION('',(3.72836792209566E-12,1.,3.00736980944552E-11));
#7950=VECTOR('',#7940,1.);
#7960=LINE('',#7930,#7950);
#7970=CARTESIAN_POINT('',(5.69448622455656,8.21602665613679,
-17.3847499610185));
#7980=VERTEX_POINT('',#7970);
#7990=CARTESIAN_POINT('',(5.69448622456626,10.8160266561896,
-17.3847499609403));
#8000=VERTEX_POINT('',#7990);
#8010=EDGE_CURVE('',#7980,#8000,#7960,.T.);
#8020=ORIENTED_EDGE('',*,*,#8010,.T.);
#8030=CARTESIAN_POINT('',(6.97448622441273,11.4160266561499,
-16.1047499607529));
#8040=DIRECTION('',(0.348155311867179,0.870388279769317,
0.348155311978543));
#8050=VECTOR('',#8040,1.);
#8060=LINE('',#8030,#8050);
#8070=CARTESIAN_POINT('',(5.50093783750309,7.73215568844674,
-17.5782983481339));
#8080=VERTEX_POINT('',#8070);
#8090=EDGE_CURVE('',#8080,#7980,#8060,.T.);
#8100=ORIENTED_EDGE('',*,*,#8090,.T.);
#8110=CARTESIAN_POINT('',(4.11948622477532,11.4160266562251,
-18.9597499611155));
#8120=DIRECTION('',(0.331294578182464,-0.8834522086075,0.331294578243341
));
#8130=VECTOR('',#8120,1.);
#8140=LINE('',#8110,#8130);
#8150=EDGE_CURVE('',#5130,#8080,#8140,.T.);
#8160=ORIENTED_EDGE('',*,*,#8150,.T.);
#8170=ORIENTED_EDGE('',*,*,#5140,.T.);
#8180=CARTESIAN_POINT('',(23.0792361810907,10.8160266563802,0.));
#8190=DIRECTION('',(-0.707106781096742,-7.75216002502077E-12,
-0.707106781276353));
#8200=VECTOR('',#8190,1.);
#8210=LINE('',#8180,#8200);
#8220=EDGE_CURVE('',#8000,#5110,#8210,.T.);
#8230=ORIENTED_EDGE('',*,*,#8220,.T.);
#8240=EDGE_LOOP('',(#8230,#8170,#8160,#8100,#8020));
#8250=FACE_OUTER_BOUND('',#8240,.T.);
#8260=ADVANCED_FACE('',(#8250),#7920,.T.);
#8270=COLOUR_RGB('',0.94901967048645,0.94901967048645,1.);
#8280=FILL_AREA_STYLE_COLOUR('',#8270);
#8290=FILL_AREA_STYLE('',(#8280));
#8300=SURFACE_STYLE_FILL_AREA(#8290);
#8310=SURFACE_SIDE_STYLE('',(#8300));
#8320=SURFACE_STYLE_USAGE(.BOTH.,#8310);
#8330=PRESENTATION_STYLE_ASSIGNMENT((#8320));
#8340=CARTESIAN_POINT('',(21.9944859099076,16.7660268569221,
-14.7797495331851));
#8350=DIRECTION('',(1.11022307159033E-16,-1.,-1.43490456506508E-12));
#8360=DIRECTION('',(1.,1.11022306869664E-16,2.01664496198233E-13));
#8370=AXIS2_PLACEMENT_3D('',#8340,#8350,#8360);
#8380=PLANE('',#8370);
#8390=CARTESIAN_POINT('',(21.1944859098903,16.766026856922,
-14.7072954083185));
#8400=DIRECTION('',(-1.,-3.60878563434073E-16,-3.20873895090958E-12));
#8410=VECTOR('',#8400,1.);
#8420=LINE('',#8390,#8410);
#8430=CARTESIAN_POINT('',(23.7944859098404,16.766026856922,
-14.7072954083101));
#8440=VERTEX_POINT('',#8430);
#8450=CARTESIAN_POINT('',(21.9944859099117,16.766026856922,
-14.7072954083159));
#8460=VERTEX_POINT('',#8450);
#8470=EDGE_CURVE('',#8440,#8460,#8420,.T.);
#8480=ORIENTED_EDGE('',*,*,#8470,.F.);
#8490=CARTESIAN_POINT('',(21.9944859097073,16.7660268569257,0.));
#8500=DIRECTION('',(1.10175052721731E-11,1.43490456506508E-12,-1.));
#8510=VECTOR('',#8500,1.);
#8520=LINE('',#8490,#8510);
#8530=CARTESIAN_POINT('',(21.9944859098205,16.7660268569456,
-13.8622043863816));
#8540=VERTEX_POINT('',#8530);
#8550=EDGE_CURVE('',#8540,#8460,#8520,.T.);
#8560=ORIENTED_EDGE('',*,*,#8550,.T.);
#8570=CARTESIAN_POINT('',(21.1944859097992,16.7660268569456,
-13.8622043863842));
#8580=DIRECTION('',(-1.,-3.60878563434073E-16,-3.20873895090958E-12));
#8590=VECTOR('',#8580,1.);
#8600=LINE('',#8570,#8590);
#8610=CARTESIAN_POINT('',(23.7944859097493,16.7660268569456,
-13.8622043863759));
#8620=VERTEX_POINT('',#8610);
#8630=EDGE_CURVE('',#8620,#8540,#8600,.T.);
#8640=ORIENTED_EDGE('',*,*,#8630,.T.);
#8650=CARTESIAN_POINT('',(23.7944859096554,16.7660268569257,0.));
#8660=DIRECTION('',(9.04552778569693E-12,1.43490456506508E-12,-1.));
#8670=VECTOR('',#8660,1.);
#8680=LINE('',#8650,#8670);
#8690=CARTESIAN_POINT('',(23.794485909781,16.7660268569209,
-13.8847499376634));
#8700=VERTEX_POINT('',#8690);
#8710=EDGE_CURVE('',#8620,#8700,#8680,.T.);
#8720=ORIENTED_EDGE('',*,*,#8710,.F.);
#8730=CARTESIAN_POINT('',(23.7944859095545,16.7660268569257,0.));
#8740=DIRECTION('',(-3.20873895090958E-12,-1.43490456506508E-12,1.));
#8750=VECTOR('',#8740,1.);
#8760=LINE('',#8730,#8750);
#8770=CARTESIAN_POINT('',(23.7944859096001,16.766026856946,
-14.1847495705839));
#8780=VERTEX_POINT('',#8770);
#8790=EDGE_CURVE('',#8780,#8700,#8760,.T.);
#8800=ORIENTED_EDGE('',*,*,#8790,.T.);
#8810=CARTESIAN_POINT('',(23.7944859097685,16.766026856912,
-7.69999996216308));
#8820=DIRECTION('',(9.04552778569693E-12,1.43490456506508E-12,-1.));
#8830=VECTOR('',#8820,1.);
#8840=LINE('',#8810,#8830);
#8850=EDGE_CURVE('',#8780,#8440,#8840,.T.);
#8860=ORIENTED_EDGE('',*,*,#8850,.F.);
#8870=EDGE_LOOP('',(#8860,#8800,#8720,#8640,#8560,#8480));
#8880=FACE_OUTER_BOUND('',#8870,.T.);
#8890=ADVANCED_FACE('',(#8880),#8380,.T.);
#8900=COLOUR_RGB('',0.501960813999176,1.,0.501960813999176);
#8910=FILL_AREA_STYLE_COLOUR('',#8900);
#8920=FILL_AREA_STYLE('',(#8910));
#8930=SURFACE_STYLE_FILL_AREA(#8920);
#8940=SURFACE_SIDE_STYLE('',(#8930));
#8950=SURFACE_STYLE_USAGE(.BOTH.,#8940);
#8960=PRESENTATION_STYLE_ASSIGNMENT((#8950));
#8970=CARTESIAN_POINT('',(13.2645706938393,34.8660264435788,
-35.2347499003385));
#8980=DIRECTION('',(-5.63438184790947E-14,1.,-5.39449356086201E-12));
#8990=DIRECTION('',(-1.,-5.63438184997267E-14,-3.82463897909652E-12));
#9000=AXIS2_PLACEMENT_3D('',#8970,#8980,#8990);
#9010=PLANE('',#9000);
#9020=CARTESIAN_POINT('',(16.1444853743065,34.8660264435903,
-33.1347499003106));
#9030=DIRECTION('',(-5.55111512312578E-17,1.,-5.39443232852189E-12));
#9040=DIRECTION('',(1.33183008702767E-12,-5.39443232852189E-12,-1.));
#9050=AXIS2_PLACEMENT_3D('',#9020,#9030,#9040);
#9060=CIRCLE('',#9050,1.25);
#9070=CARTESIAN_POINT('',(15.9444859100273,34.8660264435836,
-34.3686462550698));
#9080=VERTEX_POINT('',#9070);
#9090=CARTESIAN_POINT('',(15.9444859100258,34.866026443597,
-31.9008535455516));
#9100=VERTEX_POINT('',#9090);
#9110=EDGE_CURVE('',#9080,#9100,#9060,.T.);
#9120=ORIENTED_EDGE('',*,*,#9110,.F.);
#9130=CARTESIAN_POINT('',(15.9444859100203,34.8660264436466,
-22.6999999621631));
#9140=DIRECTION('',(5.96996465782365E-13,-5.39449356086198E-12,-1.));
#9150=VECTOR('',#9140,1.);
#9160=LINE('',#9130,#9150);
#9170=CARTESIAN_POINT('',(15.9444859100249,34.8660264436056,
-30.3027699296921));
#9180=VERTEX_POINT('',#9170);
#9190=EDGE_CURVE('',#9180,#9100,#9160,.T.);
#9200=ORIENTED_EDGE('',*,*,#9190,.T.);
#9210=CARTESIAN_POINT('',(1.45952139263272E-10,34.8660264435691,
-36.9071922387022));
#9220=DIRECTION('',(0.923879532509823,2.11641815184294E-12,
0.382683432368623));
#9230=VECTOR('',#9220,1.);
#9240=LINE('',#9210,#9230);
#9250=CARTESIAN_POINT('',(15.8780497507594,34.8660264436054,
-30.3302886878922));
#9260=VERTEX_POINT('',#9250);
#9270=EDGE_CURVE('',#9260,#9180,#9240,.T.);
#9280=ORIENTED_EDGE('',*,*,#9270,.T.);
#9290=CARTESIAN_POINT('',(14.1504185541136,34.8660264436015,
-31.0458969603295));
#9300=VERTEX_POINT('',#9290);
#9310=EDGE_CURVE('',#9300,#9260,#9240,.T.);
#9320=ORIENTED_EDGE('',*,*,#9310,.T.);
#9330=CARTESIAN_POINT('',(14.1504185543017,34.8660264436465,
-22.6999999621631));
#9340=DIRECTION('',(2.25365248201868E-11,5.39449356086328E-12,1.));
#9350=VECTOR('',#9340,1.);
#9360=LINE('',#9330,#9350);
#9370=CARTESIAN_POINT('',(14.1504185540194,34.8660264435789,
-35.2236028402707));
#9380=VERTEX_POINT('',#9370);
#9390=EDGE_CURVE('',#9380,#9300,#9360,.T.);
#9400=ORIENTED_EDGE('',*,*,#9390,.T.);
#9410=CARTESIAN_POINT('',(1.45952139263272E-10,34.8660264436098,
-29.3623075620488));
#9420=DIRECTION('',(0.923879532512402,-2.01230698770871E-12,
-0.382683432362398));
#9430=VECTOR('',#9420,1.);
#9440=LINE('',#9410,#9430);
#9450=CARTESIAN_POINT('',(15.8780497507628,34.8660264435752,
-35.9392111127348));
#9460=VERTEX_POINT('',#9450);
#9470=EDGE_CURVE('',#9380,#9460,#9440,.T.);
#9480=ORIENTED_EDGE('',*,*,#9470,.F.);
#9490=CARTESIAN_POINT('',(1.45952139263272E-10,34.8660264436098,
-29.3623075620488));
#9500=DIRECTION('',(0.923879532512402,-2.01230698770871E-12,
-0.382683432362398));
#9510=VECTOR('',#9500,1.);
#9520=LINE('',#9490,#9510);
#9530=CARTESIAN_POINT('',(15.9444859100283,34.866026443575,
-35.9667298709343));
#9540=VERTEX_POINT('',#9530);
#9550=EDGE_CURVE('',#9460,#9540,#9520,.T.);
#9560=ORIENTED_EDGE('',*,*,#9550,.F.);
#9570=EDGE_CURVE('',#9080,#9540,#9160,.T.);
#9580=ORIENTED_EDGE('',*,*,#9570,.T.);
#9590=EDGE_LOOP('',(#9580,#9560,#9480,#9400,#9320,#9280,#9200,#9120));
#9600=FACE_OUTER_BOUND('',#9590,.T.);
#9610=ADVANCED_FACE('',(#9600),#9010,.T.);
#9620=COLOUR_RGB('',1.,0.709803938865662,0.);
#9630=FILL_AREA_STYLE_COLOUR('',#9620);
#9640=FILL_AREA_STYLE('',(#9630));
#9650=SURFACE_STYLE_FILL_AREA(#9640);
#9660=SURFACE_SIDE_STYLE('',(#9650));
#9670=SURFACE_STYLE_USAGE(.BOTH.,#9660);
#9680=PRESENTATION_STYLE_ASSIGNMENT((#9670));
#9690=CARTESIAN_POINT('',(22.7132492201377,32.7656163418522,
-10.4347499169024));
#9700=DIRECTION('',(0.965925826289069,0.25881904510252,
1.58401463471868E-12));
#9710=DIRECTION('',(-0.25881904510252,0.965925826289069,
-6.48591721427982E-12));
#9720=AXIS2_PLACEMENT_3D('',#9690,#9700,#9710);
#9730=PLANE('',#9720);
#9740=ORIENTED_EDGE('',*,*,#4880,.T.);
#9750=CARTESIAN_POINT('',(31.4927696584396,0.,-7.13474995941181));
#9760=DIRECTION('',(-0.25881904510252,0.965925826289069,
-5.50032241974918E-12));
#9770=VECTOR('',#9760,1.);
#9780=LINE('',#9750,#9770);
#9790=CARTESIAN_POINT('',(22.9944859097392,31.7160267272869,
-7.13474995959241));
#9800=VERTEX_POINT('',#9790);
#9810=EDGE_CURVE('',#9800,#4810,#9780,.T.);
#9820=ORIENTED_EDGE('',*,*,#9810,.T.);
#9830=CARTESIAN_POINT('',(22.9944859096746,31.7160267274841,0.));
#9840=DIRECTION('',(9.04552778569693E-12,-2.76382066979186E-11,-1.));
#9850=VECTOR('',#9840,1.);
#9860=LINE('',#9830,#9850);
#9870=EDGE_CURVE('',#3610,#9800,#9860,.T.);
#9880=ORIENTED_EDGE('',*,*,#9870,.T.);
#9890=ORIENTED_EDGE('',*,*,#3640,.F.);
#9900=EDGE_LOOP('',(#9890,#9880,#9820,#9740));
#9910=FACE_OUTER_BOUND('',#9900,.T.);
#9920=ADVANCED_FACE('',(#9910),#9730,.T.);
#9930=COLOUR_RGB('',0.501960813999176,1.,0.501960813999176);
#9940=FILL_AREA_STYLE_COLOUR('',#9930);
#9950=FILL_AREA_STYLE('',(#9940));
#9960=SURFACE_STYLE_FILL_AREA(#9950);
#9970=SURFACE_SIDE_STYLE('',(#9960));
#9980=SURFACE_STYLE_USAGE(.BOTH.,#9970);
#9990=PRESENTATION_STYLE_ASSIGNMENT((#9980));
#10000=CARTESIAN_POINT('',(18.5944857173834,34.4885881672635,
-8.43474960035699));
#10010=DIRECTION('',(0.173648172469936,0.984807753928578,
1.13971980283808E-12));
#10020=DIRECTION('',(0.984807753928578,-0.173648172469936,
-4.32546460268904E-12));
#10030=AXIS2_PLACEMENT_3D('',#10000,#10010,#10020);
#10040=PLANE('',#10030);
#10050=CARTESIAN_POINT('',(18.5944857173728,34.4885881672691,
-12.534750254652));
#10060=DIRECTION('',(5.70357217027779E-11,-1.94252256029374E-11,-1.));
#10070=VECTOR('',#10060,1.);
#10080=LINE('',#10050,#10070);
#10090=CARTESIAN_POINT('',(18.5944857173671,34.488588167271,
-12.4347502336821));
#10100=VERTEX_POINT('',#10090);
#10110=CARTESIAN_POINT('',(18.5944857173785,34.4885881672672,
-12.634750254652));
#10120=VERTEX_POINT('',#10110);
#10130=EDGE_CURVE('',#10100,#10120,#10080,.T.);
#10140=ORIENTED_EDGE('',*,*,#10130,.F.);
#10150=CARTESIAN_POINT('',(1.14042109089496E-11,37.7672975904601,
-12.6347502557762));
#10160=DIRECTION('',(0.984807753928578,-0.173648172469936,
5.95423759095745E-11));
#10170=VECTOR('',#10160,1.);
#10180=LINE('',#10150,#10170);
#10190=EDGE_CURVE('',#10120,#6410,#10180,.T.);
#10200=ORIENTED_EDGE('',*,*,#10190,.F.);
#10210=ORIENTED_EDGE('',*,*,#6420,.T.);
#10220=ORIENTED_EDGE('',*,*,#6340,.T.);
#10230=CARTESIAN_POINT('',(0.,37.7672975904592,-8.23474993783748));
#10240=DIRECTION('',(-0.984807753928578,0.173648172469936,
3.79186404497744E-11));
#10250=VECTOR('',#10240,1.);
#10260=LINE('',#10230,#10250);
#10270=CARTESIAN_POINT('',(18.5944857173842,34.4885881672632,
-8.23474993855343));
#10280=VERTEX_POINT('',#10270);
#10290=EDGE_CURVE('',#6230,#10280,#10260,.T.);
#10300=ORIENTED_EDGE('',*,*,#10290,.F.);
#10310=CARTESIAN_POINT('',(18.5944857174176,34.4885881672477,0.));
#10320=DIRECTION('',(-4.06183618909189E-12,1.87351310607161E-12,-1.));
#10330=VECTOR('',#10320,1.);
#10340=LINE('',#10310,#10330);
#10350=EDGE_CURVE('',#10280,#10100,#10340,.T.);
#10360=ORIENTED_EDGE('',*,*,#10350,.F.);
#10370=EDGE_LOOP('',(#10360,#10300,#10220,#10210,#10200,#10140));
#10380=FACE_OUTER_BOUND('',#10370,.T.);
#10390=ADVANCED_FACE('',(#10380),#10040,.T.);
#10400=CARTESIAN_POINT('',(18.5944857175293,34.4885881671676,
-31.1347495625201));
#10410=DIRECTION('',(0.173648172469936,0.984807753928578,
1.13971980283808E-12));
#10420=DIRECTION('',(0.984807753928578,-0.173648172469936,
-4.32546460268904E-12));
#10430=AXIS2_PLACEMENT_3D('',#10400,#10410,#10420);
#10440=PLANE('',#10430);
#10450=CARTESIAN_POINT('',(18.5944857175188,34.4885881671732,
-35.2347502168151));
#10460=DIRECTION('',(5.70357217027779E-11,-1.94252256029374E-11,-1.));
#10470=VECTOR('',#10460,1.);
#10480=LINE('',#10450,#10470);
#10490=CARTESIAN_POINT('',(18.5944857175131,34.4885881671751,
-35.1347501958452));
#10500=VERTEX_POINT('',#10490);
#10510=CARTESIAN_POINT('',(18.5944857175245,34.4885881671712,
-35.3347502168151));
#10520=VERTEX_POINT('',#10510);
#10530=EDGE_CURVE('',#10500,#10520,#10480,.T.);
#10540=ORIENTED_EDGE('',*,*,#10530,.F.);
#10550=CARTESIAN_POINT('',(1.57356350172222E-10,37.7672975903642,
-35.3347502179393));
#10560=DIRECTION('',(0.984807753928578,-0.173648172469936,
5.95423759095745E-11));
#10570=VECTOR('',#10560,1.);
#10580=LINE('',#10550,#10570);
#10590=CARTESIAN_POINT('',(22.4329342233689,33.8117661524167,
-35.334750216583));
#10600=VERTEX_POINT('',#10590);
#10610=EDGE_CURVE('',#10520,#10600,#10580,.T.);
#10620=ORIENTED_EDGE('',*,*,#10610,.F.);
#10630=CARTESIAN_POINT('',(22.4329342226483,33.8117661526621,
-22.6999999621631));
#10640=DIRECTION('',(5.70357217027779E-11,-1.94252256029374E-11,-1.));
#10650=VECTOR('',#10640,1.);
#10660=LINE('',#10630,#10650);
#10670=CARTESIAN_POINT('',(22.4329342233575,33.8117661524206,
-35.1347501956131));
#10680=VERTEX_POINT('',#10670);
#10690=EDGE_CURVE('',#10680,#10600,#10660,.T.);
#10700=ORIENTED_EDGE('',*,*,#10690,.T.);
#10710=CARTESIAN_POINT('',(22.4329342233401,33.8117661524092,
-22.6999999621631));
#10720=DIRECTION('',(1.39573853224362E-12,9.11195463163649E-13,-1.));
#10730=VECTOR('',#10720,1.);
#10740=LINE('',#10710,#10730);
#10750=CARTESIAN_POINT('',(22.4329342233516,33.8117661524168,
-30.9347499008643));
#10760=VERTEX_POINT('',#10750);
#10770=EDGE_CURVE('',#10760,#10680,#10740,.T.);
#10780=ORIENTED_EDGE('',*,*,#10770,.T.);
#10790=CARTESIAN_POINT('',(1.45952139263272E-10,37.7672975903632,
-30.9347499000006));
#10800=DIRECTION('',(-0.984807753928578,0.173648172469936,
3.79186404497744E-11));
#10810=VECTOR('',#10800,1.);
#10820=LINE('',#10790,#10810);
#10830=CARTESIAN_POINT('',(18.5944857175302,34.4885881671672,
-30.9347499007165));
#10840=VERTEX_POINT('',#10830);
#10850=EDGE_CURVE('',#10760,#10840,#10820,.T.);
#10860=ORIENTED_EDGE('',*,*,#10850,.F.);
#10870=CARTESIAN_POINT('',(18.5944857175636,34.4885881671518,
-22.6999999621631));
#10880=DIRECTION('',(-4.06183618909189E-12,1.87351310607161E-12,-1.));
#10890=VECTOR('',#10880,1.);
#10900=LINE('',#10870,#10890);
#10910=EDGE_CURVE('',#10840,#10500,#10900,.T.);
#10920=ORIENTED_EDGE('',*,*,#10910,.F.);
#10930=EDGE_LOOP('',(#10920,#10860,#10780,#10700,#10620,#10540));
#10940=FACE_OUTER_BOUND('',#10930,.T.);
#10950=ADVANCED_FACE('',(#10940),#10440,.T.);
#10960=CARTESIAN_POINT('',(20.6029579403846,33.931355013067,
-12.6347502545266));
#10970=DIRECTION('',(5.70357217027779E-11,-1.94252256029374E-11,-1.));
#10980=DIRECTION('',(-0.173648172469936,-0.984807753928578,
9.2259639563934E-12));
#10990=AXIS2_PLACEMENT_3D('',#10960,#10970,#10980);
#11000=PLANE('',#10990);
#11010=ORIENTED_EDGE('',*,*,#10190,.T.);
#11020=CARTESIAN_POINT('',(18.5944857177442,-3.88666876460775E-12,
-12.634750253982));
#11030=DIRECTION('',(1.0449197063167E-11,-1.,1.94252256035333E-11));
#11040=VECTOR('',#11030,1.);
#11050=LINE('',#11020,#11040);
#11060=CARTESIAN_POINT('',(18.5944857173795,34.3987599931596,
-12.6347502546502));
#11070=VERTEX_POINT('',#11060);
#11080=EDGE_CURVE('',#10120,#11070,#11050,.T.);
#11090=ORIENTED_EDGE('',*,*,#11080,.F.);
#11100=CARTESIAN_POINT('',(0.,37.6774694163547,-12.6347502557745));
#11110=DIRECTION('',(-0.984807753928578,0.173648172469936,
-5.95423710336718E-11));
#11120=VECTOR('',#11110,1.);
#11130=LINE('',#11100,#11120);
#11140=EDGE_CURVE('',#6490,#11070,#11130,.T.);
#11150=ORIENTED_EDGE('',*,*,#11140,.T.);
#11160=ORIENTED_EDGE('',*,*,#6500,.F.);
#11170=EDGE_LOOP('',(#11160,#11150,#11090,#11010));
#11180=FACE_OUTER_BOUND('',#11170,.T.);
#11190=ADVANCED_FACE('',(#11180),#11000,.T.);
#11200=CARTESIAN_POINT('',(17.7944859097932,20.1160269107509,
-10.4347499162506));
#11210=DIRECTION('',(1.,1.94345269691354E-16,9.04552778569694E-12));
#11220=DIRECTION('',(9.04552778569695E-12,-1.67677449009172E-11,-1.));
#11230=AXIS2_PLACEMENT_3D('',#11200,#11210,#11220);
#11240=PLANE('',#11230);
#11250=ORIENTED_EDGE('',*,*,#830,.F.);
#11260=ORIENTED_EDGE('',*,*,#2370,.T.);
#11270=ORIENTED_EDGE('',*,*,#5640,.F.);
#11280=CARTESIAN_POINT('',(17.794485909764,-1.62286415461867E-10,
-7.20475026163571));
#11290=DIRECTION('',(1.94345390721998E-16,-1.,-1.3380163813169E-11));
#11300=VECTOR('',#11290,1.);
#11310=LINE('',#11280,#11300);
#11320=EDGE_CURVE('',#800,#5630,#11310,.T.);
#11330=ORIENTED_EDGE('',*,*,#11320,.T.);
#11340=EDGE_LOOP('',(#11330,#11270,#11260,#11250));
#11350=FACE_OUTER_BOUND('',#11340,.T.);
#11360=ADVANCED_FACE('',(#11350),#11240,.T.);
#11370=CARTESIAN_POINT('',(16.8357398905134,34.7088743250864,
-10.4347499381503));
#11380=DIRECTION('',(0.173648172469936,0.984807753928578,
-5.20887174200054E-12));
#11390=DIRECTION('',(5.6377453040902E-13,-5.38863563748507E-12,-1.));
#11400=AXIS2_PLACEMENT_3D('',#11370,#11380,#11390);
#11410=PLANE('',#11400);
#11420=CARTESIAN_POINT('',(0.,37.677469416378,-8.23474993783601));
#11430=DIRECTION('',(0.984807753928578,-0.173648172469936,
-3.79186543275623E-11));
#11440=VECTOR('',#11430,1.);
#11450=LINE('',#11420,#11440);
#11460=CARTESIAN_POINT('',(18.5944857171285,34.3987599932271,
-8.23474993855197));
#11470=VERTEX_POINT('',#11460);
#11480=EDGE_CURVE('',#11470,#6250,#11450,.T.);
#11490=ORIENTED_EDGE('',*,*,#11480,.F.);
#11500=ORIENTED_EDGE('',*,*,#6560,.F.);
#11510=ORIENTED_EDGE('',*,*,#11140,.F.);
#11520=CARTESIAN_POINT('',(18.5944857166589,34.3987599933535,0.));
#11530=DIRECTION('',(-5.70357217027353E-11,1.53461632698319E-11,1.));
#11540=VECTOR('',#11530,1.);
#11550=LINE('',#11520,#11540);
#11560=EDGE_CURVE('',#11070,#11470,#11550,.T.);
#11570=ORIENTED_EDGE('',*,*,#11560,.F.);
#11580=EDGE_LOOP('',(#11570,#11510,#11500,#11490));
#11590=FACE_BOUND('',#11580,.T.);
#11600=CARTESIAN_POINT('',(15.9444859098744,34.8660264437425,0.));
#11610=DIRECTION('',(5.96996465782365E-13,-5.39449356086198E-12,-1.));
#11620=VECTOR('',#11610,1.);
#11630=LINE('',#11600,#11620);
#11640=CARTESIAN_POINT('',(15.9444859098789,34.8660264437015,
-7.60276996752905));
#11650=VERTEX_POINT('',#11640);
#11660=CARTESIAN_POINT('',(15.9444859098647,34.8660264436929,
-9.20085358340758));
#11670=VERTEX_POINT('',#11660);
#11680=EDGE_CURVE('',#11650,#11670,#11630,.T.);
#11690=ORIENTED_EDGE('',*,*,#11680,.F.);
#11700=CARTESIAN_POINT('',(16.1444853742629,34.8307611430766,
-10.4347499381473));
#11710=DIRECTION('',(0.173648172469936,0.984807753928578,
-5.20887174200054E-12));
#11720=DIRECTION('',(-0.984807753928578,0.173648172469936,
-1.52431807381167E-12));
#11730=AXIS2_PLACEMENT_3D('',#11700,#11710,#11720);
#11740=ELLIPSE('',#11730,1.2692832636761,1.25);
#11750=CARTESIAN_POINT('',(16.1444853742612,34.8307611430835,
-9.18474993814729));
#11760=VERTEX_POINT('',#11750);
#11770=EDGE_CURVE('',#11670,#11760,#11740,.T.);
#11780=ORIENTED_EDGE('',*,*,#11770,.F.);
#11790=CARTESIAN_POINT('',(16.1444853742645,34.8307611430697,
-11.6847499381473));
#11800=VERTEX_POINT('',#11790);
#11810=EDGE_CURVE('',#11760,#11800,#11740,.T.);
#11820=ORIENTED_EDGE('',*,*,#11810,.F.);
#11830=CARTESIAN_POINT('',(15.9444859098662,34.8660264436796,
-11.6686462928876));
#11840=VERTEX_POINT('',#11830);
#11850=EDGE_CURVE('',#11800,#11840,#11740,.T.);
#11860=ORIENTED_EDGE('',*,*,#11850,.F.);
#11870=EDGE_CURVE('',#11840,#3240,#11630,.T.);
#11880=ORIENTED_EDGE('',*,*,#11870,.F.);
#11890=ORIENTED_EDGE('',*,*,#3250,.T.);
#11900=CARTESIAN_POINT('',(17.273298527872,34.6317209340467,
-12.7347499166983));
#11910=DIRECTION('',(0.173648172469936,0.984807753928579,
-5.20887174200054E-12));
#11920=DIRECTION('',(-0.984807753928579,0.173648172469936,
6.0130045807542E-14));
#11930=AXIS2_PLACEMENT_3D('',#11900,#11910,#11920);
#11940=ELLIPSE('',#11930,1.01542661094077,1.);
#11950=CARTESIAN_POINT('',(17.2732985278742,34.631720934041,
-13.7347499166983));
#11960=VERTEX_POINT('',#11950);
#11970=EDGE_CURVE('',#11960,#3160,#11940,.T.);
#11980=ORIENTED_EDGE('',*,*,#11970,.T.);
#11990=CARTESIAN_POINT('',(14.2278011935266,35.168724267191,
-13.7347499167519));
#12000=DIRECTION('',(-0.984807753928579,0.173648172469936,
-1.08118562028697E-11));
#12010=VECTOR('',#12000,1.);
#12020=LINE('',#11990,#12010);
#12030=CARTESIAN_POINT('',(23.3482839785459,33.5605371247335,
-13.7347499166518));
#12040=VERTEX_POINT('',#12030);
#12050=EDGE_CURVE('',#12040,#11960,#12020,.T.);
#12060=ORIENTED_EDGE('',*,*,#12050,.T.);
#12070=CARTESIAN_POINT('',(23.3482839785456,33.5605371247318,
-13.73474991668));
#12080=DIRECTION('',(2.14618160360293E-12,-5.11928974526717E-12,-1.));
#12090=VECTOR('',#12080,1.);
#12100=LINE('',#12070,#12090);
#12110=CARTESIAN_POINT('',(23.3482839785317,33.5605371247673,
-7.1347499596011));
#12120=VERTEX_POINT('',#12110);
#12130=EDGE_CURVE('',#12120,#12040,#12100,.T.);
#12140=ORIENTED_EDGE('',*,*,#12130,.T.);
#12150=CARTESIAN_POINT('',(14.2278011935276,35.1687242672257,
-7.1347499596289));
#12160=DIRECTION('',(0.984807753928579,-0.173648172469936,
3.00253159317649E-12));
#12170=VECTOR('',#12160,1.);
#12180=LINE('',#12150,#12170);
#12190=CARTESIAN_POINT('',(17.2732985278001,34.631720934089,
-7.13474995961962));
#12200=VERTEX_POINT('',#12190);
#12210=EDGE_CURVE('',#12200,#12120,#12180,.T.);
#12220=ORIENTED_EDGE('',*,*,#12210,.T.);
#12230=CARTESIAN_POINT('',(17.2732985278022,34.6317209340834,
-8.13474995961962));
#12240=DIRECTION('',(0.173648172469936,0.984807753928579,
-5.20887174200054E-12));
#12250=DIRECTION('',(-0.984807753928579,0.173648172469936,
6.01300458074653E-14));
#12260=AXIS2_PLACEMENT_3D('',#12230,#12240,#12250);
#12270=ELLIPSE('',#12260,1.01542661094077,1.);
#12280=CARTESIAN_POINT('',(16.8906150954336,34.6991983462027,
-7.21087042711014));
#12290=VERTEX_POINT('',#12280);
#12300=EDGE_CURVE('',#12290,#12200,#12270,.T.);
#12310=ORIENTED_EDGE('',*,*,#12300,.T.);
#12320=CARTESIAN_POINT('',(0.,37.6774694163464,-14.2071922765542));
#12330=DIRECTION('',(-0.911859297084429,0.160785391722198,
-0.37770448783332));
#12340=VECTOR('',#12330,1.);
#12350=LINE('',#12320,#12340);
#12360=EDGE_CURVE('',#12290,#11650,#12350,.T.);
#12370=ORIENTED_EDGE('',*,*,#12360,.F.);
#12380=EDGE_LOOP('',(#12370,#12310,#12220,#12140,#12060,#11980,#11890,
#11880,#11860,#11820,#11780,#11690));
#12390=FACE_OUTER_BOUND('',#12380,.T.);
#12400=ADVANCED_FACE('',(#11590,#12390),#11410,.T.);
#12410=COLOUR_RGB('',1.,0.709803938865662,0.);
#12420=FILL_AREA_STYLE_COLOUR('',#12410);
#12430=FILL_AREA_STYLE('',(#12420));
#12440=SURFACE_STYLE_FILL_AREA(#12430);
#12450=SURFACE_SIDE_STYLE('',(#12440));
#12460=SURFACE_STYLE_USAGE(.BOTH.,#12450);
#12470=PRESENTATION_STYLE_ASSIGNMENT((#12460));
#12480=CARTESIAN_POINT('',(23.2444859099624,23.8830139543579,
-43.1470191582712));
#12490=DIRECTION('',(-0.866025403784438,-0.500000000000001,
-3.72683711503356E-12));
#12500=DIRECTION('',(-0.500000000000001,0.866025403784438,
3.73034936274053E-14));
#12510=AXIS2_PLACEMENT_3D('',#12480,#12490,#12500);
#12520=PLANE('',#12510);
#12530=CARTESIAN_POINT('',(24.4667289183804,21.7660269643717,
-14.9047502234472));
#12540=CARTESIAN_POINT('',(24.1840469647684,22.2556464704104,
-14.904750223444));
#12550=CARTESIAN_POINT('',(23.598213010447,23.2703406440966,
-15.2376731130517));
#12560=CARTESIAN_POINT('',(23.0027937132192,24.3016371187114,
-16.4957833341538));
#12570=CARTESIAN_POINT('',(22.7933577312834,24.6643908803696,
-18.1347498781856));
#12580=CARTESIAN_POINT('',(23.0027937132111,24.3016371187499,
-19.7737164222221));
#12590=CARTESIAN_POINT('',(23.5982130104326,23.2703406441647,
-21.0318266433376));
#12600=CARTESIAN_POINT('',(24.1840469647524,22.2556464704863,
-21.3647495329586));
#12610=CARTESIAN_POINT('',(24.4667289183643,21.7660269644476,
-21.3647495329618));
#12620=B_SPLINE_CURVE_WITH_KNOTS('',3,(#12530,#12540,#12550,#12560,
#12570,#12580,#12590,#12600,#12610),.UNSPECIFIED.,.F.,.F.,(4,1,1,1,1,1,4
),(7.88522277752954,9.33863887062992,10.8973022053628,12.5545422128445,
14.2117822203262,15.7704455550591,17.2238616481595),.UNSPECIFIED.);
#12630=CARTESIAN_POINT('',(23.7944859095862,22.9303860102985,
-15.2042018062607));
#12640=VERTEX_POINT('',#12630);
#12650=CARTESIAN_POINT('',(22.9944859098707,24.3160266562131,
-16.8602109729259));
#12660=VERTEX_POINT('',#12650);
#12670=EDGE_CURVE('',#12640,#12660,#12620,.T.);
#12680=ORIENTED_EDGE('',*,*,#12670,.T.);
#12690=CARTESIAN_POINT('',(23.7944859097685,22.9303860102667,
-7.69999996216308));
#12700=DIRECTION('',(9.04552778569693E-12,-8.21363947603596E-12,-1.));
#12710=VECTOR('',#12700,1.);
#12720=LINE('',#12690,#12710);
#12730=CARTESIAN_POINT('',(23.7944859096001,22.9303860102135,
-14.1847495706922));
#12740=VERTEX_POINT('',#12730);
#12750=EDGE_CURVE('',#12740,#12640,#12720,.T.);
#12760=ORIENTED_EDGE('',*,*,#12750,.T.);
#12770=CARTESIAN_POINT('',(23.7944859095545,22.9303860104551,0.));
#12780=DIRECTION('',(-3.20873895090958E-12,-1.89597533886647E-12,1.));
#12790=VECTOR('',#12780,1.);
#12800=LINE('',#12770,#12790);
#12810=CARTESIAN_POINT('',(23.794485909781,22.9303860101664,
-13.8847499376646));
#12820=VERTEX_POINT('',#12810);
#12830=EDGE_CURVE('',#12740,#12820,#12800,.T.);
#12840=ORIENTED_EDGE('',*,*,#12830,.F.);
#12850=CARTESIAN_POINT('',(23.7944859096554,22.9303860102804,0.));
#12860=DIRECTION('',(9.04552778569693E-12,-8.21363947603596E-12,-1.));
#12870=VECTOR('',#12860,1.);
#12880=LINE('',#12850,#12870);
#12890=EDGE_CURVE('',#1630,#12820,#12880,.T.);
#12900=ORIENTED_EDGE('',*,*,#12890,.T.);
#12910=ORIENTED_EDGE('',*,*,#1640,.T.);
#12920=CARTESIAN_POINT('',(22.9944859096746,24.316026656427,0.));
#12930=DIRECTION('',(9.04552778569693E-12,-8.21363947603596E-12,-1.));
#12940=VECTOR('',#12930,1.);
#12950=LINE('',#12920,#12940);
#12960=EDGE_CURVE('',#1490,#12660,#12950,.T.);
#12970=ORIENTED_EDGE('',*,*,#12960,.F.);
#12980=EDGE_LOOP('',(#12970,#12910,#12900,#12840,#12760,#12680));
#12990=FACE_OUTER_BOUND('',#12980,.T.);
#13000=ADVANCED_FACE('',(#12990),#12520,.F.);
#13010=COLOUR_RGB('',0.501960813999176,1.,0.501960813999176);
#13020=FILL_AREA_STYLE_COLOUR('',#13010);
#13030=FILL_AREA_STYLE('',(#13020));
#13040=SURFACE_STYLE_FILL_AREA(#13030);
#13050=SURFACE_SIDE_STYLE('',(#13040));
#13060=SURFACE_STYLE_USAGE(.BOTH.,#13050);
#13070=PRESENTATION_STYLE_ASSIGNMENT((#13060));
#13080=CARTESIAN_POINT('',(13.6576019797755,28.296078064441,
-10.4345464630907));
#13090=DIRECTION('',(0.258819045092524,-0.965925826291747,
5.61919001149628E-12));
#13100=DIRECTION('',(6.50189239466172E-13,-5.64319589044907E-12,-1.));
#13110=AXIS2_PLACEMENT_3D('',#13080,#13090,#13100);
#13120=PLANE('',#13110);
#13130=CARTESIAN_POINT('',(16.1444853742629,28.9624364616367,
-10.4347499381156));
#13140=DIRECTION('',(0.258819045092524,-0.965925826291747,
5.61919001149628E-12));
#13150=DIRECTION('',(0.965925826291747,0.258819045092524,
1.28616603198904E-13));
#13160=AXIS2_PLACEMENT_3D('',#13130,#13140,#13150);
#13170=ELLIPSE('',#13160,1.29409522550902,1.25);
#13180=CARTESIAN_POINT('',(17.3944853742629,29.2973729521617,
-10.4347499381155));
#13190=VERTEX_POINT('',#13180);
#13200=CARTESIAN_POINT('',(16.1444853742612,28.9624364616435,
-9.18474993811564));
#13210=VERTEX_POINT('',#13200);
#13220=EDGE_CURVE('',#13190,#13210,#13170,.T.);
#13230=ORIENTED_EDGE('',*,*,#13220,.F.);
#13240=CARTESIAN_POINT('',(16.1444853742645,28.9624364616299,
-11.6847499381156));
#13250=VERTEX_POINT('',#13240);
#13260=EDGE_CURVE('',#13210,#13250,#13170,.T.);
#13270=ORIENTED_EDGE('',*,*,#13260,.F.);
#13280=EDGE_CURVE('',#13250,#13190,#13170,.T.);
#13290=ORIENTED_EDGE('',*,*,#13280,.F.);
#13300=EDGE_LOOP('',(#13290,#13270,#13230));
#13310=FACE_OUTER_BOUND('',#13300,.T.);
#13320=ADVANCED_FACE('',(#13310),#13120,.F.);
#13330=COLOUR_RGB('',1.,0.709803938865662,0.);
#13340=FILL_AREA_STYLE_COLOUR('',#13330);
#13350=FILL_AREA_STYLE('',(#13340));
#13360=SURFACE_STYLE_FILL_AREA(#13350);
#13370=SURFACE_SIDE_STYLE('',(#13360));
#13380=SURFACE_STYLE_USAGE(.BOTH.,#13370);
#13390=PRESENTATION_STYLE_ASSIGNMENT((#13380));
#13400=CARTESIAN_POINT('',(16.1444853742629,18.7541029140612,
-10.4347499380606));
#13410=DIRECTION('',(-5.55111512312578E-17,1.,-5.39443232852189E-12));
#13420=DIRECTION('',(1.33183008702767E-12,-5.39443232852189E-12,-1.));
#13430=AXIS2_PLACEMENT_3D('',#13400,#13410,#13420);
#13440=CYLINDRICAL_SURFACE('',#13430,1.25);
#13450=CARTESIAN_POINT('',(16.1444853742645,18.7541029140544,
-11.6847499380606));
#13460=DIRECTION('',(-5.55111512312578E-17,1.,-5.39443232852189E-12));
#13470=VECTOR('',#13460,1.);
#13480=LINE('',#13450,#13470);
#13490=EDGE_CURVE('',#13250,#11800,#13480,.T.);
#13500=ORIENTED_EDGE('',*,*,#13490,.F.);
#13510=ORIENTED_EDGE('',*,*,#11810,.T.);
#13520=CARTESIAN_POINT('',(16.1444853742612,18.7541029140679,
-9.18474993806057));
#13530=DIRECTION('',(-5.55111512312578E-17,1.,-5.39443232852189E-12));
#13540=VECTOR('',#13530,1.);
#13550=LINE('',#13520,#13540);
#13560=EDGE_CURVE('',#13210,#11760,#13550,.T.);
#13570=ORIENTED_EDGE('',*,*,#13560,.T.);
#13580=ORIENTED_EDGE('',*,*,#13220,.T.);
#13590=ORIENTED_EDGE('',*,*,#13280,.T.);
#13600=EDGE_LOOP('',(#13590,#13580,#13570,#13510,#13500));
#13610=FACE_OUTER_BOUND('',#13600,.T.);
#13620=ADVANCED_FACE('',(#13610),#13440,.F.);
#13630=COLOUR_RGB('',1.,0.709803938865662,0.);
#13640=FILL_AREA_STYLE_COLOUR('',#13630);
#13650=FILL_AREA_STYLE('',(#13640));
#13660=SURFACE_STYLE_FILL_AREA(#13650);
#13670=SURFACE_SIDE_STYLE('',(#13660));
#13680=SURFACE_STYLE_USAGE(.BOTH.,#13670);
#13690=PRESENTATION_STYLE_ASSIGNMENT((#13680));
#13700=ORIENTED_EDGE('',*,*,#7450,.T.);
#13710=CARTESIAN_POINT('',(14.2278011935276,35.1687242672257,
-7.1347499596289));
#13720=DIRECTION('',(0.984807753928579,-0.173648172469936,
3.00253159317649E-12));
#13730=VECTOR('',#13720,1.);
#13740=LINE('',#13710,#13730);
#13750=CARTESIAN_POINT('',(23.840687855496,33.4737130385323,
-7.1347499595996));
#13760=VERTEX_POINT('',#13750);
#13770=EDGE_CURVE('',#13760,#7380,#13740,.T.);
#13780=ORIENTED_EDGE('',*,*,#13770,.T.);
#13790=CARTESIAN_POINT('',(23.8406878555098,33.4737130384968,
-13.7347499166785));
#13800=DIRECTION('',(2.14618160360293E-12,-5.11928974526717E-12,-1.));
#13810=VECTOR('',#13800,1.);
#13820=LINE('',#13790,#13810);
#13830=CARTESIAN_POINT('',(23.8406878555098,33.4737130384968,
-13.7347499166464));
#13840=VERTEX_POINT('',#13830);
#13850=EDGE_CURVE('',#13760,#13840,#13820,.T.);
#13860=ORIENTED_EDGE('',*,*,#13850,.F.);
#13870=CARTESIAN_POINT('',(14.2278011935266,35.168724267191,
-13.7347499167519));
#13880=DIRECTION('',(0.984807753928579,-0.173648172469936,
1.08118562028697E-11));
#13890=VECTOR('',#13880,1.);
#13900=LINE('',#13870,#13890);
#13910=EDGE_CURVE('',#13840,#7190,#13900,.T.);
#13920=ORIENTED_EDGE('',*,*,#13910,.F.);
#13930=EDGE_LOOP('',(#13920,#13860,#13780,#13700));
#13940=FACE_OUTER_BOUND('',#13930,.T.);
#13950=ADVANCED_FACE('',(#13940),#11410,.T.);
#13960=COLOUR_RGB('',1.,0.709803938865662,0.);
#13970=FILL_AREA_STYLE_COLOUR('',#13960);
#13980=FILL_AREA_STYLE('',(#13970));
#13990=SURFACE_STYLE_FILL_AREA(#13980);
#14000=SURFACE_SIDE_STYLE('',(#13990));
#14010=SURFACE_STYLE_USAGE(.BOTH.,#14000);
#14020=PRESENTATION_STYLE_ASSIGNMENT((#14010));
#14030=CARTESIAN_POINT('',(21.1944859097995,16.5952909133845,
-13.967451348397));
#14040=CARTESIAN_POINT('',(21.1944859097946,15.29487446862,
-12.4399351649016));
#14050=CARTESIAN_POINT('',(21.1944859097882,14.8352764099696,
-10.4347499162659));
#14060=CARTESIAN_POINT('',(21.1944859097817,15.2948744686208,
-8.42956466763041));
#14070=CARTESIAN_POINT('',(21.1944859097768,16.5952909133859,
-6.90204848413546));
#14080=CARTESIAN_POINT('',(21.1944859097749,18.4660268569414,
-6.31166574065747));
#14090=CARTESIAN_POINT('',(21.1944859097768,20.3367628004968,
-6.90204848413618));
#14100=CARTESIAN_POINT('',(21.1944859097817,21.6371792452613,
-8.42956466763163));
#14110=CARTESIAN_POINT('',(21.1944859097882,22.0967773039117,
-10.4347499162673));
#14120=CARTESIAN_POINT('',(21.1944859097946,21.6371792452605,
-12.4399351649028));
#14130=CARTESIAN_POINT('',(21.1944859097995,20.3367628004955,
-13.9674513483978));
#14140=CARTESIAN_POINT('',(21.1944859098014,18.4660268569399,
-14.5578340918758));
#14150=CARTESIAN_POINT('',(21.1944859097995,16.5952909133845,
-13.967451348397));
#14160=CARTESIAN_POINT('',(21.1944859097946,15.29487446862,
-12.4399351649016));
#14170=CARTESIAN_POINT('',(21.1944859097882,14.8352764099696,
-10.4347499162659));
#14180=B_SPLINE_CURVE_WITH_KNOTS('',3,(#14030,#14040,#14050,#14060,
#14070,#14080,#14090,#14100,#14110,#14120,#14130,#14140,#14150,#14160,
#14170),.UNSPECIFIED.,.T.,.F.,(1,1,1,1,1,1,1,1,1,1,1,1,1,1,1,1,1,1,1),(
-3.63104926073616,-1.81552463036808,0.,1.92016948756261,3.93956841755632
,5.95896734755004,7.87913683511265,9.69466146548073,11.5101860958488,
13.4303555834114,15.4497545134051,17.4691534433988,19.3893229309615,
21.2048475613295,23.0203721916976,24.9405416792602,26.9599406092539,
28.9793395392477,30.8995090268103),.UNSPECIFIED.);
#14190=DIRECTION('',(-1.,-3.60878563434073E-16,-3.20873895090958E-12));
#14200=VECTOR('',#14190,1.);
#14210=SURFACE_OF_LINEAR_EXTRUSION('',#14180,#14200);
#14220=CARTESIAN_POINT('',(21.9944859098209,16.5952909133845,
-13.9674513483945));
#14230=CARTESIAN_POINT('',(21.994485909816,15.29487446862,
-12.439935164899));
#14240=CARTESIAN_POINT('',(21.9944859098095,14.8352764099696,
-10.4347499162634));
#14250=CARTESIAN_POINT('',(21.9944859098031,15.2948744686208,
-8.42956466762784));
#14260=CARTESIAN_POINT('',(21.9944859097982,16.5952909133859,
-6.9020484841329));
#14270=CARTESIAN_POINT('',(21.9944859097963,18.4660268569414,
-6.3116657406549));
#14280=CARTESIAN_POINT('',(21.9944859097982,20.3367628004968,
-6.90204848413362));
#14290=CARTESIAN_POINT('',(21.9944859098031,21.6371792452613,
-8.42956466762907));
#14300=CARTESIAN_POINT('',(21.9944859098095,22.0967773039117,
-10.4347499162648));
#14310=CARTESIAN_POINT('',(21.994485909816,21.6371792452605,
-12.4399351649003));
#14320=CARTESIAN_POINT('',(21.9944859098209,20.3367628004955,
-13.9674513483952));
#14330=CARTESIAN_POINT('',(21.9944859098228,18.4660268569399,
-14.5578340918732));
#14340=CARTESIAN_POINT('',(21.9944859098209,16.5952909133845,
-13.9674513483945));
#14350=CARTESIAN_POINT('',(21.994485909816,15.29487446862,
-12.439935164899));
#14360=CARTESIAN_POINT('',(21.9944859098095,14.8352764099696,
-10.4347499162634));
#14370=B_SPLINE_CURVE_WITH_KNOTS('',3,(#14220,#14230,#14240,#14250,
#14260,#14270,#14280,#14290,#14300,#14310,#14320,#14330,#14340,#14350,
#14360),.UNSPECIFIED.,.T.,.F.,(1,1,1,1,1,1,1,1,1,1,1,1,1,1,1,1,1,1,1),(
-3.63104926073616,-1.81552463036808,0.,1.92016948756261,3.93956841755632
,5.95896734755004,7.87913683511265,9.69466146548073,11.5101860958488,
13.4303555834114,15.4497545134051,17.4691534433988,19.3893229309615,
21.2048475613295,23.0203721916976,24.9405416792602,26.9599406092539,
28.9793395392477,30.8995090268103),.UNSPECIFIED.);
#14380=CARTESIAN_POINT('',(21.9944859098159,15.4565885787893,
-12.3997497436448));
#14390=VERTEX_POINT('',#14380);
#14400=EDGE_CURVE('',#8540,#14390,#14370,.T.);
#14410=ORIENTED_EDGE('',*,*,#14400,.F.);
#14420=CARTESIAN_POINT('',(21.1944859097945,15.4565885787893,
-12.3997497436474));
#14430=DIRECTION('',(-1.,-3.60878563434073E-16,-3.20873895090958E-12));
#14440=VECTOR('',#14430,1.);
#14450=LINE('',#14420,#14440);
#14460=CARTESIAN_POINT('',(23.7944859097753,15.4565885787893,
-12.399749743639));
#14470=VERTEX_POINT('',#14460);
#14480=EDGE_CURVE('',#14470,#14390,#14450,.T.);
#14490=ORIENTED_EDGE('',*,*,#14480,.T.);
#14500=CARTESIAN_POINT('',(23.7944859097804,16.5952909133845,
-13.9674513483887));
#14510=CARTESIAN_POINT('',(23.7944859097755,15.29487446862,
-12.4399351648933));
#14520=CARTESIAN_POINT('',(23.794485909769,14.8352764099697,
-10.4347499162576));
#14530=CARTESIAN_POINT('',(23.7944859097626,15.2948744686208,
-8.42956466762206));
#14540=CARTESIAN_POINT('',(23.7944859097577,16.5952909133859,
-6.90204848412712));
#14550=CARTESIAN_POINT('',(23.7944859097558,18.4660268569414,
-6.31166574064913));
#14560=CARTESIAN_POINT('',(23.7944859097577,20.3367628004968,
-6.90204848412784));
#14570=CARTESIAN_POINT('',(23.7944859097626,21.6371792452613,
-8.42956466762329));
#14580=CARTESIAN_POINT('',(23.794485909769,22.0967773039117,
-10.434749916259));
#14590=CARTESIAN_POINT('',(23.7944859097755,21.6371792452605,
-12.4399351648945));
#14600=CARTESIAN_POINT('',(23.7944859097804,20.3367628004955,
-13.9674513483894));
#14610=CARTESIAN_POINT('',(23.7944859097823,18.4660268569399,
-14.5578340918674));
#14620=CARTESIAN_POINT('',(23.7944859097804,16.5952909133845,
-13.9674513483887));
#14630=CARTESIAN_POINT('',(23.7944859097755,15.29487446862,
-12.4399351648933));
#14640=CARTESIAN_POINT('',(23.794485909769,14.8352764099697,
-10.4347499162576));
#14650=B_SPLINE_CURVE_WITH_KNOTS('',3,(#14500,#14510,#14520,#14530,
#14540,#14550,#14560,#14570,#14580,#14590,#14600,#14610,#14620,#14630,
#14640),.UNSPECIFIED.,.T.,.F.,(1,1,1,1,1,1,1,1,1,1,1,1,1,1,1,1,1,1,1),(
-3.63104926073616,-1.81552463036808,0.,1.92016948756261,3.93956841755632
,5.95896734755004,7.87913683511265,9.69466146548073,11.5101860958488,
13.4303555834114,15.4497545134051,17.4691534433988,19.3893229309615,
21.2048475613295,23.0203721916976,24.9405416792602,26.9599406092539,
28.9793395392477,30.8995090268103),.UNSPECIFIED.);
#14660=EDGE_CURVE('',#8620,#14470,#14650,.T.);
#14670=ORIENTED_EDGE('',*,*,#14660,.T.);
#14680=ORIENTED_EDGE('',*,*,#8630,.F.);
#14690=EDGE_LOOP('',(#14680,#14670,#14490,#14410));
#14700=FACE_OUTER_BOUND('',#14690,.T.);
#14710=ADVANCED_FACE('',(#14700),#14210,.T.);
#14720=COLOUR_RGB('',0.501960813999176,1.,0.501960813999176);
#14730=FILL_AREA_STYLE_COLOUR('',#14720);
#14740=FILL_AREA_STYLE('',(#14730));
#14750=SURFACE_STYLE_FILL_AREA(#14740);
#14760=SURFACE_SIDE_STYLE('',(#14750));
#14770=SURFACE_STYLE_USAGE(.BOTH.,#14760);
#14780=PRESENTATION_STYLE_ASSIGNMENT((#14770));
#14790=CARTESIAN_POINT('',(17.7944859099085,21.7660269644065,
-28.8647495330222));
#14800=DIRECTION('',(9.04555523367187E-12,1.33833487654703E-11,-1.));
#14810=DIRECTION('',(1.94345390750807E-16,-1.,-1.33833487654703E-11));
#14820=AXIS2_PLACEMENT_3D('',#14790,#14800,#14810);
#14830=PLANE('',#14820);
#14840=CARTESIAN_POINT('',(17.7944859099085,-1.89474278600713E-10,
-28.8647495333167));
#14850=DIRECTION('',(-1.94345390750807E-16,1.,1.33833487654703E-11));
#14860=VECTOR('',#14850,1.);
#14870=LINE('',#14840,#14860);
#14880=CARTESIAN_POINT('',(17.7944859099085,18.4660268569624,
-28.8647495330695));
#14890=VERTEX_POINT('',#14880);
#14900=CARTESIAN_POINT('',(17.7944859099085,21.7660269644065,
-28.8647495330222));
#14910=VERTEX_POINT('',#14900);
#14920=EDGE_CURVE('',#14890,#14910,#14870,.T.);
#14930=ORIENTED_EDGE('',*,*,#14920,.F.);
#14940=CARTESIAN_POINT('',(17.7944859099085,21.7660269644065,
-28.8647495330222));
#14950=DIRECTION('',(1.,1.94345107485516E-16,9.04555523367188E-12));
#14960=VECTOR('',#14950,1.);
#14970=LINE('',#14940,#14960);
#14980=CARTESIAN_POINT('',(23.7944859096395,21.7660269644065,
-28.8647495329679));
#14990=VERTEX_POINT('',#14980);
#15000=EDGE_CURVE('',#14910,#14990,#14970,.T.);
#15010=ORIENTED_EDGE('',*,*,#15000,.F.);
#15020=CARTESIAN_POINT('',(23.7944859096395,-5.48183720638917E-11,
-28.8647495332592));
#15030=DIRECTION('',(-4.12168589598688E-23,1.,1.33833487654703E-11));
#15040=VECTOR('',#15030,1.);
#15050=LINE('',#15020,#15040);
#15060=CARTESIAN_POINT('',(23.7944859096584,18.4660268569624,
-28.8647495330153));
#15070=VERTEX_POINT('',#15060);
#15080=EDGE_CURVE('',#15070,#14990,#15050,.T.);
#15090=ORIENTED_EDGE('',*,*,#15080,.T.);
#15100=CARTESIAN_POINT('',(17.7944859099085,18.4660268569624,
-28.8647495330695));
#15110=DIRECTION('',(1.,1.94345107485516E-16,9.04555523367188E-12));
#15120=VECTOR('',#15110,1.);
#15130=LINE('',#15100,#15120);
#15140=EDGE_CURVE('',#14890,#15070,#15130,.T.);
#15150=ORIENTED_EDGE('',*,*,#15140,.T.);
#15160=EDGE_LOOP('',(#15150,#15090,#15010,#14930));
#15170=FACE_OUTER_BOUND('',#15160,.T.);
#15180=ADVANCED_FACE('',(#15170),#14830,.F.);
#15190=CARTESIAN_POINT('',(21.9944859097945,16.7660268569358,
-7.07974957102205));
#15200=DIRECTION('',(1.11022307159033E-16,-1.,-1.43490456506508E-12));
#15210=DIRECTION('',(1.,1.11022306869664E-16,2.01664496198233E-13));
#15220=AXIS2_PLACEMENT_3D('',#15190,#15200,#15210);
#15230=PLANE('',#15220);
#15240=CARTESIAN_POINT('',(21.1944859097772,16.7660268569357,
-7.0072954461554));
#15250=DIRECTION('',(-1.,-3.60878563434073E-16,-3.20873895090958E-12));
#15260=VECTOR('',#15250,1.);
#15270=LINE('',#15240,#15260);
#15280=CARTESIAN_POINT('',(23.7944859097273,16.7660268569357,
-7.00729544614705));
#15290=VERTEX_POINT('',#15280);
#15300=CARTESIAN_POINT('',(21.9944859097985,16.7660268569357,
-7.00729544615283));
#15310=VERTEX_POINT('',#15300);
#15320=EDGE_CURVE('',#15290,#15310,#15270,.T.);
#15330=ORIENTED_EDGE('',*,*,#15320,.F.);
#15340=CARTESIAN_POINT('',(21.9944859097091,16.7660268569257,0.));
#15350=DIRECTION('',(9.04552778569693E-12,1.43490456506508E-12,-1.));
#15360=VECTOR('',#15350,1.);
#15370=LINE('',#15340,#15360);
#15380=EDGE_CURVE('',#3950,#15310,#15370,.T.);
#15390=ORIENTED_EDGE('',*,*,#15380,.T.);
#15400=ORIENTED_EDGE('',*,*,#3960,.T.);
#15410=CARTESIAN_POINT('',(23.7944859096554,16.7660268569257,0.));
#15420=DIRECTION('',(9.04552778569693E-12,1.43490456506508E-12,-1.));
#15430=VECTOR('',#15420,1.);
#15440=LINE('',#15410,#15430);
#15450=EDGE_CURVE('',#3870,#15290,#15440,.T.);
#15460=ORIENTED_EDGE('',*,*,#15450,.F.);
#15470=EDGE_LOOP('',(#15460,#15400,#15390,#15330));
#15480=FACE_OUTER_BOUND('',#15470,.T.);
#15490=ADVANCED_FACE('',(#15480),#15230,.T.);
#15500=COLOUR_RGB('',0.501960813999176,1.,0.501960813999176);
#15510=FILL_AREA_STYLE_COLOUR('',#15500);
#15520=FILL_AREA_STYLE('',(#15510));
#15530=SURFACE_STYLE_FILL_AREA(#15520);
#15540=SURFACE_SIDE_STYLE('',(#15530));
#15550=SURFACE_STYLE_USAGE(.BOTH.,#15540);
#15560=PRESENTATION_STYLE_ASSIGNMENT((#15550));
#15570=CARTESIAN_POINT('',(13.6944871732925,26.622060061369,
-12.334749916721));
#15580=DIRECTION('',(-0.382683432362398,-4.49459508293818E-12,
-0.923879532512402));
#15590=DIRECTION('',(-1.03173025678416E-12,-1.,5.29227132630612E-12));
#15600=AXIS2_PLACEMENT_3D('',#15570,#15580,#15590);
#15610=PLANE('',#15600);
#15620=CARTESIAN_POINT('',(0.,34.8660264437057,-6.66230759988568));
#15630=DIRECTION('',(-0.923879532512402,2.01230698770871E-12,
0.382683432362398));
#15640=VECTOR('',#15630,1.);
#15650=LINE('',#15620,#15640);
#15660=EDGE_CURVE('',#3320,#7670,#15650,.T.);
#15670=ORIENTED_EDGE('',*,*,#15660,.F.);
#15680=ORIENTED_EDGE('',*,*,#7830,.F.);
#15690=CARTESIAN_POINT('',(0.,34.9160263979597,-6.66230759988592));
#15700=DIRECTION('',(-0.923879532512402,7.38853422888042E-14,
0.382683432362398));
#15710=VECTOR('',#15700,1.);
#15720=LINE('',#15690,#15710);
#15730=CARTESIAN_POINT('',(15.594485910148,34.9160263979585,
-13.1217551620521));
#15740=VERTEX_POINT('',#15730);
#15750=EDGE_CURVE('',#15740,#7760,#15720,.T.);
#15760=ORIENTED_EDGE('',*,*,#15750,.T.);
#15770=CARTESIAN_POINT('',(0.,37.6657549293747,-6.6623075998993));
#15780=DIRECTION('',(-0.91185929708689,0.160785391726627,
0.377704487825493));
#15790=VECTOR('',#15780,1.);
#15800=LINE('',#15770,#15790);
#15810=EDGE_CURVE('',#3320,#15740,#15800,.T.);
#15820=ORIENTED_EDGE('',*,*,#15810,.T.);
#15830=EDGE_LOOP('',(#15820,#15760,#15680,#15670));
#15840=FACE_OUTER_BOUND('',#15830,.T.);
#15850=ADVANCED_FACE('',(#15840),#15610,.F.);
#15860=CARTESIAN_POINT('',(26.4944859098677,30.2622897367246,
-13.7347499166561));
#15870=DIRECTION('',(2.14618160360293E-12,-5.11928974526717E-12,-1.));
#15880=DIRECTION('',(-1.,1.04067865436264E-11,-2.14618160365621E-12));
#15890=AXIS2_PLACEMENT_3D('',#15860,#15870,#15880);
#15900=CYLINDRICAL_SURFACE('',#15890,0.25);
#15910=CARTESIAN_POINT('',(26.2463493719571,30.2318224008758,
-13.7347499166565));
#15920=DIRECTION('',(2.14618160360293E-12,-5.11928974526717E-12,-1.));
#15930=VECTOR('',#15920,1.);
#15940=LINE('',#15910,#15930);
#15950=CARTESIAN_POINT('',(26.2463493719429,30.2318224009099,
-7.13474995957784));
#15960=VERTEX_POINT('',#15950);
#15970=CARTESIAN_POINT('',(26.2463493719571,30.2318224008758,
-13.7347499165875));
#15980=VERTEX_POINT('',#15970);
#15990=EDGE_CURVE('',#15960,#15980,#15940,.T.);
#16000=ORIENTED_EDGE('',*,*,#15990,.T.);
#16010=CARTESIAN_POINT('',(26.4944859098536,30.2622897367583,
-7.13474995957746));
#16020=DIRECTION('',(2.14618160360293E-12,-5.11928974526717E-12,-1.));
#16030=DIRECTION('',(-1.,1.04067865436264E-11,-2.14618160365621E-12));
#16040=AXIS2_PLACEMENT_3D('',#16010,#16020,#16030);
#16050=CIRCLE('',#16040,0.25);
#16060=CARTESIAN_POINT('',(26.7444859098536,30.2622897367557,
-7.13474995957692));
#16070=VERTEX_POINT('',#16060);
#16080=EDGE_CURVE('',#16070,#15960,#16050,.T.);
#16090=ORIENTED_EDGE('',*,*,#16080,.T.);
#16100=CARTESIAN_POINT('',(26.7444859098677,30.262289736722,
-13.7347499166556));
#16110=DIRECTION('',(2.14618160360293E-12,-5.11928974526717E-12,-1.));
#16120=VECTOR('',#16110,1.);
#16130=LINE('',#16100,#16120);
#16140=CARTESIAN_POINT('',(26.7444859098677,30.262289736722,
-13.7347499165866));
#16150=VERTEX_POINT('',#16140);
#16160=EDGE_CURVE('',#16070,#16150,#16130,.T.);
#16170=ORIENTED_EDGE('',*,*,#16160,.F.);
#16180=CARTESIAN_POINT('',(26.4944859098677,30.2622897367246,
-13.7347499165872));
#16190=DIRECTION('',(2.14618160360293E-12,-5.11928974526717E-12,-1.));
#16200=DIRECTION('',(-1.,1.04067865436264E-11,-2.14618160365621E-12));
#16210=AXIS2_PLACEMENT_3D('',#16180,#16190,#16200);
#16220=CIRCLE('',#16210,0.25);
#16230=EDGE_CURVE('',#16150,#15980,#16220,.T.);
#16240=ORIENTED_EDGE('',*,*,#16230,.F.);
#16250=EDGE_LOOP('',(#16240,#16170,#16090,#16000));
#16260=FACE_OUTER_BOUND('',#16250,.T.);
#16270=ADVANCED_FACE('',(#16260),#15900,.T.);
#16280=COLOUR_RGB('',1.,0.709803938865662,0.);
#16290=FILL_AREA_STYLE_COLOUR('',#16280);
#16300=FILL_AREA_STYLE('',(#16290));
#16310=SURFACE_STYLE_FILL_AREA(#16300);
#16320=SURFACE_SIDE_STYLE('',(#16310));
#16330=SURFACE_STYLE_USAGE(.BOTH.,#16320);
#16340=PRESENTATION_STYLE_ASSIGNMENT((#16330));
#16350=CARTESIAN_POINT('',(26.7444859100047,32.252074316297,
-22.6513218722993));
#16360=DIRECTION('',(-1.,-2.59625654310325E-13,-3.29887159557721E-13));
#16370=DIRECTION('',(-2.59625654308593E-13,1.,-5.25153085039076E-12));
#16380=AXIS2_PLACEMENT_3D('',#16350,#16360,#16370);
#16390=PLANE('',#16380);
#16400=CARTESIAN_POINT('',(26.7444859100196,33.0057767970226,
-28.9347498788327));
#16410=DIRECTION('',(2.14618160360293E-12,-5.11928974526717E-12,-1.));
#16420=VECTOR('',#16410,1.);
#16430=LINE('',#16400,#16420);
#16440=CARTESIAN_POINT('',(26.7444859100054,33.0057767970564,
-22.334749921754));
#16450=VERTEX_POINT('',#16440);
#16460=CARTESIAN_POINT('',(26.7444859100196,33.0057767970226,
-28.9347498787781));
#16470=VERTEX_POINT('',#16460);
#16480=EDGE_CURVE('',#16450,#16470,#16430,.T.);
#16490=ORIENTED_EDGE('',*,*,#16480,.F.);
#16500=CARTESIAN_POINT('',(26.7444859100088,24.3209931858365,
-28.9347498786829));
#16510=DIRECTION('',(-2.59681165459824E-13,1.,-1.09632489027278E-11));
#16520=VECTOR('',#16510,1.);
#16530=LINE('',#16500,#16520);
#16540=CARTESIAN_POINT('',(26.7444859100068,32.1660264434883,
-28.9347498787689));
#16550=VERTEX_POINT('',#16540);
#16560=EDGE_CURVE('',#16550,#16470,#16530,.T.);
#16570=ORIENTED_EDGE('',*,*,#16560,.T.);
#16580=CARTESIAN_POINT('',(26.7444859099989,32.1660264435257,
-21.6267475260088));
#16590=DIRECTION('',(2.14618160360293E-12,-5.11928974526717E-12,-1.));
#16600=VECTOR('',#16590,1.);
#16610=LINE('',#16580,#16600);
#16620=CARTESIAN_POINT('',(26.7444859100059,32.1660264435221,
-22.3347499217498));
#16630=VERTEX_POINT('',#16620);
#16640=EDGE_CURVE('',#16630,#16550,#16610,.T.);
#16650=ORIENTED_EDGE('',*,*,#16640,.T.);
#16660=CARTESIAN_POINT('',(26.7444859100066,24.3209931858709,
-22.3347499217096));
#16670=DIRECTION('',(-2.59681165459824E-13,1.,-5.11928470128153E-12));
#16680=VECTOR('',#16670,1.);
#16690=LINE('',#16660,#16680);
#16700=EDGE_CURVE('',#16630,#16450,#16690,.T.);
#16710=ORIENTED_EDGE('',*,*,#16700,.F.);
#16720=EDGE_LOOP('',(#16710,#16650,#16570,#16490));
#16730=FACE_OUTER_BOUND('',#16720,.T.);
#16740=ADVANCED_FACE('',(#16730),#16390,.F.);
#16750=COLOUR_RGB('',1.,0.709803938865662,0.);
#16760=FILL_AREA_STYLE_COLOUR('',#16750);
#16770=FILL_AREA_STYLE('',(#16760));
#16780=SURFACE_STYLE_FILL_AREA(#16770);
#16790=SURFACE_SIDE_STYLE('',(#16780));
#16800=SURFACE_STYLE_USAGE(.BOTH.,#16790);
#16810=PRESENTATION_STYLE_ASSIGNMENT((#16800));
#16820=CARTESIAN_POINT('',(26.49448590989,33.00577679708,
-13.7347499166702));
#16830=DIRECTION('',(2.14618160360293E-12,-5.11928974526717E-12,-1.));
#16840=DIRECTION('',(-1.,1.04067865436264E-11,-2.14618160365621E-12));
#16850=AXIS2_PLACEMENT_3D('',#16820,#16830,#16840);
#16860=CYLINDRICAL_SURFACE('',#16850,0.25);
#16870=CARTESIAN_POINT('',(26.74448590989,33.0057767970774,
-13.7347499166697));
#16880=DIRECTION('',(2.14618160360293E-12,-5.11928974526717E-12,-1.));
#16890=VECTOR('',#16880,1.);
#16900=LINE('',#16870,#16890);
#16910=CARTESIAN_POINT('',(26.7444859098759,33.0057767971112,
-7.13474995959097));
#16920=VERTEX_POINT('',#16910);
#16930=CARTESIAN_POINT('',(26.74448590989,33.0057767970774,
-13.734749916615));
#16940=VERTEX_POINT('',#16930);
#16950=EDGE_CURVE('',#16920,#16940,#16900,.T.);
#16960=ORIENTED_EDGE('',*,*,#16950,.T.);
#16970=CARTESIAN_POINT('',(26.4944859098759,33.0057767971138,
-7.1347499595915));
#16980=DIRECTION('',(2.14618160360293E-12,-5.11928974526717E-12,-1.));
#16990=DIRECTION('',(-1.,1.04067865436264E-11,-2.14618160365621E-12));
#17000=AXIS2_PLACEMENT_3D('',#16970,#16980,#16990);
#17010=CIRCLE('',#17000,0.25);
#17020=CARTESIAN_POINT('',(26.2482839812238,33.0491888959804,
-7.13474995959225));
#17030=VERTEX_POINT('',#17020);
#17040=EDGE_CURVE('',#17030,#16920,#17010,.T.);
#17050=ORIENTED_EDGE('',*,*,#17040,.T.);
#17060=CARTESIAN_POINT('',(26.2482839812444,33.0491888959829,
-13.7347499166709));
#17070=DIRECTION('',(2.14618160360293E-12,-5.11928974526717E-12,-1.));
#17080=VECTOR('',#17070,1.);
#17090=LINE('',#17060,#17080);
#17100=CARTESIAN_POINT('',(26.248283981244,33.049188895981,
-13.7347499166199));
#17110=VERTEX_POINT('',#17100);
#17120=EDGE_CURVE('',#17030,#17110,#17090,.T.);
#17130=ORIENTED_EDGE('',*,*,#17120,.F.);
#17140=CARTESIAN_POINT('',(26.49448590989,33.00577679708,
-13.7347499166172));
#17150=DIRECTION('',(2.14618160360293E-12,-5.11928974526717E-12,-1.));
#17160=DIRECTION('',(-1.,1.04067865436264E-11,-2.14618160365621E-12));
#17170=AXIS2_PLACEMENT_3D('',#17140,#17150,#17160);
#17180=CIRCLE('',#17170,0.25);
#17190=EDGE_CURVE('',#17110,#16940,#17180,.T.);
#17200=ORIENTED_EDGE('',*,*,#17190,.F.);
#17210=EDGE_LOOP('',(#17200,#17130,#17050,#16960));
#17220=FACE_OUTER_BOUND('',#17210,.T.);
#17230=ADVANCED_FACE('',(#17220),#16860,.T.);
#17240=COLOUR_RGB('',1.,0.709803938865662,0.);
#17250=FILL_AREA_STYLE_COLOUR('',#17240);
#17260=FILL_AREA_STYLE('',(#17250));
#17270=SURFACE_STYLE_FILL_AREA(#17260);
#17280=SURFACE_SIDE_STYLE('',(#17270));
#17290=SURFACE_STYLE_USAGE(.BOTH.,#17280);
#17300=PRESENTATION_STYLE_ASSIGNMENT((#17290));
#17310=CARTESIAN_POINT('',(17.2732985278667,25.99101906069,
-12.7347499166541));
#17320=DIRECTION('',(6.14119866071405E-13,1.,-5.11929580817718E-12));
#17330=DIRECTION('',(-1.,6.14119866071405E-13,1.39166380387301E-13));
#17340=AXIS2_PLACEMENT_3D('',#17310,#17320,#17330);
#17350=CYLINDRICAL_SURFACE('',#17340,1.);
#17360=ORIENTED_EDGE('',*,*,#3170,.T.);
#17370=CARTESIAN_POINT('',(17.273298527872,34.6200064470351,
-12.7347499166982));
#17380=DIRECTION('',(0.173648172469936,0.984807753928578,
-5.20887174200054E-12));
#17390=DIRECTION('',(-0.984807753928578,0.173648172469936,
6.0130045807541E-14));
#17400=AXIS2_PLACEMENT_3D('',#17370,#17380,#17390);
#17410=ELLIPSE('',#17400,1.01542661094077,1.);
#17420=CARTESIAN_POINT('',(17.2732985278742,34.6200064470294,
-13.7347499167184));
#17430=VERTEX_POINT('',#17420);
#17440=EDGE_CURVE('',#17430,#3140,#17410,.T.);
#17450=ORIENTED_EDGE('',*,*,#17440,.T.);
#17460=CARTESIAN_POINT('',(17.2732985278689,25.9910190606849,
-13.7347499166541));
#17470=DIRECTION('',(6.14119866071405E-13,1.,-5.11929580817718E-12));
#17480=VECTOR('',#17470,1.);
#17490=LINE('',#17460,#17480);
#17500=EDGE_CURVE('',#17430,#11960,#17490,.T.);
#17510=ORIENTED_EDGE('',*,*,#17500,.F.);
#17520=ORIENTED_EDGE('',*,*,#11970,.F.);
#17530=EDGE_LOOP('',(#17520,#17510,#17450,#17360));
#17540=FACE_OUTER_BOUND('',#17530,.T.);
#17550=ADVANCED_FACE('',(#17540),#17350,.T.);
#17560=COLOUR_RGB('',1.,0.709803938865662,0.);
#17570=FILL_AREA_STYLE_COLOUR('',#17560);
#17580=FILL_AREA_STYLE('',(#17570));
#17590=SURFACE_STYLE_FILL_AREA(#17580);
#17600=SURFACE_SIDE_STYLE('',(#17590));
#17610=SURFACE_STYLE_USAGE(.BOTH.,#17600);
#17620=PRESENTATION_STYLE_ASSIGNMENT((#17610));
#17630=CARTESIAN_POINT('',(23.5944859098954,33.5171250411647,
-13.7347499166792));
#17640=DIRECTION('',(2.14618160360293E-12,-5.11928974526717E-12,-1.));
#17650=DIRECTION('',(-1.,1.04067865436264E-11,-2.14618160365621E-12));
#17660=AXIS2_PLACEMENT_3D('',#17630,#17640,#17650);
#17670=CYLINDRICAL_SURFACE('',#17660,0.25);
#17680=CARTESIAN_POINT('',(23.5944859098812,33.5171250411985,
-7.13474995960035));
#17690=DIRECTION('',(2.14618160360293E-12,-5.11928974526717E-12,-1.));
#17700=DIRECTION('',(-1.,1.04067865436264E-11,-2.14618160365621E-12));
#17710=AXIS2_PLACEMENT_3D('',#17680,#17690,#17700);
#17720=CIRCLE('',#17710,0.25);
#17730=CARTESIAN_POINT('',(23.8444859098812,33.5171250411959,
-7.13474995959981));
#17740=VERTEX_POINT('',#17730);
#17750=EDGE_CURVE('',#17740,#13760,#17720,.T.);
#17760=ORIENTED_EDGE('',*,*,#17750,.T.);
#17770=CARTESIAN_POINT('',(23.8444859098954,33.5171250411621,
-13.7347499166787));
#17780=DIRECTION('',(2.14618160360293E-12,-5.11928974526717E-12,-1.));
#17790=VECTOR('',#17780,1.);
#17800=LINE('',#17770,#17790);
#17810=CARTESIAN_POINT('',(23.8444859098954,33.5171250411621,
-13.7347499166485));
#17820=VERTEX_POINT('',#17810);
#17830=EDGE_CURVE('',#17740,#17820,#17800,.T.);
#17840=ORIENTED_EDGE('',*,*,#17830,.F.);
#17850=CARTESIAN_POINT('',(23.5944859098954,33.5171250411647,
-13.7347499166491));
#17860=DIRECTION('',(2.14618160360293E-12,-5.11928974526717E-12,-1.));
#17870=DIRECTION('',(-1.,1.04067865436264E-11,-2.14618160365621E-12));
#17880=AXIS2_PLACEMENT_3D('',#17850,#17860,#17870);
#17890=CIRCLE('',#17880,0.25);
#17900=EDGE_CURVE('',#17820,#13840,#17890,.T.);
#17910=ORIENTED_EDGE('',*,*,#17900,.F.);
#17920=ORIENTED_EDGE('',*,*,#13850,.T.);
#17930=EDGE_LOOP('',(#17920,#17910,#17840,#17760));
#17940=FACE_OUTER_BOUND('',#17930,.T.);
#17950=ADVANCED_FACE('',(#17940),#17670,.T.);
#17960=COLOUR_RGB('',1.,0.709803938865662,0.);
#17970=FILL_AREA_STYLE_COLOUR('',#17960);
#17980=FILL_AREA_STYLE('',(#17970));
#17990=SURFACE_STYLE_FILL_AREA(#17980);
#18000=SURFACE_SIDE_STYLE('',(#17990));
#18010=SURFACE_STYLE_USAGE(.BOTH.,#18000);
#18020=PRESENTATION_STYLE_ASSIGNMENT((#18010));
#18030=CARTESIAN_POINT('',(16.5739110351544,20.2287372001991,
-8.23474993823741));
#18040=DIRECTION('',(-4.13775374325647E-11,-1.62988306776861E-11,-1.));
#18050=DIRECTION('',(-1.,-2.76408288625059E-11,4.13775374330152E-11));
#18060=AXIS2_PLACEMENT_3D('',#18030,#18040,#18050);
#18070=PLANE('',#18060);
#18080=CARTESIAN_POINT('',(18.5944857177443,0.,-8.23474993846717));
#18090=DIRECTION('',(-1.04491970631727E-11,1.,-2.5012942213716E-12));
#18100=VECTOR('',#18090,1.);
#18110=LINE('',#18080,#18100);
#18120=EDGE_CURVE('',#11470,#10280,#18110,.T.);
#18130=ORIENTED_EDGE('',*,*,#18120,.F.);
#18140=ORIENTED_EDGE('',*,*,#10290,.T.);
#18150=ORIENTED_EDGE('',*,*,#6260,.F.);
#18160=ORIENTED_EDGE('',*,*,#11480,.T.);
#18170=EDGE_LOOP('',(#18160,#18150,#18140,#18130));
#18180=FACE_OUTER_BOUND('',#18170,.T.);
#18190=ADVANCED_FACE('',(#18180),#18070,.F.);
#18200=CARTESIAN_POINT('',(22.461491745159,33.7051880300025,
-7.69999996216308));
#18210=DIRECTION('',(-3.20873895090958E-12,5.85501421344136E-12,1.));
#18220=VECTOR('',#18210,1.);
#18230=LINE('',#18200,#18220);
#18240=CARTESIAN_POINT('',(22.4614917451819,33.7051880299607,
-14.8347499217668));
#18250=VERTEX_POINT('',#18240);
#18260=CARTESIAN_POINT('',(22.46149174509,33.7051880299358,
-13.7347499166614));
#18270=VERTEX_POINT('',#18260);
#18280=EDGE_CURVE('',#18250,#18270,#18230,.T.);
#18290=ORIENTED_EDGE('',*,*,#18280,.T.);
#18300=CARTESIAN_POINT('',(31.4927696585527,-1.37063693728123E-11,
-14.8347499215749));
#18310=DIRECTION('',(-0.25881904510252,0.965925826289069,
-5.50032241974918E-12));
#18320=VECTOR('',#18310,1.);
#18330=LINE('',#18300,#18320);
#18340=CARTESIAN_POINT('',(22.9944859098523,31.7160267272732,
-14.8347499217555));
#18350=VERTEX_POINT('',#18340);
#18360=EDGE_CURVE('',#18350,#18250,#18330,.T.);
#18370=ORIENTED_EDGE('',*,*,#18360,.T.);
#18380=CARTESIAN_POINT('',(22.9944859097877,31.7160267274704,
-7.69999996216308));
#18390=DIRECTION('',(9.04552778569693E-12,-2.76382066979186E-11,-1.));
#18400=VECTOR('',#18390,1.);
#18410=LINE('',#18380,#18400);
#18420=CARTESIAN_POINT('',(22.9944859097989,31.7160267271045,
-13.7347499166348));
#18430=VERTEX_POINT('',#18420);
#18440=EDGE_CURVE('',#18430,#18350,#18410,.T.);
#18450=ORIENTED_EDGE('',*,*,#18440,.T.);
#18460=CARTESIAN_POINT('',(31.4927696584504,0.,-13.7347499162102));
#18470=DIRECTION('',(0.25881904510252,-0.965925826289069,
1.29308785901117E-11));
#18480=VECTOR('',#18470,1.);
#18490=LINE('',#18460,#18480);
#18500=EDGE_CURVE('',#18270,#18430,#18490,.T.);
#18510=ORIENTED_EDGE('',*,*,#18500,.T.);
#18520=EDGE_LOOP('',(#18510,#18450,#18370,#18290));
#18530=FACE_OUTER_BOUND('',#18520,.T.);
#18540=ADVANCED_FACE('',(#18530),#9730,.T.);
#18550=COLOUR_RGB('',0.501960813999176,1.,0.501960813999176);
#18560=FILL_AREA_STYLE_COLOUR('',#18550);
#18570=FILL_AREA_STYLE('',(#18560));
#18580=SURFACE_STYLE_FILL_AREA(#18570);
#18590=SURFACE_SIDE_STYLE('',(#18580));
#18600=SURFACE_STYLE_USAGE(.BOTH.,#18590);
#18610=PRESENTATION_STYLE_ASSIGNMENT((#18600));
#18620=CARTESIAN_POINT('',(26.7444859099992,31.1660264435257,
-21.6267475260037));
#18630=DIRECTION('',(2.14618160360293E-12,-5.11928974526717E-12,-1.));
#18640=VECTOR('',#18630,1.);
#18650=LINE('',#18620,#18640);
#18660=CARTESIAN_POINT('',(26.7444859100061,31.1660264435221,
-22.3347499217446));
#18670=VERTEX_POINT('',#18660);
#18680=CARTESIAN_POINT('',(26.744485910007,31.1660264434883,
-28.9347498787579));
#18690=VERTEX_POINT('',#18680);
#18700=EDGE_CURVE('',#18670,#18690,#18650,.T.);
#18710=ORIENTED_EDGE('',*,*,#18700,.F.);
#18720=CARTESIAN_POINT('',(26.7444859100088,24.3209931858365,
-28.9347498786829));
#18730=DIRECTION('',(-2.59681165459824E-13,1.,-1.09632489027278E-11));
#18740=VECTOR('',#18730,1.);
#18750=LINE('',#18720,#18740);
#18760=CARTESIAN_POINT('',(26.7444859099973,30.2622897366671,
-28.9347498787497));
#18770=VERTEX_POINT('',#18760);
#18780=EDGE_CURVE('',#18770,#18690,#18750,.T.);
#18790=ORIENTED_EDGE('',*,*,#18780,.T.);
#18800=CARTESIAN_POINT('',(26.7444859099973,30.2622897366671,
-28.9347498788187));
#18810=DIRECTION('',(2.14618160360293E-12,-5.11928974526717E-12,-1.));
#18820=VECTOR('',#18810,1.);
#18830=LINE('',#18800,#18820);
#18840=CARTESIAN_POINT('',(26.7444859099831,30.2622897367009,
-22.33474992174));
#18850=VERTEX_POINT('',#18840);
#18860=EDGE_CURVE('',#18850,#18770,#18830,.T.);
#18870=ORIENTED_EDGE('',*,*,#18860,.T.);
#18880=EDGE_CURVE('',#18850,#18670,#16690,.T.);
#18890=ORIENTED_EDGE('',*,*,#18880,.F.);
#18900=EDGE_LOOP('',(#18890,#18870,#18790,#18710));
#18910=FACE_OUTER_BOUND('',#18900,.T.);
#18920=ADVANCED_FACE('',(#18910),#16390,.F.);
#18930=COLOUR_RGB('',1.,0.709803938865662,0.);
#18940=FILL_AREA_STYLE_COLOUR('',#18930);
#18950=FILL_AREA_STYLE('',(#18940));
#18960=SURFACE_STYLE_FILL_AREA(#18950);
#18970=SURFACE_SIDE_STYLE('',(#18960));
#18980=SURFACE_STYLE_USAGE(.BOTH.,#18970);
#18990=PRESENTATION_STYLE_ASSIGNMENT((#18980));
#19000=ORIENTED_EDGE('',*,*,#17120,.T.);
#19010=CARTESIAN_POINT('',(14.2278011935276,35.1687242672257,
-7.1347499596289));
#19020=DIRECTION('',(-0.984807753928579,0.173648172469936,
-3.00253159317649E-12));
#19030=VECTOR('',#19020,1.);
#19040=LINE('',#19010,#19030);
#19050=CARTESIAN_POINT('',(25.2906878568452,33.218038924157,
-7.13474995959517));
#19060=VERTEX_POINT('',#19050);
#19070=EDGE_CURVE('',#17030,#19060,#19040,.T.);
#19080=ORIENTED_EDGE('',*,*,#19070,.F.);
#19090=CARTESIAN_POINT('',(25.2906878568594,33.2180389241232,
-13.7347499166739));
#19100=DIRECTION('',(2.14618160360293E-12,-5.11928974526717E-12,-1.));
#19110=VECTOR('',#19100,1.);
#19120=LINE('',#19090,#19110);
#19130=CARTESIAN_POINT('',(25.2906878568591,33.2180389241214,
-13.7347499166324));
#19140=VERTEX_POINT('',#19130);
#19150=EDGE_CURVE('',#19060,#19140,#19120,.T.);
#19160=ORIENTED_EDGE('',*,*,#19150,.F.);
#19170=CARTESIAN_POINT('',(14.2278011935266,35.168724267191,
-13.7347499167519));
#19180=DIRECTION('',(0.984807753928579,-0.173648172469936,
1.08118562028697E-11));
#19190=VECTOR('',#19180,1.);
#19200=LINE('',#19170,#19190);
#19210=EDGE_CURVE('',#19140,#17110,#19200,.T.);
#19220=ORIENTED_EDGE('',*,*,#19210,.F.);
#19230=EDGE_LOOP('',(#19220,#19160,#19080,#19000));
#19240=FACE_OUTER_BOUND('',#19230,.T.);
#19250=ADVANCED_FACE('',(#19240),#11410,.T.);
#19260=COLOUR_RGB('',1.,0.709803938865662,0.);
#19270=FILL_AREA_STYLE_COLOUR('',#19260);
#19280=FILL_AREA_STYLE('',(#19270));
#19290=SURFACE_STYLE_FILL_AREA(#19280);
#19300=SURFACE_SIDE_STYLE('',(#19290));
#19310=SURFACE_STYLE_USAGE(.BOTH.,#19300);
#19320=PRESENTATION_STYLE_ASSIGNMENT((#19310));
#19330=CARTESIAN_POINT('',(13.6944871734384,26.6220600612731,
-35.0347498788841));
#19340=DIRECTION('',(-0.382683432362398,-4.49459508293818E-12,
-0.923879532512402));
#19350=DIRECTION('',(-1.03173025678416E-12,-1.,5.29227132630612E-12));
#19360=AXIS2_PLACEMENT_3D('',#19330,#19340,#19350);
#19370=PLANE('',#19360);
#19380=CARTESIAN_POINT('',(1.45952139263272E-10,37.6657549292787,
-29.3623075620624));
#19390=DIRECTION('',(0.91185929708689,-0.160785391726627,
-0.377704487825493));
#19400=VECTOR('',#19390,1.);
#19410=LINE('',#19380,#19400);
#19420=CARTESIAN_POINT('',(16.8906150956556,34.6874838590476,
-36.3586294113741));
#19430=VERTEX_POINT('',#19420);
#19440=EDGE_CURVE('',#9460,#19430,#19410,.T.);
#19450=ORIENTED_EDGE('',*,*,#19440,.F.);
#19460=CARTESIAN_POINT('',(16.8906150956503,25.9910190605896,
-36.3586294113296));
#19470=DIRECTION('',(6.14119866071405E-13,1.,-5.11929580817718E-12));
#19480=VECTOR('',#19470,1.);
#19490=LINE('',#19460,#19480);
#19500=CARTESIAN_POINT('',(16.8906150956556,34.6991983460592,
-36.3586294113741));
#19510=VERTEX_POINT('',#19500);
#19520=EDGE_CURVE('',#19430,#19510,#19490,.T.);
#19530=ORIENTED_EDGE('',*,*,#19520,.F.);
#19540=CARTESIAN_POINT('',(1.45952139263272E-10,37.6774694162904,
-29.3623075620624));
#19550=DIRECTION('',(-0.91185929708689,0.160785391726627,
0.377704487825493));
#19560=VECTOR('',#19550,1.);
#19570=LINE('',#19540,#19560);
#19580=EDGE_CURVE('',#19510,#9540,#19570,.T.);
#19590=ORIENTED_EDGE('',*,*,#19580,.F.);
#19600=ORIENTED_EDGE('',*,*,#9550,.T.);
#19610=EDGE_LOOP('',(#19600,#19590,#19530,#19450));
#19620=FACE_OUTER_BOUND('',#19610,.T.);
#19630=ADVANCED_FACE('',(#19620),#19370,.T.);
#19640=COLOUR_RGB('',1.,0.709803938865662,0.);
#19650=FILL_AREA_STYLE_COLOUR('',#19640);
#19660=FILL_AREA_STYLE('',(#19650));
#19670=SURFACE_STYLE_FILL_AREA(#19660);
#19680=SURFACE_SIDE_STYLE('',(#19670));
#19690=SURFACE_STYLE_USAGE(.BOTH.,#19680);
#19700=PRESENTATION_STYLE_ASSIGNMENT((#19690));
#19710=CARTESIAN_POINT('',(21.1944859099126,16.5952909133708,
-21.6674513105601));
#19720=CARTESIAN_POINT('',(21.1944859099077,15.2948744686063,
-20.1399351270647));
#19730=CARTESIAN_POINT('',(21.1944859099013,14.8352764099559,
-18.134749878429));
#19740=CARTESIAN_POINT('',(21.1944859098949,15.2948744686071,
-16.1295646297935));
#19750=CARTESIAN_POINT('',(21.1944859098899,16.5952909133721,
-14.6020484462985));
#19760=CARTESIAN_POINT('',(21.1944859098881,18.4660268569277,
-14.0116657028206));
#19770=CARTESIAN_POINT('',(21.1944859098899,20.3367628004831,
-14.6020484462993));
#19780=CARTESIAN_POINT('',(21.1944859098948,21.6371792452476,
-16.1295646297947));
#19790=CARTESIAN_POINT('',(21.1944859099013,22.0967773038979,
-18.1347498784304));
#19800=CARTESIAN_POINT('',(21.1944859099077,21.6371792452468,
-20.1399351270659));
#19810=CARTESIAN_POINT('',(21.1944859099126,20.3367628004817,
-21.6674513105609));
#19820=CARTESIAN_POINT('',(21.1944859099145,18.4660268569261,
-22.2578340540389));
#19830=CARTESIAN_POINT('',(21.1944859099126,16.5952909133708,
-21.6674513105601));
#19840=CARTESIAN_POINT('',(21.1944859099077,15.2948744686063,
-20.1399351270647));
#19850=CARTESIAN_POINT('',(21.1944859099013,14.8352764099559,
-18.134749878429));
#19860=B_SPLINE_CURVE_WITH_KNOTS('',3,(#19710,#19720,#19730,#19740,
#19750,#19760,#19770,#19780,#19790,#19800,#19810,#19820,#19830,#19840,
#19850),.UNSPECIFIED.,.T.,.F.,(1,1,1,1,1,1,1,1,1,1,1,1,1,1,1,1,1,1,1),(
-3.63104926073616,-1.81552463036808,0.,1.92016948756261,3.93956841755632
,5.95896734755004,7.87913683511265,9.69466146548073,11.5101860958488,
13.4303555834114,15.4497545134051,17.4691534433988,19.3893229309615,
21.2048475613295,23.0203721916976,24.9405416792602,26.9599406092539,
28.9793395392477,30.8995090268103),.UNSPECIFIED.);
#19870=DIRECTION('',(-1.,-3.60878563434073E-16,-3.20873895090958E-12));
#19880=VECTOR('',#19870,1.);
#19890=SURFACE_OF_LINEAR_EXTRUSION('',#19860,#19880);
#19900=CARTESIAN_POINT('',(21.9944859098678,16.5952909133708,
-21.6674513105576));
#19910=CARTESIAN_POINT('',(21.9944859098629,15.2948744686063,
-20.1399351270621));
#19920=CARTESIAN_POINT('',(21.9944859098564,14.8352764099559,
-18.1347498784264));
#19930=CARTESIAN_POINT('',(21.99448590985,15.2948744686071,
-16.1295646297909));
#19940=CARTESIAN_POINT('',(21.9944859098451,16.5952909133721,
-14.602048446296));
#19950=CARTESIAN_POINT('',(21.9944859098432,18.4660268569277,
-14.011665702818));
#19960=CARTESIAN_POINT('',(21.9944859098451,20.3367628004831,
-14.6020484462967));
#19970=CARTESIAN_POINT('',(21.99448590985,21.6371792452476,
-16.1295646297921));
#19980=CARTESIAN_POINT('',(21.9944859098564,22.0967773038979,
-18.1347498784278));
#19990=CARTESIAN_POINT('',(21.9944859098629,21.6371792452468,
-20.1399351270633));
#20000=CARTESIAN_POINT('',(21.9944859098678,20.3367628004817,
-21.6674513105583));
#20010=CARTESIAN_POINT('',(21.9944859098697,18.4660268569261,
-22.2578340540363));
#20020=CARTESIAN_POINT('',(21.9944859098678,16.5952909133708,
-21.6674513105576));
#20030=CARTESIAN_POINT('',(21.9944859098629,15.2948744686063,
-20.1399351270621));
#20040=CARTESIAN_POINT('',(21.9944859098564,14.8352764099559,
-18.1347498784264));
#20050=B_SPLINE_CURVE_WITH_KNOTS('',3,(#19900,#19910,#19920,#19930,
#19940,#19950,#19960,#19970,#19980,#19990,#20000,#20010,#20020,#20030,
#20040),.UNSPECIFIED.,.T.,.F.,(1,1,1,1,1,1,1,1,1,1,1,1,1,1,1,1,1,1,1),(
-3.63104926073616,-1.81552463036808,0.,1.92016948756261,3.93956841755632
,5.95896734755004,7.87913683511265,9.69466146548073,11.5101860958488,
13.4303555834114,15.4497545134051,17.4691534433988,19.3893229309615,
21.2048475613295,23.0203721916976,24.9405416792602,26.9599406092539,
28.9793395392477,30.8995090268103),.UNSPECIFIED.);
#20060=CARTESIAN_POINT('',(21.9944859099449,16.76602685688,
-21.5622043485447));
#20070=VERTEX_POINT('',#20060);
#20080=CARTESIAN_POINT('',(21.9944859098628,15.4565885787756,
-20.0997497058079));
#20090=VERTEX_POINT('',#20080);
#20100=EDGE_CURVE('',#20070,#20090,#20050,.T.);
#20110=ORIENTED_EDGE('',*,*,#20100,.F.);
#20120=CARTESIAN_POINT('',(21.1944859099076,15.4565885787756,
-20.0997497058105));
#20130=DIRECTION('',(-1.,-3.60878563434073E-16,-3.20873895090958E-12));
#20140=VECTOR('',#20130,1.);
#20150=LINE('',#20120,#20140);
#20160=CARTESIAN_POINT('',(23.7944859098884,15.4565885787756,
-20.0997497058021));
#20170=VERTEX_POINT('',#20160);
#20180=EDGE_CURVE('',#20170,#20090,#20150,.T.);
#20190=ORIENTED_EDGE('',*,*,#20180,.T.);
#20200=CARTESIAN_POINT('',(23.7944859098935,16.5952909133708,
-21.6674513105518));
#20210=CARTESIAN_POINT('',(23.7944859098886,15.2948744686063,
-20.1399351270563));
#20220=CARTESIAN_POINT('',(23.7944859098821,14.8352764099559,
-18.1347498784207));
#20230=CARTESIAN_POINT('',(23.7944859098757,15.2948744686071,
-16.1295646297851));
#20240=CARTESIAN_POINT('',(23.7944859098708,16.5952909133721,
-14.6020484462902));
#20250=CARTESIAN_POINT('',(23.7944859098689,18.4660268569277,
-14.0116657028122));
#20260=CARTESIAN_POINT('',(23.7944859098708,20.3367628004831,
-14.6020484462909));
#20270=CARTESIAN_POINT('',(23.7944859098757,21.6371792452476,
-16.1295646297864));
#20280=CARTESIAN_POINT('',(23.7944859098821,22.0967773038979,
-18.1347498784221));
#20290=CARTESIAN_POINT('',(23.7944859098886,21.6371792452468,
-20.1399351270576));
#20300=CARTESIAN_POINT('',(23.7944859098935,20.3367628004817,
-21.6674513105525));
#20310=CARTESIAN_POINT('',(23.7944859098954,18.4660268569261,
-22.2578340540305));
#20320=CARTESIAN_POINT('',(23.7944859098935,16.5952909133708,
-21.6674513105518));
#20330=CARTESIAN_POINT('',(23.7944859098886,15.2948744686063,
-20.1399351270563));
#20340=CARTESIAN_POINT('',(23.7944859098821,14.8352764099559,
-18.1347498784207));
#20350=B_SPLINE_CURVE_WITH_KNOTS('',3,(#20200,#20210,#20220,#20230,
#20240,#20250,#20260,#20270,#20280,#20290,#20300,#20310,#20320,#20330,
#20340),.UNSPECIFIED.,.T.,.F.,(1,1,1,1,1,1,1,1,1,1,1,1,1,1,1,1,1,1,1),(
-3.63104926073616,-1.81552463036808,0.,1.92016948756261,3.93956841755632
,5.95896734755004,7.87913683511265,9.69466146548073,11.5101860958488,
13.4303555834114,15.4497545134051,17.4691534433988,19.3893229309615,
21.2048475613295,23.0203721916976,24.9405416792602,26.9599406092539,
28.9793395392477,30.8995090268103),.UNSPECIFIED.);
#20360=CARTESIAN_POINT('',(23.7944859096161,16.7660268569319,
-21.562204348539));
#20370=VERTEX_POINT('',#20360);
#20380=EDGE_CURVE('',#20370,#20170,#20350,.T.);
#20390=ORIENTED_EDGE('',*,*,#20380,.T.);
#20400=CARTESIAN_POINT('',(21.1944859099123,16.76602685688,
-21.5622043485146));
#20410=DIRECTION('',(-1.,-3.60878563434073E-16,-3.20873895090958E-12));
#20420=VECTOR('',#20410,1.);
#20430=LINE('',#20400,#20420);
#20440=EDGE_CURVE('',#20370,#20070,#20430,.T.);
#20450=ORIENTED_EDGE('',*,*,#20440,.F.);
#20460=EDGE_LOOP('',(#20450,#20390,#20190,#20110));
#20470=FACE_OUTER_BOUND('',#20460,.T.);
#20480=ADVANCED_FACE('',(#20470),#19890,.T.);
#20490=COLOUR_RGB('',0.501960813999176,1.,0.501960813999176);
#20500=FILL_AREA_STYLE_COLOUR('',#20490);
#20510=FILL_AREA_STYLE('',(#20500));
#20520=SURFACE_STYLE_FILL_AREA(#20510);
#20530=SURFACE_SIDE_STYLE('',(#20520));
#20540=SURFACE_STYLE_USAGE(.BOTH.,#20530);
#20550=PRESENTATION_STYLE_ASSIGNMENT((#20540));
#20560=CARTESIAN_POINT('',(17.794485909764,18.4660268569908,
-7.20475026138109));
#20570=DIRECTION('',(-9.04555523367187E-12,-1.3380163813169E-11,1.));
#20580=DIRECTION('',(-1.94345390721998E-16,1.,1.3380163813169E-11));
#20590=AXIS2_PLACEMENT_3D('',#20560,#20570,#20580);
#20600=PLANE('',#20590);
#20610=ORIENTED_EDGE('',*,*,#11320,.F.);
#20620=ORIENTED_EDGE('',*,*,#5850,.F.);
#20630=CARTESIAN_POINT('',(23.7944859097205,0.,-7.20475026157389));
#20640=DIRECTION('',(1.83293207101521E-22,-1.,-1.3380163813169E-11));
#20650=VECTOR('',#20640,1.);
#20660=LINE('',#20630,#20650);
#20670=EDGE_CURVE('',#900,#5780,#20660,.T.);
#20680=ORIENTED_EDGE('',*,*,#20670,.T.);
#20690=ORIENTED_EDGE('',*,*,#910,.T.);
#20700=EDGE_LOOP('',(#20690,#20680,#20620,#20610));
#20710=FACE_OUTER_BOUND('',#20700,.T.);
#20720=ADVANCED_FACE('',(#20710),#20600,.F.);
#20730=CARTESIAN_POINT('',(18.5944857173728,34.4885881672691,
-12.534750254652));
#20740=DIRECTION('',(-1.,-1.0449197064275E-11,-5.70357217025749E-11));
#20750=DIRECTION('',(1.0449197063167E-11,-1.,1.94252256035333E-11));
#20760=AXIS2_PLACEMENT_3D('',#20730,#20740,#20750);
#20770=PLANE('',#20760);
#20780=ORIENTED_EDGE('',*,*,#11080,.T.);
#20790=ORIENTED_EDGE('',*,*,#10130,.T.);
#20800=ORIENTED_EDGE('',*,*,#10350,.T.);
#20810=ORIENTED_EDGE('',*,*,#18120,.T.);
#20820=ORIENTED_EDGE('',*,*,#11560,.T.);
#20830=EDGE_LOOP('',(#20820,#20810,#20800,#20790,#20780));
#20840=FACE_OUTER_BOUND('',#20830,.T.);
#20850=ADVANCED_FACE('',(#20840),#20770,.T.);
#20860=CARTESIAN_POINT('',(13.2645706936934,34.8660264436748,
-12.5347499381754));
#20870=DIRECTION('',(-5.63438184790947E-14,1.,-5.39449356086201E-12));
#20880=DIRECTION('',(-1.,-5.63438184997267E-14,-3.82463897909652E-12));
#20890=AXIS2_PLACEMENT_3D('',#20860,#20870,#20880);
#20900=PLANE('',#20890);
#20910=CARTESIAN_POINT('',(16.1444853742629,34.8660264436863,
-10.4347499381475));
#20920=DIRECTION('',(-5.55111512312578E-17,1.,-5.39443232852189E-12));
#20930=DIRECTION('',(1.33183008702767E-12,-5.39443232852189E-12,-1.));
#20940=AXIS2_PLACEMENT_3D('',#20910,#20920,#20930);
#20950=CIRCLE('',#20940,1.25);
#20960=EDGE_CURVE('',#11840,#11670,#20950,.T.);
#20970=ORIENTED_EDGE('',*,*,#20960,.F.);
#20980=ORIENTED_EDGE('',*,*,#11680,.T.);
#20990=EDGE_CURVE('',#1910,#11650,#2130,.T.);
#21000=ORIENTED_EDGE('',*,*,#20990,.T.);
#21010=ORIENTED_EDGE('',*,*,#2140,.T.);
#21020=ORIENTED_EDGE('',*,*,#7680,.T.);
#21030=ORIENTED_EDGE('',*,*,#15660,.T.);
#21040=ORIENTED_EDGE('',*,*,#3330,.F.);
#21050=ORIENTED_EDGE('',*,*,#11870,.T.);
#21060=EDGE_LOOP('',(#21050,#21040,#21030,#21020,#21010,#21000,#20980,
#20970));
#21070=FACE_OUTER_BOUND('',#21060,.T.);
#21080=ADVANCED_FACE('',(#21070),#20900,.T.);
#21090=COLOUR_RGB('',1.,0.709803938865662,0.);
#21100=FILL_AREA_STYLE_COLOUR('',#21090);
#21110=FILL_AREA_STYLE('',(#21100));
#21120=SURFACE_STYLE_FILL_AREA(#21110);
#21130=SURFACE_SIDE_STYLE('',(#21120));
#21140=SURFACE_STYLE_USAGE(.BOTH.,#21130);
#21150=PRESENTATION_STYLE_ASSIGNMENT((#21140));
#21160=CARTESIAN_POINT('',(17.2732985277965,25.9910190607261,
-8.13474995957538));
#21170=DIRECTION('',(-6.57113252700015E-13,-1.,5.11929580817723E-12));
#21180=DIRECTION('',(1.,-6.57113252700015E-13,-1.39166380387081E-13));
#21190=AXIS2_PLACEMENT_3D('',#21160,#21170,#21180);
#21200=CYLINDRICAL_SURFACE('',#21190,1.);
#21210=CARTESIAN_POINT('',(17.2732985277944,25.9910190607312,
-7.13474995957538));
#21220=DIRECTION('',(-6.57113252700015E-13,-1.,5.11929580817723E-12));
#21230=VECTOR('',#21220,1.);
#21240=LINE('',#21210,#21230);
#21250=EDGE_CURVE('',#12200,#4730,#21240,.T.);
#21260=ORIENTED_EDGE('',*,*,#21250,.F.);
#21270=ORIENTED_EDGE('',*,*,#4740,.T.);
#21280=CARTESIAN_POINT('',(16.8906150954279,25.9910190607311,
-7.21087042706556));
#21290=DIRECTION('',(-6.57113252700015E-13,-1.,5.11929580817723E-12));
#21300=VECTOR('',#21290,1.);
#21310=LINE('',#21280,#21300);
#21320=EDGE_CURVE('',#12290,#4640,#21310,.T.);
#21330=ORIENTED_EDGE('',*,*,#21320,.T.);
#21340=ORIENTED_EDGE('',*,*,#12300,.F.);
#21350=EDGE_LOOP('',(#21340,#21330,#21270,#21260));
#21360=FACE_OUTER_BOUND('',#21350,.T.);
#21370=ADVANCED_FACE('',(#21360),#21200,.T.);
#21380=COLOUR_RGB('',1.,0.709803938865662,0.);
#21390=FILL_AREA_STYLE_COLOUR('',#21380);
#21400=FILL_AREA_STYLE('',(#21390));
#21410=SURFACE_STYLE_FILL_AREA(#21400);
#21420=SURFACE_SIDE_STYLE('',(#21410));
#21430=SURFACE_STYLE_USAGE(.BOTH.,#21420);
#21440=PRESENTATION_STYLE_ASSIGNMENT((#21430));
#21450=CARTESIAN_POINT('',(13.6944871733161,26.6220600613844,
-8.53474995950134));
#21460=DIRECTION('',(0.382683432368623,-4.98106447614114E-12,
-0.923879532509823));
#21470=DIRECTION('',(-1.31145094783847E-13,1.,-5.445787415036E-12));
#21480=AXIS2_PLACEMENT_3D('',#21450,#21460,#21470);
#21490=PLANE('',#21480);
#21500=ORIENTED_EDGE('',*,*,#20990,.F.);
#21510=ORIENTED_EDGE('',*,*,#12360,.T.);
#21520=ORIENTED_EDGE('',*,*,#21320,.F.);
#21530=ORIENTED_EDGE('',*,*,#4650,.T.);
#21540=EDGE_LOOP('',(#21530,#21520,#21510,#21500));
#21550=FACE_OUTER_BOUND('',#21540,.T.);
#21560=ADVANCED_FACE('',(#21550),#21490,.F.);
#21570=COLOUR_RGB('',1.,0.709803938865662,0.);
#21580=FILL_AREA_STYLE_COLOUR('',#21570);
#21590=FILL_AREA_STYLE('',(#21580));
#21600=SURFACE_STYLE_FILL_AREA(#21590);
#21610=SURFACE_SIDE_STYLE('',(#21600));
#21620=SURFACE_STYLE_USAGE(.BOTH.,#21610);
#21630=PRESENTATION_STYLE_ASSIGNMENT((#21620));
#21640=CARTESIAN_POINT('',(23.2921505528975,29.8690923961065,
-10.4347499381208));
#21650=DIRECTION('',(0.121869343394874,-0.992546151642584,
5.25486278196536E-12));
#21660=DIRECTION('',(-3.1980229545923E-13,5.25505909984105E-12,1.));
#21670=AXIS2_PLACEMENT_3D('',#21640,#21650,#21660);
#21680=PLANE('',#21670);
#21690=CARTESIAN_POINT('',(25.3926224477881,30.1269979153697,
-13.7347499166578));
#21700=DIRECTION('',(2.14618160360293E-12,-5.11928974526717E-12,-1.));
#21710=VECTOR('',#21700,1.);
#21720=LINE('',#21690,#21710);
#21730=CARTESIAN_POINT('',(25.392622447774,30.1269979154032,
-7.13474995957913));
#21740=VERTEX_POINT('',#21730);
#21750=CARTESIAN_POINT('',(25.3926224477881,30.12699791537,
-13.7347499165972));
#21760=VERTEX_POINT('',#21750);
#21770=EDGE_CURVE('',#21740,#21760,#21720,.T.);
#21780=ORIENTED_EDGE('',*,*,#21770,.T.);
#21790=CARTESIAN_POINT('',(13.0720659145961,28.614223791527,
-7.13474995959783));
#21800=DIRECTION('',(-0.992546151642584,-0.121869343394875,
-1.50628001464811E-12));
#21810=VECTOR('',#21800,1.);
#21820=LINE('',#21790,#21810);
#21830=EDGE_CURVE('',#15960,#21740,#21820,.T.);
#21840=ORIENTED_EDGE('',*,*,#21830,.T.);
#21850=ORIENTED_EDGE('',*,*,#15990,.F.);
#21860=CARTESIAN_POINT('',(13.0720659145949,28.6142237914919,
-13.7347499166905));
#21870=DIRECTION('',(-0.992546151642584,-0.121869343394875,
-7.64198307139027E-12));
#21880=VECTOR('',#21870,1.);
#21890=LINE('',#21860,#21880);
#21900=EDGE_CURVE('',#15980,#21760,#21890,.T.);
#21910=ORIENTED_EDGE('',*,*,#21900,.F.);
#21920=EDGE_LOOP('',(#21910,#21850,#21840,#21780));
#21930=FACE_OUTER_BOUND('',#21920,.T.);
#21940=ADVANCED_FACE('',(#21930),#21680,.T.);
#21950=COLOUR_RGB('',1.,0.709803938865662,0.);
#21960=FILL_AREA_STYLE_COLOUR('',#21950);
#21970=FILL_AREA_STYLE('',(#21960));
#21980=SURFACE_STYLE_FILL_AREA(#21970);
#21990=SURFACE_SIDE_STYLE('',(#21980));
#22000=SURFACE_STYLE_USAGE(.BOTH.,#21990);
#22010=PRESENTATION_STYLE_ASSIGNMENT((#22000));
#22020=CARTESIAN_POINT('',(20.2365703411207,31.7003551667704,
-7.13474995959825));
#22030=DIRECTION('',(2.14618160360293E-12,-5.11928974526717E-12,-1.));
#22040=DIRECTION('',(-1.,1.04067865436264E-11,-2.14618160365621E-12));
#22050=AXIS2_PLACEMENT_3D('',#22020,#22030,#22040);
#22060=PLANE('',#22050);
#22070=CARTESIAN_POINT('',(25.1444859098633,30.096530579555,
-7.13474995957951));
#22080=DIRECTION('',(2.14618160360293E-12,-5.11928974526717E-12,-1.));
#22090=DIRECTION('',(-1.,1.04067865436264E-11,-2.14618160365621E-12));
#22100=AXIS2_PLACEMENT_3D('',#22070,#22080,#22090);
#22110=CIRCLE('',#22100,0.25);
#22120=CARTESIAN_POINT('',(25.3944859098633,30.0965305795524,
-7.13474995957897));
#22130=VERTEX_POINT('',#22120);
#22140=EDGE_CURVE('',#21740,#22130,#22110,.T.);
#22150=ORIENTED_EDGE('',*,*,#22140,.F.);
#22160=CARTESIAN_POINT('',(24.8963493719526,30.0660632437063,
-7.13474995957989));
#22170=VERTEX_POINT('',#22160);
#22180=EDGE_CURVE('',#22130,#22170,#22110,.T.);
#22190=ORIENTED_EDGE('',*,*,#22180,.F.);
#22200=CARTESIAN_POINT('',(13.0720659145961,28.614223791527,
-7.13474995959783));
#22210=DIRECTION('',(0.992546151642584,0.121869343394875,
1.50628001464811E-12));
#22220=VECTOR('',#22210,1.);
#22230=LINE('',#22200,#22220);
#22240=CARTESIAN_POINT('',(24.0426224477723,29.9612387581982,
-7.13474995958118));
#22250=VERTEX_POINT('',#22240);
#22260=EDGE_CURVE('',#22250,#22170,#22230,.T.);
#22270=ORIENTED_EDGE('',*,*,#22260,.T.);
#22280=CARTESIAN_POINT('',(23.7944859098616,29.93077142235,
-7.13474995958156));
#22290=DIRECTION('',(2.14618160360293E-12,-5.11928974526717E-12,-1.));
#22300=DIRECTION('',(-1.,1.04067865436264E-11,-2.14618160365621E-12));
#22310=AXIS2_PLACEMENT_3D('',#22280,#22290,#22300);
#22320=CIRCLE('',#22310,0.25);
#22330=CARTESIAN_POINT('',(24.0444859098616,29.9307714223474,
-7.13474995958102));
#22340=VERTEX_POINT('',#22330);
#22350=EDGE_CURVE('',#22250,#22340,#22320,.T.);
#22360=ORIENTED_EDGE('',*,*,#22350,.F.);
#22370=CARTESIAN_POINT('',(23.546349371951,29.9003040865006,
-7.13474995958193));
#22380=VERTEX_POINT('',#22370);
#22390=EDGE_CURVE('',#22340,#22380,#22320,.T.);
#22400=ORIENTED_EDGE('',*,*,#22390,.F.);
#22410=CARTESIAN_POINT('',(22.9944859097392,29.832543773621,
-7.13474995958277));
#22420=VERTEX_POINT('',#22410);
#22430=EDGE_CURVE('',#22380,#22420,#21820,.T.);
#22440=ORIENTED_EDGE('',*,*,#22430,.F.);
#22450=CARTESIAN_POINT('',(22.9944859097392,0.,-7.13474995943005));
#22460=DIRECTION('',(-1.5957558018241E-23,1.,-5.11928974526717E-12));
#22470=VECTOR('',#22460,1.);
#22480=LINE('',#22450,#22470);
#22490=EDGE_CURVE('',#22420,#9800,#22480,.T.);
#22500=ORIENTED_EDGE('',*,*,#22490,.F.);
#22510=ORIENTED_EDGE('',*,*,#9810,.F.);
#22520=ORIENTED_EDGE('',*,*,#4820,.F.);
#22530=ORIENTED_EDGE('',*,*,#21250,.T.);
#22540=ORIENTED_EDGE('',*,*,#12210,.F.);
#22550=EDGE_CURVE('',#12120,#17740,#17720,.T.);
#22560=ORIENTED_EDGE('',*,*,#22550,.F.);
#22570=ORIENTED_EDGE('',*,*,#17750,.F.);
#22580=ORIENTED_EDGE('',*,*,#13770,.F.);
#22590=ORIENTED_EDGE('',*,*,#7390,.F.);
#22600=EDGE_CURVE('',#7290,#19060,#7360,.T.);
#22610=ORIENTED_EDGE('',*,*,#22600,.F.);
#22620=ORIENTED_EDGE('',*,*,#19070,.T.);
#22630=ORIENTED_EDGE('',*,*,#17040,.F.);
#22640=CARTESIAN_POINT('',(26.7444859098771,24.3209931859257,
-7.13474995954651));
#22650=DIRECTION('',(-2.59681165459824E-13,1.,-5.11928470128153E-12));
#22660=VECTOR('',#22650,1.);
#22670=LINE('',#22640,#22660);
#22680=CARTESIAN_POINT('',(26.7444859098764,32.1660264435769,
-7.13474995958667));
#22690=VERTEX_POINT('',#22680);
#22700=EDGE_CURVE('',#22690,#16920,#22670,.T.);
#22710=ORIENTED_EDGE('',*,*,#22700,.T.);
#22720=CARTESIAN_POINT('',(26.7444859098688,31.6660264435769,
-7.13474995958411));
#22730=DIRECTION('',(2.14618160360293E-12,-5.11928974526717E-12,-1.));
#22740=DIRECTION('',(-1.,1.04067865436264E-11,-2.14618160365621E-12));
#22750=AXIS2_PLACEMENT_3D('',#22720,#22730,#22740);
#22760=CIRCLE('',#22750,0.5);
#22770=CARTESIAN_POINT('',(26.2444859098688,31.6660264435821,
-7.13474995958518));
#22780=VERTEX_POINT('',#22770);
#22790=EDGE_CURVE('',#22780,#22690,#22760,.T.);
#22800=ORIENTED_EDGE('',*,*,#22790,.T.);
#22810=CARTESIAN_POINT('',(26.7444859098766,31.1660264435769,
-7.13474995958155));
#22820=VERTEX_POINT('',#22810);
#22830=EDGE_CURVE('',#22820,#22780,#22760,.T.);
#22840=ORIENTED_EDGE('',*,*,#22830,.T.);
#22850=EDGE_CURVE('',#16070,#22820,#22670,.T.);
#22860=ORIENTED_EDGE('',*,*,#22850,.T.);
#22870=ORIENTED_EDGE('',*,*,#16080,.F.);
#22880=ORIENTED_EDGE('',*,*,#21830,.F.);
#22890=EDGE_LOOP('',(#22880,#22870,#22860,#22840,#22800,#22710,#22630,
#22620,#22610,#22590,#22580,#22570,#22560,#22540,#22530,#22520,#22510,
#22500,#22440,#22400,#22360,#22270,#22190,#22150));
#22900=FACE_OUTER_BOUND('',#22890,.T.);
#22910=ADVANCED_FACE('',(#22900),#22060,.F.);
#22920=COLOUR_RGB('',1.,0.709803938865662,0.);
#22930=FILL_AREA_STYLE_COLOUR('',#22920);
#22940=FILL_AREA_STYLE('',(#22930));
#22950=SURFACE_STYLE_FILL_AREA(#22940);
#22960=SURFACE_SIDE_STYLE('',(#22950));
#22970=SURFACE_STYLE_USAGE(.BOTH.,#22960);
#22980=PRESENTATION_STYLE_ASSIGNMENT((#22970));
#22990=CARTESIAN_POINT('',(25.1444859098774,30.0965305795212,
-13.7347499166582));
#23000=DIRECTION('',(2.14618160360293E-12,-5.11928974526717E-12,-1.));
#23010=DIRECTION('',(-1.,1.04067865436264E-11,-2.14618160365621E-12));
#23020=AXIS2_PLACEMENT_3D('',#22990,#23000,#23010);
#23030=CYLINDRICAL_SURFACE('',#23020,0.25);
#23040=ORIENTED_EDGE('',*,*,#22180,.T.);
#23050=CARTESIAN_POINT('',(25.3944859098774,30.0965305795186,
-13.7347499166577));
#23060=DIRECTION('',(2.14618160360293E-12,-5.11928974526717E-12,-1.));
#23070=VECTOR('',#23060,1.);
#23080=LINE('',#23050,#23070);
#23090=CARTESIAN_POINT('',(25.3944859098774,30.0965305795186,
-13.734749916597));
#23100=VERTEX_POINT('',#23090);
#23110=EDGE_CURVE('',#22130,#23100,#23080,.T.);
#23120=ORIENTED_EDGE('',*,*,#23110,.F.);
#23130=CARTESIAN_POINT('',(25.1444859098774,30.0965305795212,
-13.7347499165976));
#23140=DIRECTION('',(2.14618160360293E-12,-5.11928974526717E-12,-1.));
#23150=DIRECTION('',(-1.,1.04067865436264E-11,-2.14618160365621E-12));
#23160=AXIS2_PLACEMENT_3D('',#23130,#23140,#23150);
#23170=CIRCLE('',#23160,0.25);
#23180=CARTESIAN_POINT('',(24.8963493719668,30.0660632436725,
-13.7347499165979));
#23190=VERTEX_POINT('',#23180);
#23200=EDGE_CURVE('',#23100,#23190,#23170,.T.);
#23210=ORIENTED_EDGE('',*,*,#23200,.F.);
#23220=CARTESIAN_POINT('',(24.8963493719668,30.0660632436723,
-13.7347499166586));
#23230=DIRECTION('',(2.14618160360293E-12,-5.11928974526717E-12,-1.));
#23240=VECTOR('',#23230,1.);
#23250=LINE('',#23220,#23240);
#23260=EDGE_CURVE('',#22170,#23190,#23250,.T.);
#23270=ORIENTED_EDGE('',*,*,#23260,.T.);
#23280=EDGE_LOOP('',(#23270,#23210,#23120,#23040));
#23290=FACE_OUTER_BOUND('',#23280,.T.);
#23300=ADVANCED_FACE('',(#23290),#23030,.T.);
#23310=COLOUR_RGB('',1.,0.709803938865662,0.);
#23320=FILL_AREA_STYLE_COLOUR('',#23310);
#23330=FILL_AREA_STYLE('',(#23320));
#23340=SURFACE_STYLE_FILL_AREA(#23330);
#23350=SURFACE_SIDE_STYLE('',(#23340));
#23360=SURFACE_STYLE_USAGE(.BOTH.,#23350);
#23370=PRESENTATION_STYLE_ASSIGNMENT((#23360));
#23380=CARTESIAN_POINT('',(13.0720659145949,28.6142237914919,
-13.7347499166905));
#23390=DIRECTION('',(-0.992546151642584,-0.121869343394875,
-7.64198307139027E-12));
#23400=VECTOR('',#23390,1.);
#23410=LINE('',#23380,#23400);
#23420=CARTESIAN_POINT('',(24.0426224477864,29.961238758165,
-13.734749916606));
#23430=VERTEX_POINT('',#23420);
#23440=EDGE_CURVE('',#23190,#23430,#23410,.T.);
#23450=ORIENTED_EDGE('',*,*,#23440,.F.);
#23460=CARTESIAN_POINT('',(24.0426224477864,29.961238758165,
-13.7347499166599));
#23470=DIRECTION('',(2.14618160360293E-12,-5.11928974526717E-12,-1.));
#23480=VECTOR('',#23470,1.);
#23490=LINE('',#23460,#23480);
#23500=EDGE_CURVE('',#22250,#23430,#23490,.T.);
#23510=ORIENTED_EDGE('',*,*,#23500,.T.);
#23520=ORIENTED_EDGE('',*,*,#22260,.F.);
#23530=ORIENTED_EDGE('',*,*,#23260,.F.);
#23540=EDGE_LOOP('',(#23530,#23520,#23510,#23450));
#23550=FACE_OUTER_BOUND('',#23540,.T.);
#23560=ADVANCED_FACE('',(#23550),#21680,.T.);
#23570=COLOUR_RGB('',1.,0.709803938865662,0.);
#23580=FILL_AREA_STYLE_COLOUR('',#23570);
#23590=FILL_AREA_STYLE('',(#23580));
#23600=SURFACE_STYLE_FILL_AREA(#23590);
#23610=SURFACE_SIDE_STYLE('',(#23600));
#23620=SURFACE_STYLE_USAGE(.BOTH.,#23610);
#23630=PRESENTATION_STYLE_ASSIGNMENT((#23620));
#23640=CARTESIAN_POINT('',(23.7944859098757,29.9307714223163,
-13.7347499166603));
#23650=DIRECTION('',(2.14618160360293E-12,-5.11928974526717E-12,-1.));
#23660=DIRECTION('',(-1.,1.04067865436264E-11,-2.14618160365621E-12));
#23670=AXIS2_PLACEMENT_3D('',#23640,#23650,#23660);
#23680=CYLINDRICAL_SURFACE('',#23670,0.25);
#23690=CARTESIAN_POINT('',(23.5463493719652,29.9003040864662,
-13.7347499166606));
#23700=DIRECTION('',(2.14618160360293E-12,-5.11928974526717E-12,-1.));
#23710=VECTOR('',#23700,1.);
#23720=LINE('',#23690,#23710);
#23730=CARTESIAN_POINT('',(23.5463493719652,29.9003040864668,
-13.7347499166099));
#23740=VERTEX_POINT('',#23730);
#23750=EDGE_CURVE('',#22380,#23740,#23720,.T.);
#23760=ORIENTED_EDGE('',*,*,#23750,.T.);
#23770=ORIENTED_EDGE('',*,*,#22390,.T.);
#23780=CARTESIAN_POINT('',(24.0444859098757,29.9307714223137,
-13.7347499166597));
#23790=DIRECTION('',(2.14618160360293E-12,-5.11928974526717E-12,-1.));
#23800=VECTOR('',#23790,1.);
#23810=LINE('',#23780,#23800);
#23820=CARTESIAN_POINT('',(24.0444859098757,29.9307714223137,
-13.7347499166074));
#23830=VERTEX_POINT('',#23820);
#23840=EDGE_CURVE('',#22340,#23830,#23810,.T.);
#23850=ORIENTED_EDGE('',*,*,#23840,.F.);
#23860=CARTESIAN_POINT('',(23.7944859098757,29.9307714223163,
-13.734749916608));
#23870=DIRECTION('',(2.14618160360293E-12,-5.11928974526717E-12,-1.));
#23880=DIRECTION('',(-1.,1.04067865436264E-11,-2.14618160365621E-12));
#23890=AXIS2_PLACEMENT_3D('',#23860,#23870,#23880);
#23900=CIRCLE('',#23890,0.25);
#23910=EDGE_CURVE('',#23830,#23740,#23900,.T.);
#23920=ORIENTED_EDGE('',*,*,#23910,.F.);
#23930=EDGE_LOOP('',(#23920,#23850,#23770,#23760));
#23940=FACE_OUTER_BOUND('',#23930,.T.);
#23950=ADVANCED_FACE('',(#23940),#23680,.T.);
#23960=COLOUR_RGB('',1.,0.709803938865662,0.);
#23970=FILL_AREA_STYLE_COLOUR('',#23960);
#23980=FILL_AREA_STYLE('',(#23970));
#23990=SURFACE_STYLE_FILL_AREA(#23980);
#24000=SURFACE_SIDE_STYLE('',(#23990));
#24010=SURFACE_STYLE_USAGE(.BOTH.,#24000);
#24020=PRESENTATION_STYLE_ASSIGNMENT((#24010));
#24030=CARTESIAN_POINT('',(21.994485909869,16.5660268569347,
-14.6847502328002));
#24040=DIRECTION('',(1.,-5.58303347330707E-13,1.10175052721723E-11));
#24050=DIRECTION('',(5.58303347524352E-13,1.,-1.75761370352184E-11));
#24060=AXIS2_PLACEMENT_3D('',#24030,#24040,#24050);
#24070=PLANE('',#24060);
#24080=ORIENTED_EDGE('',*,*,#4040,.T.);
#24090=ORIENTED_EDGE('',*,*,#15380,.F.);
#24100=EDGE_CURVE('',#14390,#15310,#14370,.T.);
#24110=ORIENTED_EDGE('',*,*,#24100,.T.);
#24120=ORIENTED_EDGE('',*,*,#14400,.T.);
#24130=ORIENTED_EDGE('',*,*,#8550,.F.);
#24140=EDGE_CURVE('',#20090,#8460,#20050,.T.);
#24150=ORIENTED_EDGE('',*,*,#24140,.T.);
#24160=ORIENTED_EDGE('',*,*,#20100,.T.);
#24170=CARTESIAN_POINT('',(21.9944859098386,16.7660268568709,
-15.1999999621631));
#24180=DIRECTION('',(9.04552778569693E-12,1.43490456506508E-12,-1.));
#24190=VECTOR('',#24180,1.);
#24200=LINE('',#24170,#24190);
#24210=CARTESIAN_POINT('',(21.9944859099281,16.7660268568809,
-22.2072954083159));
#24220=VERTEX_POINT('',#24210);
#24230=EDGE_CURVE('',#20070,#24220,#24200,.T.);
#24240=ORIENTED_EDGE('',*,*,#24230,.F.);
#24250=CARTESIAN_POINT('',(21.9944859098842,16.5952909133297,
-29.1674513105576));
#24260=CARTESIAN_POINT('',(21.9944859098793,15.2948744685652,
-27.6399351270621));
#24270=CARTESIAN_POINT('',(21.9944859098729,14.8352764099148,
-25.6347498784264));
#24280=CARTESIAN_POINT('',(21.9944859098664,15.294874468566,
-23.6295646297909));
#24290=CARTESIAN_POINT('',(21.9944859098615,16.595290913331,
-22.102048446296));
#24300=CARTESIAN_POINT('',(21.9944859098596,18.4660268568866,
-21.511665702818));
#24310=CARTESIAN_POINT('',(21.9944859098615,20.336762800442,
-22.1020484462967));
#24320=CARTESIAN_POINT('',(21.9944859098664,21.6371792452065,
-23.6295646297921));
#24330=CARTESIAN_POINT('',(21.9944859098729,22.0967773038568,
-25.6347498784278));
#24340=CARTESIAN_POINT('',(21.9944859098793,21.6371792452057,
-27.6399351270633));
#24350=CARTESIAN_POINT('',(21.9944859098842,20.3367628004406,
-29.1674513105583));
#24360=CARTESIAN_POINT('',(21.9944859098861,18.466026856885,
-29.7578340540363));
#24370=CARTESIAN_POINT('',(21.9944859098842,16.5952909133297,
-29.1674513105576));
#24380=CARTESIAN_POINT('',(21.9944859098793,15.2948744685652,
-27.6399351270621));
#24390=CARTESIAN_POINT('',(21.9944859098729,14.8352764099148,
-25.6347498784264));
#24400=B_SPLINE_CURVE_WITH_KNOTS('',3,(#24250,#24260,#24270,#24280,
#24290,#24300,#24310,#24320,#24330,#24340,#24350,#24360,#24370,#24380,
#24390),.UNSPECIFIED.,.T.,.F.,(1,1,1,1,1,1,1,1,1,1,1,1,1,1,1,1,1,1,1),(
-3.63104926073616,-1.81552463036808,0.,1.92016948756261,3.93956841755632
,5.95896734755004,7.87913683511265,9.69466146548073,11.5101860958488,
13.4303555834114,15.4497545134051,17.4691534433988,19.3893229309615,
21.2048475613295,23.0203721916976,24.9405416792602,26.9599406092539,
28.9793395392477,30.8995090268103),.UNSPECIFIED.);
#24410=CARTESIAN_POINT('',(21.9944859098792,15.4565885787345,
-27.5997497058079));
#24420=VERTEX_POINT('',#24410);
#24430=EDGE_CURVE('',#24420,#24220,#24400,.T.);
#24440=ORIENTED_EDGE('',*,*,#24430,.T.);
#24450=CARTESIAN_POINT('',(21.9944859100275,16.7660268568389,
-29.0622043485447));
#24460=VERTEX_POINT('',#24450);
#24470=EDGE_CURVE('',#24460,#24420,#24400,.T.);
#24480=ORIENTED_EDGE('',*,*,#24470,.T.);
#24490=CARTESIAN_POINT('',(21.9944859098551,16.7660268568298,
-22.6999999621631));
#24500=DIRECTION('',(9.04552778569693E-12,1.43490456506508E-12,-1.));
#24510=VECTOR('',#24500,1.);
#24520=LINE('',#24490,#24510);
#24530=CARTESIAN_POINT('',(21.9944859099445,16.7660268568398,
-29.7072954083159));
#24540=VERTEX_POINT('',#24530);
#24550=EDGE_CURVE('',#24460,#24540,#24520,.T.);
#24560=ORIENTED_EDGE('',*,*,#24550,.F.);
#24570=CARTESIAN_POINT('',(21.9944859099668,16.5952909132886,
-36.6674513105576));
#24580=CARTESIAN_POINT('',(21.9944859099619,15.2948744685241,
-35.1399351270621));
#24590=CARTESIAN_POINT('',(21.9944859099555,14.8352764098737,
-33.1347498784264));
#24600=CARTESIAN_POINT('',(21.9944859099491,15.2948744685248,
-31.1295646297909));
#24610=CARTESIAN_POINT('',(21.9944859099442,16.5952909132899,
-29.602048446296));
#24620=CARTESIAN_POINT('',(21.9944859099423,18.4660268568455,
-29.011665702818));
#24630=CARTESIAN_POINT('',(21.9944859099442,20.3367628004009,
-29.6020484462967));
#24640=CARTESIAN_POINT('',(21.9944859099491,21.6371792451654,
-31.1295646297921));
#24650=CARTESIAN_POINT('',(21.9944859099555,22.0967773038157,
-33.1347498784278));
#24660=CARTESIAN_POINT('',(21.9944859099619,21.6371792451646,
-35.1399351270633));
#24670=CARTESIAN_POINT('',(21.9944859099668,20.3367628003995,
-36.6674513105583));
#24680=CARTESIAN_POINT('',(21.9944859099687,18.4660268568439,
-37.2578340540363));
#24690=CARTESIAN_POINT('',(21.9944859099668,16.5952909132886,
-36.6674513105576));
#24700=CARTESIAN_POINT('',(21.9944859099619,15.2948744685241,
-35.1399351270621));
#24710=CARTESIAN_POINT('',(21.9944859099555,14.8352764098737,
-33.1347498784264));
#24720=B_SPLINE_CURVE_WITH_KNOTS('',3,(#24570,#24580,#24590,#24600,
#24610,#24620,#24630,#24640,#24650,#24660,#24670,#24680,#24690,#24700,
#24710),.UNSPECIFIED.,.T.,.F.,(1,1,1,1,1,1,1,1,1,1,1,1,1,1,1,1,1,1,1),(
-3.63104926073616,-1.81552463036808,0.,1.92016948756261,3.93956841755632
,5.95896734755004,7.87913683511265,9.69466146548073,11.5101860958488,
13.4303555834114,15.4497545134051,17.4691534433988,19.3893229309615,
21.2048475613295,23.0203721916976,24.9405416792602,26.9599406092539,
28.9793395392477,30.8995090268103),.UNSPECIFIED.);
#24730=CARTESIAN_POINT('',(21.9944859099618,15.4565885786934,
-35.0997497058079));
#24740=VERTEX_POINT('',#24730);
#24750=EDGE_CURVE('',#24740,#24540,#24720,.T.);
#24760=ORIENTED_EDGE('',*,*,#24750,.T.);
#24770=CARTESIAN_POINT('',(21.994485910006,16.7660268568496,
-36.5622043485447));
#24780=VERTEX_POINT('',#24770);
#24790=EDGE_CURVE('',#24780,#24740,#24720,.T.);
#24800=ORIENTED_EDGE('',*,*,#24790,.T.);
#24810=CARTESIAN_POINT('',(21.9944859095363,16.7660268572276,
-29.6499999601646));
#24820=DIRECTION('',(1.10175052721731E-11,1.43490456506508E-12,-1.));
#24830=VECTOR('',#24820,1.);
#24840=LINE('',#24810,#24830);
#24850=CARTESIAN_POINT('',(21.9944859096215,16.7660268572387,
-37.3847501949668));
#24860=VERTEX_POINT('',#24850);
#24870=EDGE_CURVE('',#24780,#24860,#24840,.T.);
#24880=ORIENTED_EDGE('',*,*,#24870,.F.);
#24890=CARTESIAN_POINT('',(21.9944859096116,-1.09999999955651,
-37.3847501946528));
#24900=DIRECTION('',(-5.58303347524352E-13,-1.,1.75761370352184E-11));
#24910=VECTOR('',#24900,1.);
#24920=LINE('',#24890,#24910);
#24930=CARTESIAN_POINT('',(21.9944859096182,10.81602665669,
-37.3847501948622));
#24940=VERTEX_POINT('',#24930);
#24950=EDGE_CURVE('',#24860,#24940,#24920,.T.);
#24960=ORIENTED_EDGE('',*,*,#24950,.F.);
#24970=CARTESIAN_POINT('',(21.994485909533,10.8160266566915,
-29.6499999601646));
#24980=DIRECTION('',(1.10175052721722E-11,-1.9303479159679E-13,-1.));
#24990=VECTOR('',#24980,1.);
#25000=LINE('',#24970,#24990);
#25010=CARTESIAN_POINT('',(21.9944859096094,10.8160266561321,
-36.5847498998436));
#25020=VERTEX_POINT('',#25010);
#25030=EDGE_CURVE('',#25020,#24940,#25000,.T.);
#25040=ORIENTED_EDGE('',*,*,#25030,.T.);
#25050=CARTESIAN_POINT('',(21.9944859098335,10.8160266563254,
-15.1999999621631));
#25060=DIRECTION('',(1.10175052721662E-11,-1.09632613695891E-11,-1.));
#25070=VECTOR('',#25060,1.);
#25080=LINE('',#25050,#25070);
#25090=EDGE_CURVE('',#4030,#25020,#25080,.T.);
#25100=ORIENTED_EDGE('',*,*,#25090,.T.);
#25110=EDGE_LOOP('',(#25100,#25040,#24960,#24880,#24800,#24760,#24560,
#24480,#24440,#24240,#24160,#24150,#24130,#24120,#24110,#24090,#24080));
#25120=FACE_OUTER_BOUND('',#25110,.T.);
#25130=ADVANCED_FACE('',(#25120),#24070,.T.);
#25140=CARTESIAN_POINT('',(18.8157655364815,29.3194614274877,
-9.13474993812128));
#25150=DIRECTION('',(-0.121869343394783,0.992546151642595,
-5.51653230619028E-12));
#25160=DIRECTION('',(0.992546151642595,0.121869343394783,
6.64486901656587E-13));
#25170=AXIS2_PLACEMENT_3D('',#25140,#25150,#25160);
#25180=PLANE('',#25170);
#25190=ORIENTED_EDGE('',*,*,#22430,.T.);
#25200=ORIENTED_EDGE('',*,*,#23750,.F.);
#25210=CARTESIAN_POINT('',(13.0720659145948,28.6142237914915,
-13.7347499166905));
#25220=DIRECTION('',(-0.992546151642595,-0.121869343394783,
-7.64198307139074E-12));
#25230=VECTOR('',#25220,1.);
#25240=LINE('',#25210,#25230);
#25250=CARTESIAN_POINT('',(22.9944859097989,29.8325437735916,
-13.7347499166141));
#25260=VERTEX_POINT('',#25250);
#25270=EDGE_CURVE('',#23740,#25260,#25240,.T.);
#25280=ORIENTED_EDGE('',*,*,#25270,.F.);
#25290=CARTESIAN_POINT('',(22.9944859096746,29.8325437736527,0.));
#25300=DIRECTION('',(-9.04552778569693E-12,4.4473093437348E-12,1.));
#25310=VECTOR('',#25300,1.);
#25320=LINE('',#25290,#25310);
#25330=EDGE_CURVE('',#25260,#22420,#25320,.T.);
#25340=ORIENTED_EDGE('',*,*,#25330,.F.);
#25350=EDGE_LOOP('',(#25340,#25280,#25200,#25190));
#25360=FACE_OUTER_BOUND('',#25350,.T.);
#25370=ADVANCED_FACE('',(#25360),#25180,.F.);
#25380=COLOUR_RGB('',1.,0.709803938865662,0.);
#25390=FILL_AREA_STYLE_COLOUR('',#25380);
#25400=FILL_AREA_STYLE('',(#25390));
#25410=SURFACE_STYLE_FILL_AREA(#25400);
#25420=SURFACE_SIDE_STYLE('',(#25410));
#25430=SURFACE_STYLE_USAGE(.BOTH.,#25420);
#25440=PRESENTATION_STYLE_ASSIGNMENT((#25430));
#25450=CARTESIAN_POINT('',(22.9944859097989,13.6033425054666,
-13.7347499164362));
#25460=DIRECTION('',(-9.04552778569693E-12,1.09632613695891E-11,1.));
#25470=DIRECTION('',(0.,1.,-1.09632613695891E-11));
#25480=AXIS2_PLACEMENT_3D('',#25450,#25460,#25470);
#25490=PLANE('',#25480);
#25500=ORIENTED_EDGE('',*,*,#17190,.T.);
#25510=ORIENTED_EDGE('',*,*,#19210,.T.);
#25520=EDGE_CURVE('',#7210,#19140,#7170,.T.);
#25530=ORIENTED_EDGE('',*,*,#25520,.T.);
#25540=ORIENTED_EDGE('',*,*,#7220,.T.);
#25550=ORIENTED_EDGE('',*,*,#13910,.T.);
#25560=ORIENTED_EDGE('',*,*,#17900,.T.);
#25570=EDGE_CURVE('',#12040,#17820,#17890,.T.);
#25580=ORIENTED_EDGE('',*,*,#25570,.T.);
#25590=ORIENTED_EDGE('',*,*,#12050,.F.);
#25600=ORIENTED_EDGE('',*,*,#17500,.T.);
#25610=CARTESIAN_POINT('',(0.,37.6657549293373,-13.734749916908));
#25620=DIRECTION('',(0.984807753928578,-0.173648172469936,
1.0811837536373E-11));
#25630=VECTOR('',#25620,1.);
#25640=LINE('',#25610,#25630);
#25650=EDGE_CURVE('',#17430,#18270,#25640,.T.);
#25660=ORIENTED_EDGE('',*,*,#25650,.F.);
#25670=ORIENTED_EDGE('',*,*,#18500,.F.);
#25680=CARTESIAN_POINT('',(22.9944859097989,0.,-13.7347499162871));
#25690=DIRECTION('',(-3.69048568995094E-23,-1.,1.09632613695891E-11));
#25700=VECTOR('',#25690,1.);
#25710=LINE('',#25680,#25700);
#25720=EDGE_CURVE('',#18430,#25260,#25710,.T.);
#25730=ORIENTED_EDGE('',*,*,#25720,.F.);
#25740=ORIENTED_EDGE('',*,*,#25270,.T.);
#25750=ORIENTED_EDGE('',*,*,#23910,.T.);
#25760=EDGE_CURVE('',#23430,#23830,#23900,.T.);
#25770=ORIENTED_EDGE('',*,*,#25760,.T.);
#25780=ORIENTED_EDGE('',*,*,#23440,.T.);
#25790=ORIENTED_EDGE('',*,*,#23200,.T.);
#25800=EDGE_CURVE('',#21760,#23100,#23170,.T.);
#25810=ORIENTED_EDGE('',*,*,#25800,.T.);
#25820=ORIENTED_EDGE('',*,*,#21900,.T.);
#25830=ORIENTED_EDGE('',*,*,#16230,.T.);
#25840=CARTESIAN_POINT('',(26.7444859098793,24.3209931858913,
-13.7347499165198));
#25850=DIRECTION('',(-2.59681165459824E-13,1.,-1.09632489027278E-11));
#25860=VECTOR('',#25850,1.);
#25870=LINE('',#25840,#25860);
#25880=CARTESIAN_POINT('',(26.7444859098775,31.1660264435431,
-13.7347499165948));
#25890=VERTEX_POINT('',#25880);
#25900=EDGE_CURVE('',#16150,#25890,#25870,.T.);
#25910=ORIENTED_EDGE('',*,*,#25900,.F.);
#25920=CARTESIAN_POINT('',(26.7444859098829,31.6660264435431,
-13.7347499166003));
#25930=DIRECTION('',(2.14618160360293E-12,-5.11928974526717E-12,-1.));
#25940=DIRECTION('',(-1.,1.04067865436264E-11,-2.14618160365621E-12));
#25950=AXIS2_PLACEMENT_3D('',#25920,#25930,#25940);
#25960=CIRCLE('',#25950,0.5);
#25970=CARTESIAN_POINT('',(26.2444859098829,31.6660264435483,
-13.7347499166014));
#25980=VERTEX_POINT('',#25970);
#25990=EDGE_CURVE('',#25890,#25980,#25960,.T.);
#26000=ORIENTED_EDGE('',*,*,#25990,.F.);
#26010=CARTESIAN_POINT('',(26.7444859098772,32.1660264435431,
-13.7347499166058));
#26020=VERTEX_POINT('',#26010);
#26030=EDGE_CURVE('',#25980,#26020,#25960,.T.);
#26040=ORIENTED_EDGE('',*,*,#26030,.F.);
#26050=CARTESIAN_POINT('',(26.7444859098793,24.3209931858913,
-13.7347499165198));
#26060=DIRECTION('',(-2.59681165459824E-13,1.,-1.09632489027278E-11));
#26070=VECTOR('',#26060,1.);
#26080=LINE('',#26050,#26070);
#26090=EDGE_CURVE('',#26020,#16940,#26080,.T.);
#26100=ORIENTED_EDGE('',*,*,#26090,.F.);
#26110=EDGE_LOOP('',(#26100,#26040,#26000,#25910,#25830,#25820,#25810,
#25790,#25780,#25770,#25750,#25740,#25730,#25670,#25660,#25600,#25590,
#25580,#25560,#25550,#25540,#25530,#25510,#25500));
#26120=FACE_OUTER_BOUND('',#26110,.T.);
#26130=ADVANCED_FACE('',(#26120),#25490,.F.);
#26140=COLOUR_RGB('',1.,0.709803938865662,0.);
#26150=FILL_AREA_STYLE_COLOUR('',#26140);
#26160=FILL_AREA_STYLE('',(#26150));
#26170=SURFACE_STYLE_FILL_AREA(#26160);
#26180=SURFACE_SIDE_STYLE('',(#26170));
#26190=SURFACE_STYLE_USAGE(.BOTH.,#26180);
#26200=PRESENTATION_STYLE_ASSIGNMENT((#26190));
#26210=CARTESIAN_POINT('',(26.7444859098752,32.2520743163518,
-7.45132191013619));
#26220=DIRECTION('',(-1.,-2.59625654310325E-13,-3.29887159557721E-13));
#26230=DIRECTION('',(-2.59625654308593E-13,1.,-5.25153085039076E-12));
#26240=AXIS2_PLACEMENT_3D('',#26210,#26220,#26230);
#26250=PLANE('',#26240);
#26260=CARTESIAN_POINT('',(26.7444859098696,31.1660264435805,
-6.42674756384064));
#26270=DIRECTION('',(2.14618160360293E-12,-5.11928974526717E-12,-1.));
#26280=VECTOR('',#26270,1.);
#26290=LINE('',#26260,#26280);
#26300=EDGE_CURVE('',#22820,#25890,#26290,.T.);
#26310=ORIENTED_EDGE('',*,*,#26300,.F.);
#26320=ORIENTED_EDGE('',*,*,#25900,.T.);
#26330=ORIENTED_EDGE('',*,*,#16160,.T.);
#26340=ORIENTED_EDGE('',*,*,#22850,.F.);
#26350=EDGE_LOOP('',(#26340,#26330,#26320,#26310));
#26360=FACE_OUTER_BOUND('',#26350,.T.);
#26370=ADVANCED_FACE('',(#26360),#26250,.F.);
#26380=COLOUR_RGB('',1.,0.709803938865662,0.);
#26390=FILL_AREA_STYLE_COLOUR('',#26380);
#26400=FILL_AREA_STYLE('',(#26390));
#26410=SURFACE_STYLE_FILL_AREA(#26400);
#26420=SURFACE_SIDE_STYLE('',(#26410));
#26430=SURFACE_STYLE_USAGE(.BOTH.,#26420);
#26440=PRESENTATION_STYLE_ASSIGNMENT((#26430));
#26450=CARTESIAN_POINT('',(26.7444859098672,31.6660264435805,
-6.4267475638432));
#26460=DIRECTION('',(2.14618160360293E-12,-5.11928974526717E-12,-1.));
#26470=DIRECTION('',(-1.,1.04067865436264E-11,-2.14618160365621E-12));
#26480=AXIS2_PLACEMENT_3D('',#26450,#26460,#26470);
#26490=CYLINDRICAL_SURFACE('',#26480,0.5);
#26500=CARTESIAN_POINT('',(26.2444859098672,31.6660264435857,
-6.42674756384427));
#26510=DIRECTION('',(2.14618160360293E-12,-5.11928974526717E-12,-1.));
#26520=VECTOR('',#26510,1.);
#26530=LINE('',#26500,#26520);
#26540=EDGE_CURVE('',#22780,#25980,#26530,.T.);
#26550=ORIENTED_EDGE('',*,*,#26540,.T.);
#26560=ORIENTED_EDGE('',*,*,#22790,.F.);
#26570=CARTESIAN_POINT('',(26.7444859098694,32.1660264435805,
-6.42674756384576));
#26580=DIRECTION('',(2.14618160360293E-12,-5.11928974526717E-12,-1.));
#26590=VECTOR('',#26580,1.);
#26600=LINE('',#26570,#26590);
#26610=EDGE_CURVE('',#22690,#26020,#26600,.T.);
#26620=ORIENTED_EDGE('',*,*,#26610,.F.);
#26630=ORIENTED_EDGE('',*,*,#26030,.T.);
#26640=EDGE_LOOP('',(#26630,#26620,#26560,#26550));
#26650=FACE_OUTER_BOUND('',#26640,.T.);
#26660=ADVANCED_FACE('',(#26650),#26490,.F.);
#26670=COLOUR_RGB('',1.,0.709803938865662,0.);
#26680=FILL_AREA_STYLE_COLOUR('',#26670);
#26690=FILL_AREA_STYLE('',(#26680));
#26700=SURFACE_STYLE_FILL_AREA(#26690);
#26710=SURFACE_SIDE_STYLE('',(#26700));
#26720=SURFACE_STYLE_USAGE(.BOTH.,#26710);
#26730=PRESENTATION_STYLE_ASSIGNMENT((#26720));
#26740=ORIENTED_EDGE('',*,*,#16950,.F.);
#26750=ORIENTED_EDGE('',*,*,#26090,.T.);
#26760=ORIENTED_EDGE('',*,*,#26610,.T.);
#26770=ORIENTED_EDGE('',*,*,#22700,.F.);
#26780=EDGE_LOOP('',(#26770,#26760,#26750,#26740));
#26790=FACE_OUTER_BOUND('',#26780,.T.);
#26800=ADVANCED_FACE('',(#26790),#26250,.F.);
#26810=COLOUR_RGB('',1.,0.709803938865662,0.);
#26820=FILL_AREA_STYLE_COLOUR('',#26810);
#26830=FILL_AREA_STYLE('',(#26820));
#26840=SURFACE_STYLE_FILL_AREA(#26830);
#26850=SURFACE_SIDE_STYLE('',(#26840));
#26860=SURFACE_STYLE_USAGE(.BOTH.,#26850);
#26870=PRESENTATION_STYLE_ASSIGNMENT((#26860));
#26880=CARTESIAN_POINT('',(21.194485909929,16.5952909133297,
-29.1674513105601));
#26890=CARTESIAN_POINT('',(21.1944859099241,15.2948744685652,
-27.6399351270647));
#26900=CARTESIAN_POINT('',(21.1944859099177,14.8352764099148,
-25.634749878429));
#26910=CARTESIAN_POINT('',(21.1944859099113,15.294874468566,
-23.6295646297935));
#26920=CARTESIAN_POINT('',(21.1944859099064,16.595290913331,
-22.1020484462985));
#26930=CARTESIAN_POINT('',(21.1944859099045,18.4660268568866,
-21.5116657028206));
#26940=CARTESIAN_POINT('',(21.1944859099064,20.336762800442,
-22.1020484462993));
#26950=CARTESIAN_POINT('',(21.1944859099113,21.6371792452065,
-23.6295646297947));
#26960=CARTESIAN_POINT('',(21.1944859099177,22.0967773038568,
-25.6347498784304));
#26970=CARTESIAN_POINT('',(21.1944859099241,21.6371792452057,
-27.6399351270659));
#26980=CARTESIAN_POINT('',(21.194485909929,20.3367628004406,
-29.1674513105609));
#26990=CARTESIAN_POINT('',(21.1944859099309,18.466026856885,
-29.7578340540389));
#27000=CARTESIAN_POINT('',(21.194485909929,16.5952909133297,
-29.1674513105601));
#27010=CARTESIAN_POINT('',(21.1944859099241,15.2948744685652,
-27.6399351270647));
#27020=CARTESIAN_POINT('',(21.1944859099177,14.8352764099148,
-25.634749878429));
#27030=B_SPLINE_CURVE_WITH_KNOTS('',3,(#26880,#26890,#26900,#26910,
#26920,#26930,#26940,#26950,#26960,#26970,#26980,#26990,#27000,#27010,
#27020),.UNSPECIFIED.,.T.,.F.,(1,1,1,1,1,1,1,1,1,1,1,1,1,1,1,1,1,1,1),(
-3.63104926073616,-1.81552463036808,0.,1.92016948756261,3.93956841755632
,5.95896734755004,7.87913683511265,9.69466146548073,11.5101860958488,
13.4303555834114,15.4497545134051,17.4691534433988,19.3893229309615,
21.2048475613295,23.0203721916976,24.9405416792602,26.9599406092539,
28.9793395392477,30.8995090268103),.UNSPECIFIED.);
#27040=DIRECTION('',(-1.,-3.60878563434073E-16,-3.20873895090958E-12));
#27050=VECTOR('',#27040,1.);
#27060=SURFACE_OF_LINEAR_EXTRUSION('',#27030,#27050);
#27070=ORIENTED_EDGE('',*,*,#24470,.F.);
#27080=CARTESIAN_POINT('',(21.194485909924,15.4565885787345,
-27.5997497058105));
#27090=DIRECTION('',(-1.,-3.60878563434073E-16,-3.20873895090958E-12));
#27100=VECTOR('',#27090,1.);
#27110=LINE('',#27080,#27100);
#27120=CARTESIAN_POINT('',(23.7944859099049,15.4565885787345,
-27.5997497058021));
#27130=VERTEX_POINT('',#27120);
#27140=EDGE_CURVE('',#27130,#24420,#27110,.T.);
#27150=ORIENTED_EDGE('',*,*,#27140,.T.);
#27160=CARTESIAN_POINT('',(23.7944859099099,16.5952909133297,
-29.1674513105518));
#27170=CARTESIAN_POINT('',(23.794485909905,15.2948744685652,
-27.6399351270563));
#27180=CARTESIAN_POINT('',(23.7944859098986,14.8352764099148,
-25.6347498784207));
#27190=CARTESIAN_POINT('',(23.7944859098921,15.294874468566,
-23.6295646297851));
#27200=CARTESIAN_POINT('',(23.7944859098872,16.595290913331,
-22.1020484462902));
#27210=CARTESIAN_POINT('',(23.7944859098853,18.4660268568866,
-21.5116657028122));
#27220=CARTESIAN_POINT('',(23.7944859098872,20.336762800442,
-22.1020484462909));
#27230=CARTESIAN_POINT('',(23.7944859098921,21.6371792452065,
-23.6295646297864));
#27240=CARTESIAN_POINT('',(23.7944859098986,22.0967773038568,
-25.6347498784221));
#27250=CARTESIAN_POINT('',(23.794485909905,21.6371792452057,
-27.6399351270576));
#27260=CARTESIAN_POINT('',(23.7944859099099,20.3367628004406,
-29.1674513105525));
#27270=CARTESIAN_POINT('',(23.7944859099118,18.466026856885,
-29.7578340540305));
#27280=CARTESIAN_POINT('',(23.7944859099099,16.5952909133297,
-29.1674513105518));
#27290=CARTESIAN_POINT('',(23.794485909905,15.2948744685652,
-27.6399351270563));
#27300=CARTESIAN_POINT('',(23.7944859098986,14.8352764099148,
-25.6347498784207));
#27310=B_SPLINE_CURVE_WITH_KNOTS('',3,(#27160,#27170,#27180,#27190,
#27200,#27210,#27220,#27230,#27240,#27250,#27260,#27270,#27280,#27290,
#27300),.UNSPECIFIED.,.T.,.F.,(1,1,1,1,1,1,1,1,1,1,1,1,1,1,1,1,1,1,1),(
-3.63104926073616,-1.81552463036808,0.,1.92016948756261,3.93956841755632
,5.95896734755004,7.87913683511265,9.69466146548073,11.5101860958488,
13.4303555834114,15.4497545134051,17.4691534433988,19.3893229309615,
21.2048475613295,23.0203721916976,24.9405416792602,26.9599406092539,
28.9793395392477,30.8995090268103),.UNSPECIFIED.);
#27320=CARTESIAN_POINT('',(23.7944859096325,16.7660268568908,
-29.062204348539));
#27330=VERTEX_POINT('',#27320);
#27340=EDGE_CURVE('',#27330,#27130,#27310,.T.);
#27350=ORIENTED_EDGE('',*,*,#27340,.T.);
#27360=CARTESIAN_POINT('',(21.1944859099287,16.7660268568389,
-29.0622043485146));
#27370=DIRECTION('',(-1.,-3.60878563434073E-16,-3.20873895090958E-12));
#27380=VECTOR('',#27370,1.);
#27390=LINE('',#27360,#27380);
#27400=EDGE_CURVE('',#27330,#24460,#27390,.T.);
#27410=ORIENTED_EDGE('',*,*,#27400,.F.);
#27420=EDGE_LOOP('',(#27410,#27350,#27150,#27070));
#27430=FACE_OUTER_BOUND('',#27420,.T.);
#27440=ADVANCED_FACE('',(#27430),#27060,.T.);
#27450=COLOUR_RGB('',0.501960813999176,1.,0.501960813999176);
#27460=FILL_AREA_STYLE_COLOUR('',#27450);
#27470=FILL_AREA_STYLE('',(#27460));
#27480=SURFACE_STYLE_FILL_AREA(#27470);
#27490=SURFACE_SIDE_STYLE('',(#27480));
#27500=SURFACE_STYLE_USAGE(.BOTH.,#27490);
#27510=PRESENTATION_STYLE_ASSIGNMENT((#27500));
#27520=CARTESIAN_POINT('',(5.54448622467055,7.61602665620335,
-18.1347499610328));
#27530=DIRECTION('',(0.936329177569045,0.351123441588392,
1.28167716052491E-10));
#27540=DIRECTION('',(-0.351123441588392,0.936329177569044,
-1.99260685652364E-11));
#27550=AXIS2_PLACEMENT_3D('',#27520,#27530,#27540);
#27560=PLANE('',#27550);
#27570=CARTESIAN_POINT('',(4.11948622492836,11.4160266562568,
-20.1647499611119));
#27580=DIRECTION('',(-0.328817723971516,0.876847264052069,
-0.350738905635792));
#27590=VECTOR('',#27580,1.);
#27600=LINE('',#27570,#27590);
#27610=CARTESIAN_POINT('',(5.69448622471499,7.21602665621256,
-18.4847499610225));
#27620=VERTEX_POINT('',#27610);
#27630=EDGE_CURVE('',#27620,#110,#27600,.T.);
#27640=ORIENTED_EDGE('',*,*,#27630,.F.);
#27650=ORIENTED_EDGE('',*,*,#140,.F.);
#27660=ORIENTED_EDGE('',*,*,#5200,.F.);
#27670=ORIENTED_EDGE('',*,*,#8150,.F.);
#27680=CARTESIAN_POINT('',(4.11948622441273,11.4160266561499,
-16.1047499611155));
#27690=DIRECTION('',(0.328817724060606,-0.876847264033589,
-0.350738905598471));
#27700=VECTOR('',#27690,1.);
#27710=LINE('',#27680,#27700);
#27720=CARTESIAN_POINT('',(5.69448622462609,7.21602665619412,
-17.7847499610262));
#27730=VERTEX_POINT('',#27720);
#27740=EDGE_CURVE('',#8080,#27730,#27710,.T.);
#27750=ORIENTED_EDGE('',*,*,#27740,.F.);
#27760=CARTESIAN_POINT('',(5.69448622467054,7.21602665620335,
-18.1347499610243));
#27770=DIRECTION('',(-1.27003681934284E-10,-2.63453301690022E-11,1.));
#27780=VECTOR('',#27770,1.);
#27790=LINE('',#27760,#27780);
#27800=EDGE_CURVE('',#27620,#27730,#27790,.T.);
#27810=ORIENTED_EDGE('',*,*,#27800,.T.);
#27820=EDGE_LOOP('',(#27810,#27750,#27670,#27660,#27650,#27640));
#27830=FACE_OUTER_BOUND('',#27820,.T.);
#27840=ADVANCED_FACE('',(#27830),#27560,.F.);
#27850=COLOUR_RGB('',0.94901967048645,0.94901967048645,1.);
#27860=FILL_AREA_STYLE_COLOUR('',#27850);
#27870=FILL_AREA_STYLE('',(#27860));
#27880=SURFACE_STYLE_FILL_AREA(#27870);
#27890=SURFACE_SIDE_STYLE('',(#27880));
#27900=SURFACE_STYLE_USAGE(.BOTH.,#27890);
#27910=PRESENTATION_STYLE_ASSIGNMENT((#27900));
#27920=CARTESIAN_POINT('',(6.44448622476067,9.31602665621916,
-18.7347499608719));
#27930=DIRECTION('',(-0.707106781276353,-1.86289616144384E-11,
0.707106781096742));
#27940=DIRECTION('',(-0.707106781096742,1.86289616157616E-11,
-0.707106781276353));
#27950=AXIS2_PLACEMENT_3D('',#27920,#27930,#27940);
#27960=PLANE('',#27950);
#27970=CARTESIAN_POINT('',(25.1792361808343,10.8160266563802,0.));
#27980=DIRECTION('',(-0.707106781096742,-7.75216002502077E-12,
-0.707106781276353));
#27990=VECTOR('',#27980,1.);
#28000=LINE('',#27970,#27990);
#28010=CARTESIAN_POINT('',(6.29448622477971,10.8160266561732,
-18.8847499608514));
#28020=VERTEX_POINT('',#28010);
#28030=EDGE_CURVE('',#2670,#28020,#28000,.T.);
#28040=ORIENTED_EDGE('',*,*,#28030,.F.);
#28050=CARTESIAN_POINT('',(6.29448622477972,9.31602665622311,
-18.8847499608909));
#28060=DIRECTION('',(2.41027505800881E-21,-1.,-2.63453301690022E-11));
#28070=VECTOR('',#28060,1.);
#28080=LINE('',#28050,#28070);
#28090=CARTESIAN_POINT('',(6.29448622477972,8.21602665622311,
-18.8847499609199));
#28100=VERTEX_POINT('',#28090);
#28110=EDGE_CURVE('',#28020,#28100,#28080,.T.);
#28120=ORIENTED_EDGE('',*,*,#28110,.F.);
#28130=CARTESIAN_POINT('',(5.01448622494229,11.4160266562568,
-20.1647499609982));
#28140=DIRECTION('',(0.348155311867179,-0.870388279787662,
0.348155311932682));
#28150=VECTOR('',#28140,1.);
#28160=LINE('',#28130,#28150);
#28170=CARTESIAN_POINT('',(6.48803461185191,7.73215568847607,
-18.6912015738113));
#28180=VERTEX_POINT('',#28170);
#28190=EDGE_CURVE('',#28100,#28180,#28160,.T.);
#28200=ORIENTED_EDGE('',*,*,#28190,.F.);
#28210=CARTESIAN_POINT('',(7.8694862245797,11.4160266561816,
-17.3097499606356));
#28220=DIRECTION('',(0.331294578182464,0.883452208590044,
0.33129457828989));
#28230=VECTOR('',#28220,1.);
#28240=LINE('',#28210,#28230);
#28250=EDGE_CURVE('',#28180,#2690,#28240,.T.);
#28260=ORIENTED_EDGE('',*,*,#28250,.F.);
#28270=ORIENTED_EDGE('',*,*,#2700,.T.);
#28280=EDGE_LOOP('',(#28270,#28260,#28200,#28120,#28040));
#28290=FACE_OUTER_BOUND('',#28280,.T.);
#28300=ADVANCED_FACE('',(#28290),#27960,.F.);
#28310=COLOUR_RGB('',0.94901967048645,0.94901967048645,1.);
#28320=FILL_AREA_STYLE_COLOUR('',#28310);
#28330=FILL_AREA_STYLE('',(#28320));
#28340=SURFACE_STYLE_FILL_AREA(#28330);
#28350=SURFACE_SIDE_STYLE('',(#28340));
#28360=SURFACE_STYLE_USAGE(.BOTH.,#28350);
#28370=PRESENTATION_STYLE_ASSIGNMENT((#28360));
#28380=CARTESIAN_POINT('',(16.1444853743065,18.754102913986,
-33.1347499002237));
#28390=DIRECTION('',(-5.55111512312578E-17,1.,-5.39443232852189E-12));
#28400=DIRECTION('',(1.33183008702767E-12,-5.39443232852189E-12,-1.));
#28410=AXIS2_PLACEMENT_3D('',#28380,#28390,#28400);
#28420=CYLINDRICAL_SURFACE('',#28410,1.25);
#28430=CARTESIAN_POINT('',(16.1444853743081,18.7541029139792,
-34.3847499002237));
#28440=DIRECTION('',(-5.55111512312578E-17,1.,-5.39443232852189E-12));
#28450=VECTOR('',#28440,1.);
#28460=LINE('',#28430,#28450);
#28470=CARTESIAN_POINT('',(16.1444853743081,28.9624364615547,
-34.3847499002787));
#28480=VERTEX_POINT('',#28470);
#28490=CARTESIAN_POINT('',(16.1444853743081,34.8307611429918,
-34.3847499003104));
#28500=VERTEX_POINT('',#28490);
#28510=EDGE_CURVE('',#28480,#28500,#28460,.T.);
#28520=ORIENTED_EDGE('',*,*,#28510,.F.);
#28530=CARTESIAN_POINT('',(16.1444853743065,34.8307611429988,
-33.1347499003104));
#28540=DIRECTION('',(0.173648172469936,0.984807753928578,
-5.20887174200054E-12));
#28550=DIRECTION('',(-0.984807753928578,0.173648172469936,
-1.52431807381167E-12));
#28560=AXIS2_PLACEMENT_3D('',#28530,#28540,#28550);
#28570=ELLIPSE('',#28560,1.2692832636761,1.25);
#28580=CARTESIAN_POINT('',(16.1444853743048,34.8307611430057,
-31.8847499003104));
#28590=VERTEX_POINT('',#28580);
#28600=EDGE_CURVE('',#28590,#28500,#28570,.T.);
#28610=ORIENTED_EDGE('',*,*,#28600,.T.);
#28620=CARTESIAN_POINT('',(16.1444853743048,18.7541029139927,
-31.8847499002237));
#28630=DIRECTION('',(-5.55111512312578E-17,1.,-5.39443232852189E-12));
#28640=VECTOR('',#28630,1.);
#28650=LINE('',#28620,#28640);
#28660=CARTESIAN_POINT('',(16.1444853743048,28.9624364615683,
-31.8847499002787));
#28670=VERTEX_POINT('',#28660);
#28680=EDGE_CURVE('',#28670,#28590,#28650,.T.);
#28690=ORIENTED_EDGE('',*,*,#28680,.T.);
#28700=CARTESIAN_POINT('',(16.1444853743065,28.9624364615615,
-33.1347499002787));
#28710=DIRECTION('',(0.258819045092524,-0.965925826291747,
5.61919001149628E-12));
#28720=DIRECTION('',(0.965925826291747,0.258819045092524,
1.28616603198904E-13));
#28730=AXIS2_PLACEMENT_3D('',#28700,#28710,#28720);
#28740=ELLIPSE('',#28730,1.29409522550902,1.25);
#28750=CARTESIAN_POINT('',(17.3944853743065,29.2973729520865,
-33.1347499002786));
#28760=VERTEX_POINT('',#28750);
#28770=EDGE_CURVE('',#28760,#28670,#28740,.T.);
#28780=ORIENTED_EDGE('',*,*,#28770,.T.);
#28790=EDGE_CURVE('',#28480,#28760,#28740,.T.);
#28800=ORIENTED_EDGE('',*,*,#28790,.T.);
#28810=EDGE_LOOP('',(#28800,#28780,#28690,#28610,#28520));
#28820=FACE_OUTER_BOUND('',#28810,.T.);
#28830=ADVANCED_FACE('',(#28820),#28420,.F.);
#28840=COLOUR_RGB('',1.,0.709803938865662,0.);
#28850=FILL_AREA_STYLE_COLOUR('',#28840);
#28860=FILL_AREA_STYLE('',(#28850));
#28870=SURFACE_STYLE_FILL_AREA(#28860);
#28880=SURFACE_SIDE_STYLE('',(#28870));
#28890=SURFACE_STYLE_USAGE(.BOTH.,#28880);
#28900=PRESENTATION_STYLE_ASSIGNMENT((#28890));
#28910=CARTESIAN_POINT('',(22.994485909912,13.6033425054529,
-21.4347498785993));
#28920=DIRECTION('',(-9.04552778569693E-12,1.09632613695891E-11,1.));
#28930=DIRECTION('',(0.,1.,-1.09632613695891E-11));
#28940=AXIS2_PLACEMENT_3D('',#28910,#28920,#28930);
#28950=PLANE('',#28940);
#28960=CARTESIAN_POINT('',(26.4944859100031,33.0057767970663,
-21.4347498787803));
#28970=DIRECTION('',(2.14618160360293E-12,-5.11928974526717E-12,-1.));
#28980=DIRECTION('',(-1.,1.04067865436264E-11,-2.14618160365621E-12));
#28990=AXIS2_PLACEMENT_3D('',#28960,#28970,#28980);
#29000=CIRCLE('',#28990,0.25);
#29010=CARTESIAN_POINT('',(26.2482839813571,33.0491888959673,
-21.434749878783));
#29020=VERTEX_POINT('',#29010);
#29030=CARTESIAN_POINT('',(26.7444859100031,33.0057767970637,
-21.4347498787781));
#29040=VERTEX_POINT('',#29030);
#29050=EDGE_CURVE('',#29020,#29040,#29000,.T.);
#29060=ORIENTED_EDGE('',*,*,#29050,.T.);
#29070=CARTESIAN_POINT('',(14.2278011936397,35.1687242671772,
-21.434749878915));
#29080=DIRECTION('',(0.984807753928579,-0.173648172469936,
1.08118562028697E-11));
#29090=VECTOR('',#29080,1.);
#29100=LINE('',#29070,#29090);
#29110=CARTESIAN_POINT('',(25.2906878569722,33.2180389241077,
-21.4347498787955));
#29120=VERTEX_POINT('',#29110);
#29130=EDGE_CURVE('',#29120,#29020,#29100,.T.);
#29140=ORIENTED_EDGE('',*,*,#29130,.T.);
#29150=CARTESIAN_POINT('',(25.0444859100058,33.2614509191087,
-21.4347498787962));
#29160=DIRECTION('',(2.14618160360293E-12,-5.11928974526717E-12,-1.));
#29170=DIRECTION('',(-1.,1.04067865436264E-11,-2.14618160365621E-12));
#29180=AXIS2_PLACEMENT_3D('',#29150,#29160,#29170);
#29190=CIRCLE('',#29180,0.25);
#29200=CARTESIAN_POINT('',(25.2944859100058,33.2614509191061,
-21.4347498787957));
#29210=VERTEX_POINT('',#29200);
#29220=EDGE_CURVE('',#29210,#29120,#29190,.T.);
#29230=ORIENTED_EDGE('',*,*,#29220,.T.);
#29240=CARTESIAN_POINT('',(24.7982839800079,33.3048630103427,
-21.434749878797));
#29250=VERTEX_POINT('',#29240);
#29260=EDGE_CURVE('',#29250,#29210,#29190,.T.);
#29270=ORIENTED_EDGE('',*,*,#29260,.T.);
#29280=CARTESIAN_POINT('',(14.2278011936397,35.1687242671772,
-21.434749878915));
#29290=DIRECTION('',(0.984807753928579,-0.173648172469936,
1.08118562028697E-11));
#29300=VECTOR('',#29290,1.);
#29310=LINE('',#29280,#29300);
#29320=CARTESIAN_POINT('',(23.8406878556229,33.4737130384831,
-21.4347498788095));
#29330=VERTEX_POINT('',#29320);
#29340=EDGE_CURVE('',#29330,#29250,#29310,.T.);
#29350=ORIENTED_EDGE('',*,*,#29340,.T.);
#29360=CARTESIAN_POINT('',(23.5944859100085,33.517125041151,
-21.4347498788122));
#29370=DIRECTION('',(2.14618160360293E-12,-5.11928974526717E-12,-1.));
#29380=DIRECTION('',(-1.,1.04067865436264E-11,-2.14618160365621E-12));
#29390=AXIS2_PLACEMENT_3D('',#29360,#29370,#29380);
#29400=CIRCLE('',#29390,0.25);
#29410=CARTESIAN_POINT('',(23.8444859100085,33.5171250411484,
-21.4347498788116));
#29420=VERTEX_POINT('',#29410);
#29430=EDGE_CURVE('',#29420,#29330,#29400,.T.);
#29440=ORIENTED_EDGE('',*,*,#29430,.T.);
#29450=CARTESIAN_POINT('',(23.3482839786587,33.5605371247181,
-21.4347498788149));
#29460=VERTEX_POINT('',#29450);
#29470=EDGE_CURVE('',#29460,#29420,#29400,.T.);
#29480=ORIENTED_EDGE('',*,*,#29470,.T.);
#29490=CARTESIAN_POINT('',(14.2278011936397,35.1687242671772,
-21.434749878915));
#29500=DIRECTION('',(-0.984807753928579,0.173648172469936,
-1.08118562028697E-11));
#29510=VECTOR('',#29500,1.);
#29520=LINE('',#29490,#29510);
#29530=CARTESIAN_POINT('',(17.2732985279873,34.6317209340273,
-21.4347498788816));
#29540=VERTEX_POINT('',#29530);
#29550=EDGE_CURVE('',#29460,#29540,#29520,.T.);
#29560=ORIENTED_EDGE('',*,*,#29550,.F.);
#29570=CARTESIAN_POINT('',(17.273298527982,25.9910190606712,
-21.4347498788172));
#29580=DIRECTION('',(6.14119866071405E-13,1.,-5.11929580817718E-12));
#29590=VECTOR('',#29580,1.);
#29600=LINE('',#29570,#29590);
#29610=CARTESIAN_POINT('',(17.2732985279875,34.6200064470171,
-21.4347498788814));
#29620=VERTEX_POINT('',#29610);
#29630=EDGE_CURVE('',#29620,#29540,#29600,.T.);
#29640=ORIENTED_EDGE('',*,*,#29630,.T.);
#29650=CARTESIAN_POINT('',(0.,37.6657549293449,-21.4347498790711));
#29660=DIRECTION('',(-0.984807753928578,0.173648172469936,
-1.0811837536373E-11));
#29670=VECTOR('',#29660,1.);
#29680=LINE('',#29650,#29670);
#29690=CARTESIAN_POINT('',(22.4614917451967,33.7051880299204,
-21.4347498788245));
#29700=VERTEX_POINT('',#29690);
#29710=EDGE_CURVE('',#29700,#29620,#29680,.T.);
#29720=ORIENTED_EDGE('',*,*,#29710,.T.);
#29730=CARTESIAN_POINT('',(31.4927696585529,0.,-21.4347498783733));
#29740=DIRECTION('',(-0.25881904510252,0.965925826289069,
-1.29308785901117E-11));
#29750=VECTOR('',#29740,1.);
#29760=LINE('',#29730,#29750);
#29770=CARTESIAN_POINT('',(22.9944859098685,31.7160267272272,
-21.4347498787978));
#29780=VERTEX_POINT('',#29770);
#29790=EDGE_CURVE('',#29780,#29700,#29760,.T.);
#29800=ORIENTED_EDGE('',*,*,#29790,.T.);
#29810=CARTESIAN_POINT('',(22.9944859098606,0.,-21.4347498784501));
#29820=DIRECTION('',(3.69048568995094E-23,1.,-1.09632613695891E-11));
#29830=VECTOR('',#29820,1.);
#29840=LINE('',#29810,#29830);
#29850=CARTESIAN_POINT('',(22.9944859098606,29.8325437735779,
-21.4347498787772));
#29860=VERTEX_POINT('',#29850);
#29870=EDGE_CURVE('',#29860,#29780,#29840,.T.);
#29880=ORIENTED_EDGE('',*,*,#29870,.T.);
#29890=CARTESIAN_POINT('',(13.0720659147079,28.6142237914777,
-21.4347498788536));
#29900=DIRECTION('',(-0.992546151642595,-0.121869343394783,
-7.64198307139074E-12));
#29910=VECTOR('',#29900,1.);
#29920=LINE('',#29890,#29910);
#29930=CARTESIAN_POINT('',(23.5463493720783,29.9003040864531,
-21.434749878773));
#29940=VERTEX_POINT('',#29930);
#29950=EDGE_CURVE('',#29940,#29860,#29920,.T.);
#29960=ORIENTED_EDGE('',*,*,#29950,.T.);
#29970=CARTESIAN_POINT('',(23.7944859099888,29.9307714223025,
-21.434749878771));
#29980=DIRECTION('',(2.14618160360293E-12,-5.11928974526717E-12,-1.));
#29990=DIRECTION('',(-1.,1.04067865436264E-11,-2.14618160365621E-12));
#30000=AXIS2_PLACEMENT_3D('',#29970,#29980,#29990);
#30010=CIRCLE('',#30000,0.25);
#30020=CARTESIAN_POINT('',(24.0444859099888,29.9307714222999,
-21.4347498787705));
#30030=VERTEX_POINT('',#30020);
#30040=EDGE_CURVE('',#30030,#29940,#30010,.T.);
#30050=ORIENTED_EDGE('',*,*,#30040,.T.);
#30060=CARTESIAN_POINT('',(24.0426224478995,29.9612387581513,
-21.4347498787691));
#30070=VERTEX_POINT('',#30060);
#30080=EDGE_CURVE('',#30070,#30030,#30010,.T.);
#30090=ORIENTED_EDGE('',*,*,#30080,.T.);
#30100=CARTESIAN_POINT('',(13.072065914708,28.6142237914782,
-21.4347498788536));
#30110=DIRECTION('',(-0.992546151642584,-0.121869343394875,
-7.64198307139027E-12));
#30120=VECTOR('',#30110,1.);
#30130=LINE('',#30100,#30120);
#30140=CARTESIAN_POINT('',(24.8963493720799,30.0660632436588,
-21.434749878761));
#30150=VERTEX_POINT('',#30140);
#30160=EDGE_CURVE('',#30150,#30070,#30130,.T.);
#30170=ORIENTED_EDGE('',*,*,#30160,.T.);
#30180=CARTESIAN_POINT('',(25.1444859099905,30.0965305795075,
-21.4347498787606));
#30190=DIRECTION('',(2.14618160360293E-12,-5.11928974526717E-12,-1.));
#30200=DIRECTION('',(-1.,1.04067865436264E-11,-2.14618160365621E-12));
#30210=AXIS2_PLACEMENT_3D('',#30180,#30190,#30200);
#30220=CIRCLE('',#30210,0.25);
#30230=CARTESIAN_POINT('',(25.3944859099905,30.0965305795049,
-21.4347498787601));
#30240=VERTEX_POINT('',#30230);
#30250=EDGE_CURVE('',#30240,#30150,#30220,.T.);
#30260=ORIENTED_EDGE('',*,*,#30250,.T.);
#30270=CARTESIAN_POINT('',(25.3926224479012,30.1269979153563,
-21.4347498787603));
#30280=VERTEX_POINT('',#30270);
#30290=EDGE_CURVE('',#30280,#30240,#30220,.T.);
#30300=ORIENTED_EDGE('',*,*,#30290,.T.);
#30310=CARTESIAN_POINT('',(13.072065914708,28.6142237914782,
-21.4347498788536));
#30320=DIRECTION('',(-0.992546151642584,-0.121869343394875,
-7.64198307139027E-12));
#30330=VECTOR('',#30320,1.);
#30340=LINE('',#30310,#30330);
#30350=CARTESIAN_POINT('',(26.2463493720702,30.2318224008621,
-21.4347498787506));
#30360=VERTEX_POINT('',#30350);
#30370=EDGE_CURVE('',#30360,#30280,#30340,.T.);
#30380=ORIENTED_EDGE('',*,*,#30370,.T.);
#30390=CARTESIAN_POINT('',(26.4944859099808,30.2622897367108,
-21.4347498787503));
#30400=DIRECTION('',(2.14618160360293E-12,-5.11928974526717E-12,-1.));
#30410=DIRECTION('',(-1.,1.04067865436264E-11,-2.14618160365621E-12));
#30420=AXIS2_PLACEMENT_3D('',#30390,#30400,#30410);
#30430=CIRCLE('',#30420,0.25);
#30440=CARTESIAN_POINT('',(26.7444859099808,30.2622897367082,
-21.4347498787497));
#30450=VERTEX_POINT('',#30440);
#30460=EDGE_CURVE('',#30450,#30360,#30430,.T.);
#30470=ORIENTED_EDGE('',*,*,#30460,.T.);
#30480=CARTESIAN_POINT('',(26.7444859099924,24.3209931858776,
-21.4347498786829));
#30490=DIRECTION('',(-2.59681165459824E-13,1.,-1.09632489027278E-11));
#30500=VECTOR('',#30490,1.);
#30510=LINE('',#30480,#30500);
#30520=CARTESIAN_POINT('',(26.7444859099906,31.1660264435294,
-21.4347498787579));
#30530=VERTEX_POINT('',#30520);
#30540=EDGE_CURVE('',#30450,#30530,#30510,.T.);
#30550=ORIENTED_EDGE('',*,*,#30540,.F.);
#30560=CARTESIAN_POINT('',(26.744485909996,31.6660264435294,
-21.4347498787634));
#30570=DIRECTION('',(2.14618160360293E-12,-5.11928974526717E-12,-1.));
#30580=DIRECTION('',(-1.,1.04067865436264E-11,-2.14618160365621E-12));
#30590=AXIS2_PLACEMENT_3D('',#30560,#30570,#30580);
#30600=CIRCLE('',#30590,0.5);
#30610=CARTESIAN_POINT('',(26.244485909996,31.6660264435346,
-21.4347498787645));
#30620=VERTEX_POINT('',#30610);
#30630=EDGE_CURVE('',#30530,#30620,#30600,.T.);
#30640=ORIENTED_EDGE('',*,*,#30630,.F.);
#30650=CARTESIAN_POINT('',(26.7444859099904,32.1660264435294,
-21.4347498787689));
#30660=VERTEX_POINT('',#30650);
#30670=EDGE_CURVE('',#30620,#30660,#30600,.T.);
#30680=ORIENTED_EDGE('',*,*,#30670,.F.);
#30690=CARTESIAN_POINT('',(26.7444859099924,24.3209931858776,
-21.4347498786829));
#30700=DIRECTION('',(-2.59681165459824E-13,1.,-1.09632489027278E-11));
#30710=VECTOR('',#30700,1.);
#30720=LINE('',#30690,#30710);
#30730=EDGE_CURVE('',#30660,#29040,#30720,.T.);
#30740=ORIENTED_EDGE('',*,*,#30730,.F.);
#30750=EDGE_LOOP('',(#30740,#30680,#30640,#30550,#30470,#30380,#30300,
#30260,#30170,#30090,#30050,#29960,#29880,#29800,#29720,#29640,#29560,
#29480,#29440,#29350,#29270,#29230,#29140,#29060));
#30760=FACE_OUTER_BOUND('',#30750,.T.);
#30770=ADVANCED_FACE('',(#30760),#28950,.F.);
#30780=COLOUR_RGB('',1.,0.709803938865662,0.);
#30790=FILL_AREA_STYLE_COLOUR('',#30780);
#30800=FILL_AREA_STYLE('',(#30790));
#30810=SURFACE_STYLE_FILL_AREA(#30800);
#30820=SURFACE_SIDE_STYLE('',(#30810));
#30830=SURFACE_STYLE_USAGE(.BOTH.,#30820);
#30840=PRESENTATION_STYLE_ASSIGNMENT((#30830));
#30850=CARTESIAN_POINT('',(26.7444859099883,32.2520743163381,
-15.1513218722993));
#30860=DIRECTION('',(-1.,-2.59625654310325E-13,-3.29887159557721E-13));
#30870=DIRECTION('',(-2.59625654308593E-13,1.,-5.25153085039076E-12));
#30880=AXIS2_PLACEMENT_3D('',#30850,#30860,#30870);
#30890=PLANE('',#30880);
#30900=CARTESIAN_POINT('',(26.7444859100031,33.0057767970637,
-21.4347498788327));
#30910=DIRECTION('',(2.14618160360293E-12,-5.11928974526717E-12,-1.));
#30920=VECTOR('',#30910,1.);
#30930=LINE('',#30900,#30920);
#30940=CARTESIAN_POINT('',(26.744485909989,33.0057767970975,
-14.8347499217541));
#30950=VERTEX_POINT('',#30940);
#30960=EDGE_CURVE('',#30950,#29040,#30930,.T.);
#30970=ORIENTED_EDGE('',*,*,#30960,.F.);
#30980=ORIENTED_EDGE('',*,*,#30730,.T.);
#30990=CARTESIAN_POINT('',(26.7444859099825,32.1660264435668,
-14.1267475260088));
#31000=DIRECTION('',(2.14618160360293E-12,-5.11928974526717E-12,-1.));
#31010=VECTOR('',#31000,1.);
#31020=LINE('',#30990,#31010);
#31030=CARTESIAN_POINT('',(26.7444859099895,32.1660264435632,
-14.8347499217498));
#31040=VERTEX_POINT('',#31030);
#31050=EDGE_CURVE('',#31040,#30660,#31020,.T.);
#31060=ORIENTED_EDGE('',*,*,#31050,.T.);
#31070=CARTESIAN_POINT('',(26.7444859099902,24.320993185912,
-14.8347499217096));
#31080=DIRECTION('',(-2.59681165459824E-13,1.,-5.11928470128153E-12));
#31090=VECTOR('',#31080,1.);
#31100=LINE('',#31070,#31090);
#31110=EDGE_CURVE('',#31040,#30950,#31100,.T.);
#31120=ORIENTED_EDGE('',*,*,#31110,.F.);
#31130=EDGE_LOOP('',(#31120,#31060,#30980,#30970));
#31140=FACE_OUTER_BOUND('',#31130,.T.);
#31150=ADVANCED_FACE('',(#31140),#30890,.F.);
#31160=COLOUR_RGB('',1.,0.709803938865662,0.);
#31170=FILL_AREA_STYLE_COLOUR('',#31160);
#31180=FILL_AREA_STYLE('',(#31170));
#31190=SURFACE_STYLE_FILL_AREA(#31180);
#31200=SURFACE_SIDE_STYLE('',(#31190));
#31210=SURFACE_STYLE_USAGE(.BOTH.,#31200);
#31220=PRESENTATION_STYLE_ASSIGNMENT((#31210));
#31230=CARTESIAN_POINT('',(26.4944859100031,33.0057767970663,
-21.4347498788333));
#31240=DIRECTION('',(2.14618160360293E-12,-5.11928974526717E-12,-1.));
#31250=DIRECTION('',(-1.,1.04067865436264E-11,-2.14618160365621E-12));
#31260=AXIS2_PLACEMENT_3D('',#31230,#31240,#31250);
#31270=CYLINDRICAL_SURFACE('',#31260,0.25);
#31280=ORIENTED_EDGE('',*,*,#30960,.T.);
#31290=CARTESIAN_POINT('',(26.494485909989,33.0057767971001,
-14.8347499217546));
#31300=DIRECTION('',(2.14618160360293E-12,-5.11928974526717E-12,-1.));
#31310=DIRECTION('',(-1.,1.04067865436264E-11,-2.14618160365621E-12));
#31320=AXIS2_PLACEMENT_3D('',#31290,#31300,#31310);
#31330=CIRCLE('',#31320,0.25);
#31340=CARTESIAN_POINT('',(26.2482839813369,33.0491888959667,
-14.8347499217553));
#31350=VERTEX_POINT('',#31340);
#31360=EDGE_CURVE('',#31350,#30950,#31330,.T.);
#31370=ORIENTED_EDGE('',*,*,#31360,.T.);
#31380=CARTESIAN_POINT('',(26.2482839813575,33.0491888959692,
-21.434749878834));
#31390=DIRECTION('',(2.14618160360293E-12,-5.11928974526717E-12,-1.));
#31400=VECTOR('',#31390,1.);
#31410=LINE('',#31380,#31400);
#31420=EDGE_CURVE('',#31350,#29020,#31410,.T.);
#31430=ORIENTED_EDGE('',*,*,#31420,.F.);
#31440=ORIENTED_EDGE('',*,*,#29050,.F.);
#31450=EDGE_LOOP('',(#31440,#31430,#31370,#31280));
#31460=FACE_OUTER_BOUND('',#31450,.T.);
#31470=ADVANCED_FACE('',(#31460),#31270,.T.);
#31480=COLOUR_RGB('',1.,0.709803938865662,0.);
#31490=FILL_AREA_STYLE_COLOUR('',#31480);
#31500=FILL_AREA_STYLE('',(#31490));
#31510=SURFACE_STYLE_FILL_AREA(#31500);
#31520=SURFACE_SIDE_STYLE('',(#31510));
#31530=SURFACE_STYLE_USAGE(.BOTH.,#31520);
#31540=PRESENTATION_STYLE_ASSIGNMENT((#31530));
#31550=CARTESIAN_POINT('',(16.8357398906265,34.7088743250727,
-18.1347499003134));
#31560=DIRECTION('',(0.173648172469936,0.984807753928578,
-5.20887174200054E-12));
#31570=DIRECTION('',(5.6377453040902E-13,-5.38863563748507E-12,-1.));
#31580=AXIS2_PLACEMENT_3D('',#31550,#31560,#31570);
#31590=PLANE('',#31580);
#31600=CARTESIAN_POINT('',(1.13103748589083E-10,37.6774694163643,
-15.9347498999991));
#31610=DIRECTION('',(0.984807753928578,-0.173648172469936,
-3.79186543275623E-11));
#31620=VECTOR('',#31610,1.);
#31630=LINE('',#31600,#31620);
#31640=CARTESIAN_POINT('',(18.5944857172416,34.3987599932134,
-15.9347499007151));
#31650=VERTEX_POINT('',#31640);
#31660=CARTESIAN_POINT('',(22.4581972014158,33.7174834339037,
-15.9347499008638));
#31670=VERTEX_POINT('',#31660);
#31680=EDGE_CURVE('',#31650,#31670,#31630,.T.);
#31690=ORIENTED_EDGE('',*,*,#31680,.F.);
#31700=CARTESIAN_POINT('',(22.4581972009555,33.7174834340284,
-7.69999996216308));
#31710=DIRECTION('',(5.58885397152337E-11,-1.51438841398947E-11,-1.));
#31720=VECTOR('',#31710,1.);
#31730=LINE('',#31700,#31720);
#31740=CARTESIAN_POINT('',(22.4581972016617,33.7174834338371,
-20.3347502165797));
#31750=VERTEX_POINT('',#31740);
#31760=EDGE_CURVE('',#31670,#31750,#31730,.T.);
#31770=ORIENTED_EDGE('',*,*,#31760,.F.);
#31780=CARTESIAN_POINT('',(1.13103748589083E-10,37.677469416341,
-20.3347502179376));
#31790=DIRECTION('',(-0.984807753928578,0.173648172469936,
-5.95423710336718E-11));
#31800=VECTOR('',#31790,1.);
#31810=LINE('',#31780,#31800);
#31820=CARTESIAN_POINT('',(18.5944857174926,34.3987599931459,
-20.3347502168133));
#31830=VERTEX_POINT('',#31820);
#31840=EDGE_CURVE('',#31750,#31830,#31810,.T.);
#31850=ORIENTED_EDGE('',*,*,#31840,.F.);
#31860=CARTESIAN_POINT('',(18.594485716772,34.3987599933398,
-7.69999996216308));
#31870=DIRECTION('',(-5.70357217027353E-11,1.53461632698319E-11,1.));
#31880=VECTOR('',#31870,1.);
#31890=LINE('',#31860,#31880);
#31900=EDGE_CURVE('',#31830,#31650,#31890,.T.);
#31910=ORIENTED_EDGE('',*,*,#31900,.F.);
#31920=EDGE_LOOP('',(#31910,#31850,#31770,#31690));
#31930=FACE_BOUND('',#31920,.T.);
#31940=CARTESIAN_POINT('',(1.13103748589083E-10,37.6774694163726,
-14.3623075620624));
#31950=DIRECTION('',(-0.91185929708689,0.160785391726627,
0.377704487825493));
#31960=VECTOR('',#31950,1.);
#31970=LINE('',#31940,#31960);
#31980=CARTESIAN_POINT('',(16.8906150956228,34.6991983461415,
-21.3586294113741));
#31990=VERTEX_POINT('',#31980);
#32000=CARTESIAN_POINT('',(15.9444859099954,34.8660264436573,
-20.9667298709343));
#32010=VERTEX_POINT('',#32000);
#32020=EDGE_CURVE('',#31990,#32010,#31970,.T.);
#32030=ORIENTED_EDGE('',*,*,#32020,.T.);
#32040=CARTESIAN_POINT('',(17.2732985279851,34.631720934033,
-20.4347498788614));
#32050=DIRECTION('',(0.173648172469936,0.984807753928579,
-5.20887174200054E-12));
#32060=DIRECTION('',(-0.984807753928579,0.173648172469936,
6.0130045807542E-14));
#32070=AXIS2_PLACEMENT_3D('',#32040,#32050,#32060);
#32080=ELLIPSE('',#32070,1.01542661094077,1.);
#32090=EDGE_CURVE('',#29540,#31990,#32080,.T.);
#32100=ORIENTED_EDGE('',*,*,#32090,.T.);
#32110=ORIENTED_EDGE('',*,*,#29550,.T.);
#32120=CARTESIAN_POINT('',(23.3482839786587,33.5605371247181,
-21.434749878843));
#32130=DIRECTION('',(2.14618160360293E-12,-5.11928974526717E-12,-1.));
#32140=VECTOR('',#32130,1.);
#32150=LINE('',#32120,#32140);
#32160=CARTESIAN_POINT('',(23.3482839786448,33.5605371247536,
-14.8347499217642));
#32170=VERTEX_POINT('',#32160);
#32180=EDGE_CURVE('',#32170,#29460,#32150,.T.);
#32190=ORIENTED_EDGE('',*,*,#32180,.T.);
#32200=CARTESIAN_POINT('',(14.2278011936407,35.168724267212,
-14.834749921792));
#32210=DIRECTION('',(0.984807753928579,-0.173648172469936,
3.00253159317649E-12));
#32220=VECTOR('',#32210,1.);
#32230=LINE('',#32200,#32220);
#32240=CARTESIAN_POINT('',(17.2732985279132,34.6317209340753,
-14.8347499217827));
#32250=VERTEX_POINT('',#32240);
#32260=EDGE_CURVE('',#32250,#32170,#32230,.T.);
#32270=ORIENTED_EDGE('',*,*,#32260,.T.);
#32280=CARTESIAN_POINT('',(17.2732985279153,34.6317209340696,
-15.8347499217827));
#32290=DIRECTION('',(0.173648172469936,0.984807753928579,
-5.20887174200054E-12));
#32300=DIRECTION('',(-0.984807753928579,0.173648172469936,
6.01300458074653E-14));
#32310=AXIS2_PLACEMENT_3D('',#32280,#32290,#32300);
#32320=ELLIPSE('',#32310,1.01542661094077,1.);
#32330=CARTESIAN_POINT('',(16.8906150955467,34.699198346189,
-14.9108703892732));
#32340=VERTEX_POINT('',#32330);
#32350=EDGE_CURVE('',#32340,#32250,#32320,.T.);
#32360=ORIENTED_EDGE('',*,*,#32350,.T.);
#32370=CARTESIAN_POINT('',(1.13103748589083E-10,37.6774694163327,
-21.9071922387173));
#32380=DIRECTION('',(-0.911859297084429,0.160785391722198,
-0.37770448783332));
#32390=VECTOR('',#32380,1.);
#32400=LINE('',#32370,#32390);
#32410=CARTESIAN_POINT('',(15.944485909992,34.8660264436878,
-15.3027699296921));
#32420=VERTEX_POINT('',#32410);
#32430=EDGE_CURVE('',#32340,#32420,#32400,.T.);
#32440=ORIENTED_EDGE('',*,*,#32430,.F.);
#32450=CARTESIAN_POINT('',(15.9444859099875,34.8660264437288,
-7.69999996216308));
#32460=DIRECTION('',(5.96996465782365E-13,-5.39449356086198E-12,-1.));
#32470=VECTOR('',#32460,1.);
#32480=LINE('',#32450,#32470);
#32490=CARTESIAN_POINT('',(15.9444859099929,34.8660264436792,
-16.9008535455516));
#32500=VERTEX_POINT('',#32490);
#32510=EDGE_CURVE('',#32420,#32500,#32480,.T.);
#32520=ORIENTED_EDGE('',*,*,#32510,.F.);
#32530=CARTESIAN_POINT('',(16.1444853742736,34.830761143081,
-18.1347499003104));
#32540=DIRECTION('',(0.173648172469936,0.984807753928578,
-5.20887174200054E-12));
#32550=DIRECTION('',(-0.984807753928578,0.173648172469936,
-1.52431807381167E-12));
#32560=AXIS2_PLACEMENT_3D('',#32530,#32540,#32550);
#32570=ELLIPSE('',#32560,1.2692832636761,1.25);
#32580=CARTESIAN_POINT('',(16.144485374272,34.8307611430879,
-16.8847499003104));
#32590=VERTEX_POINT('',#32580);
#32600=EDGE_CURVE('',#32500,#32590,#32570,.T.);
#32610=ORIENTED_EDGE('',*,*,#32600,.F.);
#32620=CARTESIAN_POINT('',(16.1444853742753,34.8307611430741,
-19.3847499003104));
#32630=VERTEX_POINT('',#32620);
#32640=EDGE_CURVE('',#32590,#32630,#32570,.T.);
#32650=ORIENTED_EDGE('',*,*,#32640,.F.);
#32660=CARTESIAN_POINT('',(15.9444859099944,34.8660264436659,
-19.3686462550698));
#32670=VERTEX_POINT('',#32660);
#32680=EDGE_CURVE('',#32630,#32670,#32570,.T.);
#32690=ORIENTED_EDGE('',*,*,#32680,.F.);
#32700=EDGE_CURVE('',#32670,#32010,#32480,.T.);
#32710=ORIENTED_EDGE('',*,*,#32700,.F.);
#32720=EDGE_LOOP('',(#32710,#32690,#32650,#32610,#32520,#32440,#32360,
#32270,#32190,#32110,#32100,#32030));
#32730=FACE_OUTER_BOUND('',#32720,.T.);
#32740=ADVANCED_FACE('',(#31930,#32730),#31590,.T.);
#32750=COLOUR_RGB('',1.,0.709803938865662,0.);
#32760=FILL_AREA_STYLE_COLOUR('',#32750);
#32770=FILL_AREA_STYLE('',(#32760));
#32780=SURFACE_STYLE_FILL_AREA(#32770);
#32790=SURFACE_SIDE_STYLE('',(#32780));
#32800=SURFACE_STYLE_USAGE(.BOTH.,#32790);
#32810=PRESENTATION_STYLE_ASSIGNMENT((#32800));
#32820=CARTESIAN_POINT('',(18.5944857174859,34.4885881672554,
-20.2347502168151));
#32830=DIRECTION('',(-1.,-1.0449197064275E-11,-5.70357217025749E-11));
#32840=DIRECTION('',(1.0449197063167E-11,-1.,1.94252256035333E-11));
#32850=AXIS2_PLACEMENT_3D('',#32820,#32830,#32840);
#32860=PLANE('',#32850);
#32870=CARTESIAN_POINT('',(18.5944857178573,-1.75930381374201E-11,
-20.3347502161451));
#32880=DIRECTION('',(1.0449197063167E-11,-1.,1.94252256035333E-11));
#32890=VECTOR('',#32880,1.);
#32900=LINE('',#32870,#32890);
#32910=CARTESIAN_POINT('',(18.5944857174916,34.4885881672534,
-20.3347502168151));
#32920=VERTEX_POINT('',#32910);
#32930=EDGE_CURVE('',#32920,#31830,#32900,.T.);
#32940=ORIENTED_EDGE('',*,*,#32930,.T.);
#32950=CARTESIAN_POINT('',(18.5944857174859,34.4885881672554,
-20.2347502168151));
#32960=DIRECTION('',(5.70357217027779E-11,-1.94252256029374E-11,-1.));
#32970=VECTOR('',#32960,1.);
#32980=LINE('',#32950,#32970);
#32990=CARTESIAN_POINT('',(18.5944857174802,34.4885881672573,
-20.1347501958452));
#33000=VERTEX_POINT('',#32990);
#33010=EDGE_CURVE('',#33000,#32920,#32980,.T.);
#33020=ORIENTED_EDGE('',*,*,#33010,.T.);
#33030=CARTESIAN_POINT('',(18.5944857175307,34.488588167234,
-7.69999996216308));
#33040=DIRECTION('',(-4.06183618909189E-12,1.87351310607161E-12,-1.));
#33050=VECTOR('',#33040,1.);
#33060=LINE('',#33030,#33050);
#33070=CARTESIAN_POINT('',(18.5944857174973,34.4885881672495,
-15.9347499007165));
#33080=VERTEX_POINT('',#33070);
#33090=EDGE_CURVE('',#33080,#33000,#33060,.T.);
#33100=ORIENTED_EDGE('',*,*,#33090,.T.);
#33110=CARTESIAN_POINT('',(18.5944857178574,-1.37063693728123E-11,
-15.9347499006303));
#33120=DIRECTION('',(-1.04491970631727E-11,1.,-2.5012942213716E-12));
#33130=VECTOR('',#33120,1.);
#33140=LINE('',#33110,#33130);
#33150=EDGE_CURVE('',#31650,#33080,#33140,.T.);
#33160=ORIENTED_EDGE('',*,*,#33150,.T.);
#33170=ORIENTED_EDGE('',*,*,#31900,.T.);
#33180=EDGE_LOOP('',(#33170,#33160,#33100,#33020,#32940));
#33190=FACE_OUTER_BOUND('',#33180,.T.);
#33200=ADVANCED_FACE('',(#33190),#32860,.T.);
#33210=CARTESIAN_POINT('',(18.5944857174965,34.4885881672498,
-16.1347495625201));
#33220=DIRECTION('',(0.173648172469936,0.984807753928578,
1.13971980283808E-12));
#33230=DIRECTION('',(0.984807753928578,-0.173648172469936,
-4.32546460268904E-12));
#33240=AXIS2_PLACEMENT_3D('',#33210,#33220,#33230);
#33250=PLANE('',#33240);
#33260=ORIENTED_EDGE('',*,*,#33010,.F.);
#33270=CARTESIAN_POINT('',(1.24507959498033E-10,37.7672975904464,
-20.3347502179393));
#33280=DIRECTION('',(0.984807753928578,-0.173648172469936,
5.95423759095745E-11));
#33290=VECTOR('',#33280,1.);
#33300=LINE('',#33270,#33290);
#33310=CARTESIAN_POINT('',(22.432934223336,33.8117661524989,
-20.334750216583));
#33320=VERTEX_POINT('',#33310);
#33330=EDGE_CURVE('',#32920,#33320,#33300,.T.);
#33340=ORIENTED_EDGE('',*,*,#33330,.F.);
#33350=CARTESIAN_POINT('',(22.4329342226154,33.8117661527443,
-7.69999996216308));
#33360=DIRECTION('',(5.70357217027779E-11,-1.94252256029374E-11,-1.));
#33370=VECTOR('',#33360,1.);
#33380=LINE('',#33350,#33370);
#33390=CARTESIAN_POINT('',(22.4329342233246,33.8117661525028,
-20.1347501956131));
#33400=VERTEX_POINT('',#33390);
#33410=EDGE_CURVE('',#33400,#33320,#33380,.T.);
#33420=ORIENTED_EDGE('',*,*,#33410,.T.);
#33430=CARTESIAN_POINT('',(22.4329342233073,33.8117661524915,
-7.69999996216308));
#33440=DIRECTION('',(1.39573853224362E-12,9.11195463163649E-13,-1.));
#33450=VECTOR('',#33440,1.);
#33460=LINE('',#33430,#33450);
#33470=CARTESIAN_POINT('',(22.4329342233188,33.811766152499,
-15.9347499008643));
#33480=VERTEX_POINT('',#33470);
#33490=EDGE_CURVE('',#33480,#33400,#33460,.T.);
#33500=ORIENTED_EDGE('',*,*,#33490,.T.);
#33510=CARTESIAN_POINT('',(1.13103748589083E-10,37.7672975904454,
-15.9347499000006));
#33520=DIRECTION('',(-0.984807753928578,0.173648172469936,
3.79186404497744E-11));
#33530=VECTOR('',#33520,1.);
#33540=LINE('',#33510,#33530);
#33550=EDGE_CURVE('',#33480,#33080,#33540,.T.);
#33560=ORIENTED_EDGE('',*,*,#33550,.F.);
#33570=ORIENTED_EDGE('',*,*,#33090,.F.);
#33580=EDGE_LOOP('',(#33570,#33560,#33500,#33420,#33340,#33260));
#33590=FACE_OUTER_BOUND('',#33580,.T.);
#33600=ADVANCED_FACE('',(#33590),#33250,.T.);
#33610=CARTESIAN_POINT('',(22.4581972016562,33.7174834338382,
-20.2347502165797));
#33620=DIRECTION('',(0.965925826289069,0.25881904510252,
5.00646582722958E-11));
#33630=DIRECTION('',(-0.25881904510252,0.965925826289069,
-3.35252581192149E-11));
#33640=AXIS2_PLACEMENT_3D('',#33610,#33620,#33630);
#33650=PLANE('',#33640);
#33660=CARTESIAN_POINT('',(31.4927696585545,-1.37063693728123E-11,
-15.9347499006881));
#33670=DIRECTION('',(0.25881904510252,-0.965925826289069,
5.0341814050725E-12));
#33680=VECTOR('',#33670,1.);
#33690=LINE('',#33660,#33680);
#33700=EDGE_CURVE('',#33480,#31670,#33690,.T.);
#33710=ORIENTED_EDGE('',*,*,#33700,.T.);
#33720=ORIENTED_EDGE('',*,*,#33490,.F.);
#33730=ORIENTED_EDGE('',*,*,#33410,.F.);
#33740=CARTESIAN_POINT('',(31.4927696585728,-1.76001435647777E-11,
-20.3347502154095));
#33750=DIRECTION('',(-0.25881904510252,0.965925826289069,
-3.35252581192149E-11));
#33760=VECTOR('',#33750,1.);
#33770=LINE('',#33740,#33760);
#33780=EDGE_CURVE('',#31750,#33320,#33770,.T.);
#33790=ORIENTED_EDGE('',*,*,#33780,.T.);
#33800=ORIENTED_EDGE('',*,*,#31760,.T.);
#33810=EDGE_LOOP('',(#33800,#33790,#33730,#33720,#33710));
#33820=FACE_OUTER_BOUND('',#33810,.T.);
#33830=ADVANCED_FACE('',(#33820),#33650,.T.);
#33840=CARTESIAN_POINT('',(16.5739110352675,20.2287372001854,
-15.9347499004005));
#33850=DIRECTION('',(-4.13775374325647E-11,-1.62988306776861E-11,-1.));
#33860=DIRECTION('',(-1.,-2.76408288625059E-11,4.13775374330152E-11));
#33870=AXIS2_PLACEMENT_3D('',#33840,#33850,#33860);
#33880=PLANE('',#33870);
#33890=ORIENTED_EDGE('',*,*,#33150,.F.);
#33900=ORIENTED_EDGE('',*,*,#33550,.T.);
#33910=ORIENTED_EDGE('',*,*,#33700,.F.);
#33920=ORIENTED_EDGE('',*,*,#31680,.T.);
#33930=EDGE_LOOP('',(#33920,#33910,#33900,#33890));
#33940=FACE_OUTER_BOUND('',#33930,.T.);
#33950=ADVANCED_FACE('',(#33940),#33880,.F.);
#33960=CARTESIAN_POINT('',(20.6029579404977,33.9313550130533,
-20.3347502166897));
#33970=DIRECTION('',(5.70357217027779E-11,-1.94252256029374E-11,-1.));
#33980=DIRECTION('',(-0.173648172469936,-0.984807753928578,
9.2259639563934E-12));
#33990=AXIS2_PLACEMENT_3D('',#33960,#33970,#33980);
#34000=PLANE('',#33990);
#34010=ORIENTED_EDGE('',*,*,#33330,.T.);
#34020=ORIENTED_EDGE('',*,*,#32930,.F.);
#34030=ORIENTED_EDGE('',*,*,#31840,.T.);
#34040=ORIENTED_EDGE('',*,*,#33780,.F.);
#34050=EDGE_LOOP('',(#34040,#34030,#34020,#34010));
#34060=FACE_OUTER_BOUND('',#34050,.T.);
#34070=ADVANCED_FACE('',(#34060),#34000,.T.);
#34080=CARTESIAN_POINT('',(13.6944871734292,26.6220600613707,
-16.2347499216644));
#34090=DIRECTION('',(0.382683432368623,-4.98106447614114E-12,
-0.923879532509823));
#34100=DIRECTION('',(-1.31145094783847E-13,1.,-5.445787415036E-12));
#34110=AXIS2_PLACEMENT_3D('',#34080,#34090,#34100);
#34120=PLANE('',#34110);
#34130=CARTESIAN_POINT('',(1.13103748589083E-10,37.6657549293211,
-21.9071922387172));
#34140=DIRECTION('',(0.911859297084429,-0.160785391722198,
0.37770448783332));
#34150=VECTOR('',#34140,1.);
#34160=LINE('',#34130,#34150);
#34170=CARTESIAN_POINT('',(15.5944859103994,34.9160263979458,
-15.4477446763558));
#34180=VERTEX_POINT('',#34170);
#34190=CARTESIAN_POINT('',(15.8780497507266,34.8660264436877,
-15.3302886878922));
#34200=VERTEX_POINT('',#34190);
#34210=EDGE_CURVE('',#34180,#34200,#34160,.T.);
#34220=ORIENTED_EDGE('',*,*,#34210,.T.);
#34230=CARTESIAN_POINT('',(1.13103748589083E-10,34.9160263978839,
-21.9071922387024));
#34240=DIRECTION('',(-0.923879532509823,-4.19544954333162E-12,
-0.382683432368623));
#34250=VECTOR('',#34240,1.);
#34260=LINE('',#34230,#34250);
#34270=CARTESIAN_POINT('',(13.8668547137363,34.9160263979457,
-16.1633529488003));
#34280=VERTEX_POINT('',#34270);
#34290=EDGE_CURVE('',#34180,#34280,#34260,.T.);
#34300=ORIENTED_EDGE('',*,*,#34290,.F.);
#34310=CARTESIAN_POINT('',(1.13103748589083E-10,37.3611269460151,
-21.9071922387156));
#34320=DIRECTION('',(-0.911859297084655,0.160785391720697,
-0.377704487833414));
#34330=VECTOR('',#34320,1.);
#34340=LINE('',#34310,#34330);
#34350=CARTESIAN_POINT('',(14.1504185540807,34.8660264436837,
-16.0458969603295));
#34360=VERTEX_POINT('',#34350);
#34370=EDGE_CURVE('',#34360,#34280,#34340,.T.);
#34380=ORIENTED_EDGE('',*,*,#34370,.T.);
#34390=CARTESIAN_POINT('',(1.13103748589083E-10,34.8660264436513,
-21.9071922387021));
#34400=DIRECTION('',(0.923879532509823,2.11641815184294E-12,
0.382683432368623));
#34410=VECTOR('',#34400,1.);
#34420=LINE('',#34390,#34410);
#34430=EDGE_CURVE('',#34360,#34200,#34420,.T.);
#34440=ORIENTED_EDGE('',*,*,#34430,.F.);
#34450=EDGE_LOOP('',(#34440,#34380,#34300,#34220));
#34460=FACE_OUTER_BOUND('',#34450,.T.);
#34470=ADVANCED_FACE('',(#34460),#34120,.T.);
#34480=COLOUR_RGB('',0.501960813999176,1.,0.501960813999176);
#34490=FILL_AREA_STYLE_COLOUR('',#34480);
#34500=FILL_AREA_STYLE('',(#34490));
#34510=SURFACE_STYLE_FILL_AREA(#34500);
#34520=SURFACE_SIDE_STYLE('',(#34510));
#34530=SURFACE_STYLE_USAGE(.BOTH.,#34520);
#34540=PRESENTATION_STYLE_ASSIGNMENT((#34530));
#34550=CARTESIAN_POINT('',(18.5944857174898,34.0824175228371,
-20.1347501956453));
#34560=DIRECTION('',(0.173648172469936,0.984807753928578,
-9.22596543610473E-12));
#34570=DIRECTION('',(-0.984807753928578,0.173648172469936,
-1.08118562028701E-11));
#34580=AXIS2_PLACEMENT_3D('',#34550,#34560,#34570);
#34590=PLANE('',#34580);
#34600=CARTESIAN_POINT('',(14.1504185542688,34.8660264437287,
-7.69999996216308));
#34610=DIRECTION('',(2.25365248201868E-11,5.39449356086328E-12,1.));
#34620=VECTOR('',#34610,1.);
#34630=LINE('',#34600,#34620);
#34640=CARTESIAN_POINT('',(14.1504185539866,34.8660264436612,
-20.2236028402707));
#34650=VERTEX_POINT('',#34640);
#34660=EDGE_CURVE('',#34650,#34360,#34630,.T.);
#34670=ORIENTED_EDGE('',*,*,#34660,.F.);
#34680=ORIENTED_EDGE('',*,*,#34370,.F.);
#34690=CARTESIAN_POINT('',(13.8668547141769,34.9160263979473,
-7.69999996216308));
#34700=DIRECTION('',(5.20354642841209E-11,1.93034791596792E-13,1.));
#34710=VECTOR('',#34700,1.);
#34720=LINE('',#34690,#34710);
#34730=CARTESIAN_POINT('',(13.8668547135313,34.9160263979449,
-20.1061468517568));
#34740=VERTEX_POINT('',#34730);
#34750=EDGE_CURVE('',#34740,#34280,#34720,.T.);
#34760=ORIENTED_EDGE('',*,*,#34750,.T.);
#34770=CARTESIAN_POINT('',(1.13103748589083E-10,37.3611269460858,
-14.3623075620609));
#34780=DIRECTION('',(-0.911859297086664,0.160785391728128,
0.377704487825399));
#34790=VECTOR('',#34780,1.);
#34800=LINE('',#34770,#34790);
#34810=EDGE_CURVE('',#34650,#34740,#34800,.T.);
#34820=ORIENTED_EDGE('',*,*,#34810,.T.);
#34830=EDGE_LOOP('',(#34820,#34760,#34680,#34670));
#34840=FACE_OUTER_BOUND('',#34830,.T.);
#34850=ADVANCED_FACE('',(#34840),#34590,.T.);
#34860=CARTESIAN_POINT('',(13.6944871734056,26.6220600613553,
-20.0347498788841));
#34870=DIRECTION('',(-0.382683432362398,-4.49459508293818E-12,
-0.923879532512402));
#34880=DIRECTION('',(-1.03173025678416E-12,-1.,5.29227132630612E-12));
#34890=AXIS2_PLACEMENT_3D('',#34860,#34870,#34880);
#34900=PLANE('',#34890);
#34910=CARTESIAN_POINT('',(1.13103748589083E-10,34.866026443692,
-14.3623075620488));
#34920=DIRECTION('',(0.923879532512402,-2.01230698770871E-12,
-0.382683432362398));
#34930=VECTOR('',#34920,1.);
#34940=LINE('',#34910,#34930);
#34950=CARTESIAN_POINT('',(15.8780497507299,34.8660264436574,
-20.9392111127348));
#34960=VERTEX_POINT('',#34950);
#34970=EDGE_CURVE('',#34650,#34960,#34940,.T.);
#34980=ORIENTED_EDGE('',*,*,#34970,.T.);
#34990=ORIENTED_EDGE('',*,*,#34810,.F.);
#35000=CARTESIAN_POINT('',(1.13103748589083E-10,34.916026397946,
-14.362307562049));
#35010=DIRECTION('',(-0.923879532512402,7.38853422888042E-14,
0.382683432362398));
#35020=VECTOR('',#35010,1.);
#35030=LINE('',#35000,#35020);
#35040=CARTESIAN_POINT('',(15.5944859103195,34.9160263979448,
-20.8217551242394));
#35050=VERTEX_POINT('',#35040);
#35060=EDGE_CURVE('',#35050,#34740,#35030,.T.);
#35070=ORIENTED_EDGE('',*,*,#35060,.T.);
#35080=CARTESIAN_POINT('',(1.13103748589083E-10,37.665754929361,
-14.3623075620624));
#35090=DIRECTION('',(-0.91185929708689,0.160785391726627,
0.377704487825493));
#35100=VECTOR('',#35090,1.);
#35110=LINE('',#35080,#35100);
#35120=EDGE_CURVE('',#34960,#35050,#35110,.T.);
#35130=ORIENTED_EDGE('',*,*,#35120,.T.);
#35140=EDGE_LOOP('',(#35130,#35070,#34990,#34980));
#35150=FACE_OUTER_BOUND('',#35140,.T.);
#35160=ADVANCED_FACE('',(#35150),#34900,.F.);
#35170=CARTESIAN_POINT('',(13.2645706938065,34.866026443661,
-20.2347499003385));
#35180=DIRECTION('',(-5.63438184790947E-14,1.,-5.39449356086201E-12));
#35190=DIRECTION('',(-1.,-5.63438184997267E-14,-3.82463897909652E-12));
#35200=AXIS2_PLACEMENT_3D('',#35170,#35180,#35190);
#35210=PLANE('',#35200);
#35220=CARTESIAN_POINT('',(16.1444853742736,34.8660264436725,
-18.1347499003106));
#35230=DIRECTION('',(-5.55111512312578E-17,1.,-5.39443232852189E-12));
#35240=DIRECTION('',(1.33183008702767E-12,-5.39443232852189E-12,-1.));
#35250=AXIS2_PLACEMENT_3D('',#35220,#35230,#35240);
#35260=CIRCLE('',#35250,1.25);
#35270=EDGE_CURVE('',#32670,#32500,#35260,.T.);
#35280=ORIENTED_EDGE('',*,*,#35270,.F.);
#35290=ORIENTED_EDGE('',*,*,#32510,.T.);
#35300=EDGE_CURVE('',#34200,#32420,#34420,.T.);
#35310=ORIENTED_EDGE('',*,*,#35300,.T.);
#35320=ORIENTED_EDGE('',*,*,#34430,.T.);
#35330=ORIENTED_EDGE('',*,*,#34660,.T.);
#35340=ORIENTED_EDGE('',*,*,#34970,.F.);
#35350=CARTESIAN_POINT('',(1.13103748589083E-10,34.866026443692,
-14.3623075620488));
#35360=DIRECTION('',(0.923879532512402,-2.01230698770871E-12,
-0.382683432362398));
#35370=VECTOR('',#35360,1.);
#35380=LINE('',#35350,#35370);
#35390=EDGE_CURVE('',#34960,#32010,#35380,.T.);
#35400=ORIENTED_EDGE('',*,*,#35390,.F.);
#35410=ORIENTED_EDGE('',*,*,#32700,.T.);
#35420=EDGE_LOOP('',(#35410,#35400,#35340,#35330,#35320,#35310,#35290,
#35280));
#35430=FACE_OUTER_BOUND('',#35420,.T.);
#35440=ADVANCED_FACE('',(#35430),#35210,.T.);
#35450=COLOUR_RGB('',1.,0.709803938865662,0.);
#35460=FILL_AREA_STYLE_COLOUR('',#35450);
#35470=FILL_AREA_STYLE('',(#35460));
#35480=SURFACE_STYLE_FILL_AREA(#35470);
#35490=SURFACE_SIDE_STYLE('',(#35480));
#35500=SURFACE_STYLE_USAGE(.BOTH.,#35490);
#35510=PRESENTATION_STYLE_ASSIGNMENT((#35500));
#35520=CARTESIAN_POINT('',(13.6944871734292,26.6220600613707,
-16.2347499216644));
#35530=DIRECTION('',(0.382683432368623,-4.98106447614114E-12,
-0.923879532509823));
#35540=DIRECTION('',(-1.31145094783847E-13,1.,-5.445787415036E-12));
#35550=AXIS2_PLACEMENT_3D('',#35520,#35530,#35540);
#35560=PLANE('',#35550);
#35570=ORIENTED_EDGE('',*,*,#35300,.F.);
#35580=ORIENTED_EDGE('',*,*,#32430,.T.);
#35590=CARTESIAN_POINT('',(16.890615095541,25.9910190607174,
-14.9108703892286));
#35600=DIRECTION('',(-6.57113252700015E-13,-1.,5.11929580817723E-12));
#35610=VECTOR('',#35600,1.);
#35620=LINE('',#35590,#35610);
#35630=CARTESIAN_POINT('',(16.8906150955467,34.6874838591773,
-14.9108703892732));
#35640=VERTEX_POINT('',#35630);
#35650=EDGE_CURVE('',#32340,#35640,#35620,.T.);
#35660=ORIENTED_EDGE('',*,*,#35650,.F.);
#35670=EDGE_CURVE('',#34200,#35640,#34160,.T.);
#35680=ORIENTED_EDGE('',*,*,#35670,.T.);
#35690=EDGE_LOOP('',(#35680,#35660,#35580,#35570));
#35700=FACE_OUTER_BOUND('',#35690,.T.);
#35710=ADVANCED_FACE('',(#35700),#35560,.F.);
#35720=COLOUR_RGB('',1.,0.709803938865662,0.);
#35730=FILL_AREA_STYLE_COLOUR('',#35720);
#35740=FILL_AREA_STYLE('',(#35730));
#35750=SURFACE_STYLE_FILL_AREA(#35740);
#35760=SURFACE_SIDE_STYLE('',(#35750));
#35770=SURFACE_STYLE_USAGE(.BOTH.,#35760);
#35780=PRESENTATION_STYLE_ASSIGNMENT((#35770));
#35790=CARTESIAN_POINT('',(17.2732985279963,25.9910190606352,
-27.9347498788172));
#35800=DIRECTION('',(6.14119866071405E-13,1.,-5.11929580817718E-12));
#35810=DIRECTION('',(-1.,6.14119866071405E-13,1.39166380387301E-13));
#35820=AXIS2_PLACEMENT_3D('',#35790,#35800,#35810);
#35830=CYLINDRICAL_SURFACE('',#35820,1.);
#35840=CARTESIAN_POINT('',(16.8906150956339,25.9910190606307,
-28.8586294113296));
#35850=DIRECTION('',(6.14119866071405E-13,1.,-5.11929580817718E-12));
#35860=VECTOR('',#35850,1.);
#35870=LINE('',#35840,#35860);
#35880=CARTESIAN_POINT('',(16.8906150956392,34.6874838590887,
-28.8586294113741));
#35890=VERTEX_POINT('',#35880);
#35900=CARTESIAN_POINT('',(16.8906150956392,34.6991983461003,
-28.8586294113741));
#35910=VERTEX_POINT('',#35900);
#35920=EDGE_CURVE('',#35890,#35910,#35870,.T.);
#35930=ORIENTED_EDGE('',*,*,#35920,.T.);
#35940=CARTESIAN_POINT('',(17.2732985280016,34.6200064469817,
-27.9347498788613));
#35950=DIRECTION('',(0.173648172469936,0.984807753928578,
-5.20887174200054E-12));
#35960=DIRECTION('',(-0.984807753928578,0.173648172469936,
6.0130045807541E-14));
#35970=AXIS2_PLACEMENT_3D('',#35940,#35950,#35960);
#35980=ELLIPSE('',#35970,1.01542661094077,1.);
#35990=CARTESIAN_POINT('',(17.273298528004,34.620006446976,
-28.9347498788613));
#36000=VERTEX_POINT('',#35990);
#36010=EDGE_CURVE('',#36000,#35890,#35980,.T.);
#36020=ORIENTED_EDGE('',*,*,#36010,.T.);
#36030=CARTESIAN_POINT('',(17.2732985279984,25.9910190606301,
-28.9347498788172));
#36040=DIRECTION('',(6.14119866071405E-13,1.,-5.11929580817718E-12));
#36050=VECTOR('',#36040,1.);
#36060=LINE('',#36030,#36050);
#36070=CARTESIAN_POINT('',(17.2732985280037,34.6317209339862,
-28.9347498788816));
#36080=VERTEX_POINT('',#36070);
#36090=EDGE_CURVE('',#36000,#36080,#36060,.T.);
#36100=ORIENTED_EDGE('',*,*,#36090,.F.);
#36110=CARTESIAN_POINT('',(17.2732985280016,34.6317209339919,
-27.9347498788614));
#36120=DIRECTION('',(0.173648172469936,0.984807753928579,
-5.20887174200054E-12));
#36130=DIRECTION('',(-0.984807753928579,0.173648172469936,
6.0130045807542E-14));
#36140=AXIS2_PLACEMENT_3D('',#36110,#36120,#36130);
#36150=ELLIPSE('',#36140,1.01542661094077,1.);
#36160=EDGE_CURVE('',#36080,#35910,#36150,.T.);
#36170=ORIENTED_EDGE('',*,*,#36160,.F.);
#36180=EDGE_LOOP('',(#36170,#36100,#36020,#35930));
#36190=FACE_OUTER_BOUND('',#36180,.T.);
#36200=ADVANCED_FACE('',(#36190),#35830,.T.);
#36210=COLOUR_RGB('',1.,0.709803938865662,0.);
#36220=FILL_AREA_STYLE_COLOUR('',#36210);
#36230=FILL_AREA_STYLE('',(#36220));
#36240=SURFACE_STYLE_FILL_AREA(#36230);
#36250=SURFACE_SIDE_STYLE('',(#36240));
#36260=SURFACE_STYLE_USAGE(.BOTH.,#36250);
#36270=PRESENTATION_STYLE_ASSIGNMENT((#36260));
#36280=CARTESIAN_POINT('',(26.7444859099968,31.6660264435257,
-21.6267475260063));
#36290=DIRECTION('',(2.14618160360293E-12,-5.11928974526717E-12,-1.));
#36300=DIRECTION('',(-1.,1.04067865436264E-11,-2.14618160365621E-12));
#36310=AXIS2_PLACEMENT_3D('',#36280,#36290,#36300);
#36320=CYLINDRICAL_SURFACE('',#36310,0.5);
#36330=CARTESIAN_POINT('',(26.2444859099968,31.6660264435309,
-21.6267475260074));
#36340=DIRECTION('',(2.14618160360293E-12,-5.11928974526717E-12,-1.));
#36350=VECTOR('',#36340,1.);
#36360=LINE('',#36330,#36350);
#36370=CARTESIAN_POINT('',(26.2444859099983,31.6660264435273,
-22.3347499217483));
#36380=VERTEX_POINT('',#36370);
#36390=CARTESIAN_POINT('',(26.2444859100124,31.6660264434935,
-28.9347498787645));
#36400=VERTEX_POINT('',#36390);
#36410=EDGE_CURVE('',#36380,#36400,#36360,.T.);
#36420=ORIENTED_EDGE('',*,*,#36410,.T.);
#36430=CARTESIAN_POINT('',(26.7444859099983,31.6660264435221,
-22.3347499217472));
#36440=DIRECTION('',(2.14618160360293E-12,-5.11928974526717E-12,-1.));
#36450=DIRECTION('',(-1.,1.04067865436264E-11,-2.14618160365621E-12));
#36460=AXIS2_PLACEMENT_3D('',#36430,#36440,#36450);
#36470=CIRCLE('',#36460,0.5);
#36480=EDGE_CURVE('',#36380,#16630,#36470,.T.);
#36490=ORIENTED_EDGE('',*,*,#36480,.F.);
#36500=ORIENTED_EDGE('',*,*,#16640,.F.);
#36510=CARTESIAN_POINT('',(26.7444859100124,31.6660264434883,
-28.9347498787634));
#36520=DIRECTION('',(2.14618160360293E-12,-5.11928974526717E-12,-1.));
#36530=DIRECTION('',(-1.,1.04067865436264E-11,-2.14618160365621E-12));
#36540=AXIS2_PLACEMENT_3D('',#36510,#36520,#36530);
#36550=CIRCLE('',#36540,0.5);
#36560=EDGE_CURVE('',#36400,#16550,#36550,.T.);
#36570=ORIENTED_EDGE('',*,*,#36560,.T.);
#36580=EDGE_LOOP('',(#36570,#36500,#36490,#36420));
#36590=FACE_OUTER_BOUND('',#36580,.T.);
#36600=ADVANCED_FACE('',(#36590),#36320,.F.);
#36610=COLOUR_RGB('',1.,0.709803938865662,0.);
#36620=FILL_AREA_STYLE_COLOUR('',#36610);
#36630=FILL_AREA_STYLE('',(#36620));
#36640=SURFACE_STYLE_FILL_AREA(#36630);
#36650=SURFACE_SIDE_STYLE('',(#36640));
#36660=SURFACE_STYLE_USAGE(.BOTH.,#36650);
#36670=PRESENTATION_STYLE_ASSIGNMENT((#36660));
#36680=CARTESIAN_POINT('',(17.7944859098337,18.4660268569275,
-14.9047502235442));
#36690=DIRECTION('',(-9.04555523367187E-12,-1.3380163813169E-11,1.));
#36700=DIRECTION('',(-1.94345390721998E-16,1.,1.3380163813169E-11));
#36710=AXIS2_PLACEMENT_3D('',#36680,#36690,#36700);
#36720=PLANE('',#36710);
#36730=CARTESIAN_POINT('',(17.7944859098337,-2.25538929799231E-10,
-14.9047502237988));
#36740=DIRECTION('',(1.94345390721998E-16,-1.,-1.3380163813169E-11));
#36750=VECTOR('',#36740,1.);
#36760=LINE('',#36730,#36750);
#36770=CARTESIAN_POINT('',(17.7944859098337,21.7660269643717,
-14.9047502235076));
#36780=VERTEX_POINT('',#36770);
#36790=CARTESIAN_POINT('',(17.7944859098337,18.4660268569275,
-14.9047502235442));
#36800=VERTEX_POINT('',#36790);
#36810=EDGE_CURVE('',#36780,#36800,#36760,.T.);
#36820=ORIENTED_EDGE('',*,*,#36810,.F.);
#36830=CARTESIAN_POINT('',(17.7944859098337,18.4660268569275,
-14.9047502235442));
#36840=DIRECTION('',(1.,1.94345107485516E-16,9.04555523367188E-12));
#36850=VECTOR('',#36840,1.);
#36860=LINE('',#36830,#36850);
#36870=CARTESIAN_POINT('',(23.7944859096024,18.4660268569275,
-14.9047502234899));
#36880=VERTEX_POINT('',#36870);
#36890=EDGE_CURVE('',#36800,#36880,#36860,.T.);
#36900=ORIENTED_EDGE('',*,*,#36890,.F.);
#36910=CARTESIAN_POINT('',(23.7944859096024,-1.37063693728123E-11,
-14.904750223737));
#36920=DIRECTION('',(4.12071654370655E-23,-1.,-1.3380163813169E-11));
#36930=VECTOR('',#36920,1.);
#36940=LINE('',#36910,#36930);
#36950=CARTESIAN_POINT('',(23.7944859096024,21.7660269643717,
-14.9047502234457));
#36960=VERTEX_POINT('',#36950);
#36970=EDGE_CURVE('',#36960,#36880,#36940,.T.);
#36980=ORIENTED_EDGE('',*,*,#36970,.T.);
#36990=CARTESIAN_POINT('',(17.7944859098337,21.7660269643717,
-14.9047502235076));
#37000=DIRECTION('',(1.,1.94345107485516E-16,9.04555523367188E-12));
#37010=VECTOR('',#37000,1.);
#37020=LINE('',#36990,#37010);
#37030=EDGE_CURVE('',#36780,#36960,#37020,.T.);
#37040=ORIENTED_EDGE('',*,*,#37030,.T.);
#37050=EDGE_LOOP('',(#37040,#36980,#36900,#36820));
#37060=FACE_OUTER_BOUND('',#37050,.T.);
#37070=ADVANCED_FACE('',(#37060),#36720,.F.);
#37080=CARTESIAN_POINT('',(17.7944859098921,18.4660268570035,
-21.3647495330695));
#37090=CARTESIAN_POINT('',(17.7944859098921,17.9764073509647,
-21.3647495330753));
#37100=CARTESIAN_POINT('',(17.7944859098891,16.961713177278,
-21.0318266434719));
#37110=CARTESIAN_POINT('',(17.7944859098777,15.9304167026636,
-19.773716422373));
#37120=CARTESIAN_POINT('',(17.7944859098629,15.5676629410057,
-18.1347498783409));
#37130=CARTESIAN_POINT('',(17.7944859098481,15.9304167026251,
-16.4957833343003));
#37140=CARTESIAN_POINT('',(17.7944859098367,16.9617131772099,
-15.2376731131772));
#37150=CARTESIAN_POINT('',(17.7944859098337,17.9764073508888,
-14.9047502235499));
#37160=CARTESIAN_POINT('',(17.7944859098337,18.4660268569276,
-14.9047502235442));
#37170=B_SPLINE_CURVE_WITH_KNOTS('',3,(#37080,#37090,#37100,#37110,
#37120,#37130,#37140,#37150,#37160),.UNSPECIFIED.,.F.,.F.,(4,1,1,1,1,1,4
),(17.2238616481765,18.6772777412771,20.2359410760114,21.8931810834958,
23.5504210909801,25.1090844257145,26.562500518815),.UNSPECIFIED.);
#37180=DIRECTION('',(1.,1.94345107485516E-16,9.04555523367188E-12));
#37190=VECTOR('',#37180,1.);
#37200=SURFACE_OF_LINEAR_EXTRUSION('',#37170,#37190);
#37210=CARTESIAN_POINT('',(17.7944859098921,18.4660268570035,
-21.3647495330695));
#37220=CARTESIAN_POINT('',(17.7944859098921,17.9764073509647,
-21.3647495330753));
#37230=CARTESIAN_POINT('',(17.7944859098891,16.961713177278,
-21.0318266434719));
#37240=CARTESIAN_POINT('',(17.7944859098777,15.9304167026636,
-19.773716422373));
#37250=CARTESIAN_POINT('',(17.7944859098629,15.5676629410057,
-18.1347498783409));
#37260=CARTESIAN_POINT('',(17.7944859098481,15.9304167026251,
-16.4957833343003));
#37270=CARTESIAN_POINT('',(17.7944859098367,16.9617131772099,
-15.2376731131772));
#37280=CARTESIAN_POINT('',(17.7944859098337,17.9764073508888,
-14.9047502235499));
#37290=CARTESIAN_POINT('',(17.7944859098337,18.4660268569276,
-14.9047502235442));
#37300=B_SPLINE_CURVE_WITH_KNOTS('',3,(#37210,#37220,#37230,#37240,
#37250,#37260,#37270,#37280,#37290),.UNSPECIFIED.,.F.,.F.,(4,1,1,1,1,1,4
),(17.2238616481765,18.6772777412771,20.2359410760114,21.8931810834958,
23.5504210909801,25.1090844257145,26.562500518815),.UNSPECIFIED.);
#37310=CARTESIAN_POINT('',(17.7944859098921,18.4660268570035,
-21.3647495330695));
#37320=VERTEX_POINT('',#37310);
#37330=EDGE_CURVE('',#37320,#36800,#37300,.T.);
#37340=ORIENTED_EDGE('',*,*,#37330,.T.);
#37350=CARTESIAN_POINT('',(17.7944859098921,18.4660268570035,
-21.3647495330695));
#37360=DIRECTION('',(1.,1.94345107485516E-16,9.04555523367188E-12));
#37370=VECTOR('',#37360,1.);
#37380=LINE('',#37350,#37370);
#37390=CARTESIAN_POINT('',(23.7944859096419,18.4660268570035,
-21.3647495330153));
#37400=VERTEX_POINT('',#37390);
#37410=EDGE_CURVE('',#37320,#37400,#37380,.T.);
#37420=ORIENTED_EDGE('',*,*,#37410,.F.);
#37430=CARTESIAN_POINT('',(23.7944859096419,18.4660268570035,
-21.3647495330153));
#37440=CARTESIAN_POINT('',(23.7944859096419,17.9764073509647,
-21.364749533021));
#37450=CARTESIAN_POINT('',(23.7944859096389,16.961713177278,
-21.0318266434176));
#37460=CARTESIAN_POINT('',(23.7944859096276,15.9304167026636,
-19.7737164223187));
#37470=CARTESIAN_POINT('',(23.7944859096127,15.5676629410057,
-18.1347498782867));
#37480=CARTESIAN_POINT('',(23.7944859095979,15.9304167026251,
-16.495783334246));
#37490=CARTESIAN_POINT('',(23.7944859095865,16.9617131772099,
-15.2376731131229));
#37500=CARTESIAN_POINT('',(23.7944859095835,17.9764073508888,
-14.9047502234957));
#37510=CARTESIAN_POINT('',(23.7944859095835,18.4660268569276,
-14.9047502234899));
#37520=B_SPLINE_CURVE_WITH_KNOTS('',3,(#37430,#37440,#37450,#37460,
#37470,#37480,#37490,#37500,#37510),.UNSPECIFIED.,.F.,.F.,(4,1,1,1,1,1,4
),(17.2238616481765,18.6772777412771,20.2359410760114,21.8931810834958,
23.5504210909801,25.1090844257145,26.562500518815),.UNSPECIFIED.);
#37530=EDGE_CURVE('',#37400,#36880,#37520,.T.);
#37540=ORIENTED_EDGE('',*,*,#37530,.F.);
#37550=ORIENTED_EDGE('',*,*,#36890,.T.);
#37560=EDGE_LOOP('',(#37550,#37540,#37420,#37340));
#37570=FACE_OUTER_BOUND('',#37560,.T.);
#37580=ADVANCED_FACE('',(#37570),#37200,.T.);
#37590=CARTESIAN_POINT('',(17.7944859098337,21.7660269643717,
-14.9047502235076));
#37600=CARTESIAN_POINT('',(17.7944859098337,22.2556464704104,
-14.9047502235018));
#37610=CARTESIAN_POINT('',(17.7944859098367,23.2703406440966,
-15.2376731131042));
#37620=CARTESIAN_POINT('',(17.7944859098481,24.3016371187114,
-16.4957833342009));
#37630=CARTESIAN_POINT('',(17.7944859098629,24.6643908803696,
-18.1347498782308));
#37640=CARTESIAN_POINT('',(17.7944859098777,24.3016371187499,
-19.7737164222692));
#37650=CARTESIAN_POINT('',(17.7944859098891,23.2703406441647,
-21.0318266433901));
#37660=CARTESIAN_POINT('',(17.7944859098921,22.2556464704863,
-21.3647495330164));
#37670=CARTESIAN_POINT('',(17.7944859098921,21.7660269644476,
-21.3647495330222));
#37680=B_SPLINE_CURVE_WITH_KNOTS('',3,(#37590,#37600,#37610,#37620,
#37630,#37640,#37650,#37660,#37670),.UNSPECIFIED.,.F.,.F.,(4,1,1,1,1,1,4
),(7.88522277752954,9.33863887062992,10.8973022053628,12.5545422128445,
14.2117822203262,15.7704455550591,17.2238616481595),.UNSPECIFIED.);
#37690=DIRECTION('',(1.,1.94345107485516E-16,9.04555523367188E-12));
#37700=VECTOR('',#37690,1.);
#37710=SURFACE_OF_LINEAR_EXTRUSION('',#37680,#37700);
#37720=CARTESIAN_POINT('',(17.7944859098337,21.7660269643717,
-14.9047502235076));
#37730=CARTESIAN_POINT('',(17.7944859098337,22.2556464704104,
-14.9047502235018));
#37740=CARTESIAN_POINT('',(17.7944859098367,23.2703406440966,
-15.2376731131042));
#37750=CARTESIAN_POINT('',(17.7944859098481,24.3016371187114,
-16.4957833342009));
#37760=CARTESIAN_POINT('',(17.7944859098629,24.6643908803696,
-18.1347498782308));
#37770=CARTESIAN_POINT('',(17.7944859098777,24.3016371187499,
-19.7737164222692));
#37780=CARTESIAN_POINT('',(17.7944859098891,23.2703406441647,
-21.0318266433901));
#37790=CARTESIAN_POINT('',(17.7944859098921,22.2556464704863,
-21.3647495330164));
#37800=CARTESIAN_POINT('',(17.7944859098921,21.7660269644476,
-21.3647495330222));
#37810=B_SPLINE_CURVE_WITH_KNOTS('',3,(#37720,#37730,#37740,#37750,
#37760,#37770,#37780,#37790,#37800),.UNSPECIFIED.,.F.,.F.,(4,1,1,1,1,1,4
),(7.88522277752954,9.33863887062992,10.8973022053628,12.5545422128445,
14.2117822203262,15.7704455550591,17.2238616481595),.UNSPECIFIED.);
#37820=CARTESIAN_POINT('',(17.7944859098921,21.7660269644476,
-21.3647495330222));
#37830=VERTEX_POINT('',#37820);
#37840=EDGE_CURVE('',#36780,#37830,#37810,.T.);
#37850=ORIENTED_EDGE('',*,*,#37840,.T.);
#37860=ORIENTED_EDGE('',*,*,#37030,.F.);
#37870=CARTESIAN_POINT('',(23.7944859095835,21.7660269643717,
-14.9047502234533));
#37880=CARTESIAN_POINT('',(23.7944859095835,22.2556464704104,
-14.9047502234475));
#37890=CARTESIAN_POINT('',(23.7944859095865,23.2703406440966,
-15.23767311305));
#37900=CARTESIAN_POINT('',(23.7944859095979,24.3016371187114,
-16.4957833341467));
#37910=CARTESIAN_POINT('',(23.7944859096127,24.6643908803696,
-18.1347498781765));
#37920=CARTESIAN_POINT('',(23.7944859096276,24.3016371187499,
-19.7737164222149));
#37930=CARTESIAN_POINT('',(23.7944859096389,23.2703406441647,
-21.0318266433358));
#37940=CARTESIAN_POINT('',(23.7944859096419,22.2556464704863,
-21.3647495329621));
#37950=CARTESIAN_POINT('',(23.7944859096419,21.7660269644476,
-21.3647495329679));
#37960=B_SPLINE_CURVE_WITH_KNOTS('',3,(#37870,#37880,#37890,#37900,
#37910,#37920,#37930,#37940,#37950),.UNSPECIFIED.,.F.,.F.,(4,1,1,1,1,1,4
),(7.88522277752954,9.33863887062992,10.8973022053628,12.5545422128445,
14.2117822203262,15.7704455550591,17.2238616481595),.UNSPECIFIED.);
#37970=EDGE_CURVE('',#36960,#12640,#37960,.T.);
#37980=ORIENTED_EDGE('',*,*,#37970,.F.);
#37990=ORIENTED_EDGE('',*,*,#12670,.F.);
#38000=CARTESIAN_POINT('',(22.9944859098529,21.7660269643717,
-14.9047502234605));
#38010=CARTESIAN_POINT('',(22.9944859098529,22.2556464704104,
-14.9047502234548));
#38020=CARTESIAN_POINT('',(22.9944859098559,23.2703406440966,
-15.2376731130572));
#38030=CARTESIAN_POINT('',(22.9944859098673,24.3016371187114,
-16.4957833341539));
#38040=CARTESIAN_POINT('',(22.9944859098821,24.6643908803696,
-18.1347498781838));
#38050=CARTESIAN_POINT('',(22.9944859098969,24.3016371187499,
-19.7737164222222));
#38060=CARTESIAN_POINT('',(22.9944859099083,23.2703406441647,
-21.0318266433431));
#38070=CARTESIAN_POINT('',(22.9944859099113,22.2556464704863,
-21.3647495329694));
#38080=CARTESIAN_POINT('',(22.9944859099113,21.7660269644476,
-21.3647495329751));
#38090=B_SPLINE_CURVE_WITH_KNOTS('',3,(#38000,#38010,#38020,#38030,
#38040,#38050,#38060,#38070,#38080),.UNSPECIFIED.,.F.,.F.,(4,1,1,1,1,1,4
),(7.88522277752954,9.33863887062992,10.8973022053628,12.5545422128445,
14.2117822203262,15.7704455550591,17.2238616481595),.UNSPECIFIED.);
#38100=CARTESIAN_POINT('',(22.9944859098938,24.3160266561921,
-19.4092887835878));
#38110=VERTEX_POINT('',#38100);
#38120=EDGE_CURVE('',#12660,#38110,#38090,.T.);
#38130=ORIENTED_EDGE('',*,*,#38120,.F.);
#38140=CARTESIAN_POINT('',(24.4667289183804,21.7660269643717,
-14.9047502234472));
#38150=CARTESIAN_POINT('',(24.1840469647684,22.2556464704104,
-14.904750223444));
#38160=CARTESIAN_POINT('',(23.598213010447,23.2703406440966,
-15.2376731130517));
#38170=CARTESIAN_POINT('',(23.0027937132192,24.3016371187114,
-16.4957833341538));
#38180=CARTESIAN_POINT('',(22.7933577312834,24.6643908803696,
-18.1347498781856));
#38190=CARTESIAN_POINT('',(23.0027937132111,24.3016371187499,
-19.7737164222221));
#38200=CARTESIAN_POINT('',(23.5982130104326,23.2703406441647,
-21.0318266433376));
#38210=CARTESIAN_POINT('',(24.1840469647524,22.2556464704863,
-21.3647495329586));
#38220=CARTESIAN_POINT('',(24.4667289183643,21.7660269644476,
-21.3647495329618));
#38230=B_SPLINE_CURVE_WITH_KNOTS('',3,(#38140,#38150,#38160,#38170,
#38180,#38190,#38200,#38210,#38220),.UNSPECIFIED.,.F.,.F.,(4,1,1,1,1,1,4
),(7.88522277752954,9.33863887062992,10.8973022053628,12.5545422128445,
14.2117822203262,15.7704455550591,17.2238616481595),.UNSPECIFIED.);
#38240=CARTESIAN_POINT('',(23.794485909891,22.9303860101542,
-21.0652979502466));
#38250=VERTEX_POINT('',#38240);
#38260=EDGE_CURVE('',#38110,#38250,#38230,.T.);
#38270=ORIENTED_EDGE('',*,*,#38260,.F.);
#38280=CARTESIAN_POINT('',(23.7944859096231,21.7660269644476,
-21.3647495329679));
#38290=VERTEX_POINT('',#38280);
#38300=EDGE_CURVE('',#38250,#38290,#37960,.T.);
#38310=ORIENTED_EDGE('',*,*,#38300,.F.);
#38320=CARTESIAN_POINT('',(17.7944859098921,21.7660269644476,
-21.3647495330222));
#38330=DIRECTION('',(1.,1.94345107485516E-16,9.04555523367188E-12));
#38340=VECTOR('',#38330,1.);
#38350=LINE('',#38320,#38340);
#38360=EDGE_CURVE('',#37830,#38290,#38350,.T.);
#38370=ORIENTED_EDGE('',*,*,#38360,.T.);
#38380=EDGE_LOOP('',(#38370,#38310,#38270,#38130,#37990,#37980,#37860,
#37850));
#38390=FACE_OUTER_BOUND('',#38380,.T.);
#38400=ADVANCED_FACE('',(#38390),#37710,.T.);
#38410=CARTESIAN_POINT('',(17.7944859098921,21.7660269644476,
-21.3647495330222));
#38420=DIRECTION('',(9.04555523367187E-12,1.33833487654703E-11,-1.));
#38430=DIRECTION('',(1.94345390750807E-16,-1.,-1.33833487654703E-11));
#38440=AXIS2_PLACEMENT_3D('',#38410,#38420,#38430);
#38450=PLANE('',#38440);
#38460=CARTESIAN_POINT('',(17.7944859098921,-1.48362275909634E-10,
-21.3647495333167));
#38470=DIRECTION('',(-1.94345390750807E-16,1.,1.33833487654703E-11));
#38480=VECTOR('',#38470,1.);
#38490=LINE('',#38460,#38480);
#38500=EDGE_CURVE('',#37320,#37830,#38490,.T.);
#38510=ORIENTED_EDGE('',*,*,#38500,.F.);
#38520=ORIENTED_EDGE('',*,*,#38360,.F.);
#38530=CARTESIAN_POINT('',(23.7944859096231,-1.37063693728123E-11,
-21.3647495332592));
#38540=DIRECTION('',(-4.12168589598688E-23,1.,1.33833487654703E-11));
#38550=VECTOR('',#38540,1.);
#38560=LINE('',#38530,#38550);
#38570=EDGE_CURVE('',#37400,#38290,#38560,.T.);
#38580=ORIENTED_EDGE('',*,*,#38570,.T.);
#38590=ORIENTED_EDGE('',*,*,#37410,.T.);
#38600=EDGE_LOOP('',(#38590,#38580,#38520,#38510));
#38610=FACE_OUTER_BOUND('',#38600,.T.);
#38620=ADVANCED_FACE('',(#38610),#38450,.F.);
#38630=CARTESIAN_POINT('',(17.7944859098629,20.1160269106876,
-18.1347498784137));
#38640=DIRECTION('',(1.,1.94345269691354E-16,9.04552778569694E-12));
#38650=DIRECTION('',(9.04552778569695E-12,-1.67677449009172E-11,-1.));
#38660=AXIS2_PLACEMENT_3D('',#38630,#38640,#38650);
#38670=PLANE('',#38660);
#38680=ORIENTED_EDGE('',*,*,#37840,.F.);
#38690=ORIENTED_EDGE('',*,*,#38500,.T.);
#38700=ORIENTED_EDGE('',*,*,#37330,.F.);
#38710=ORIENTED_EDGE('',*,*,#36810,.T.);
#38720=EDGE_LOOP('',(#38710,#38700,#38690,#38680));
#38730=FACE_OUTER_BOUND('',#38720,.T.);
#38740=ADVANCED_FACE('',(#38730),#38670,.T.);
#38750=CARTESIAN_POINT('',(6.59448622477972,11.4160266562231,
-18.8847499607975));
#38760=DIRECTION('',(1.27003681934284E-10,2.63453301690022E-11,-1.));
#38770=DIRECTION('',(-1.,9.35678395755463E-22,-1.27003681934284E-10));
#38780=AXIS2_PLACEMENT_3D('',#38750,#38760,#38770);
#38790=PLANE('',#38780);
#38800=CARTESIAN_POINT('',(0.,10.8160266561732,-18.8847499616509));
#38810=DIRECTION('',(1.,1.31901703489823E-21,1.27003681934284E-10));
#38820=VECTOR('',#38810,1.);
#38830=LINE('',#38800,#38820);
#38840=EDGE_CURVE('',#290,#28020,#38830,.T.);
#38850=ORIENTED_EDGE('',*,*,#38840,.T.);
#38860=ORIENTED_EDGE('',*,*,#300,.F.);
#38870=CARTESIAN_POINT('',(5.99448622477276,8.21602665622311,
-18.884749960958));
#38880=DIRECTION('',(-1.,9.35678395755463E-22,-1.27003681934284E-10));
#38890=VECTOR('',#38880,1.);
#38900=LINE('',#38870,#38890);
#38910=EDGE_CURVE('',#28100,#210,#38900,.T.);
#38920=ORIENTED_EDGE('',*,*,#38910,.T.);
#38930=ORIENTED_EDGE('',*,*,#28110,.T.);
#38940=EDGE_LOOP('',(#38930,#38920,#38860,#38850));
#38950=FACE_OUTER_BOUND('',#38940,.T.);
#38960=ADVANCED_FACE('',(#38950),#38790,.T.);
#38970=COLOUR_RGB('',0.94901967048645,0.94901967048645,1.);
#38980=FILL_AREA_STYLE_COLOUR('',#38970);
#38990=FILL_AREA_STYLE('',(#38980));
#39000=SURFACE_STYLE_FILL_AREA(#38990);
#39010=SURFACE_SIDE_STYLE('',(#39000));
#39020=SURFACE_STYLE_USAGE(.BOTH.,#39010);
#39030=PRESENTATION_STYLE_ASSIGNMENT((#39020));
#39040=CARTESIAN_POINT('',(23.7944859099888,29.9307714223025,
-21.4347498788233));
#39050=DIRECTION('',(2.14618160360293E-12,-5.11928974526717E-12,-1.));
#39060=DIRECTION('',(-1.,1.04067865436264E-11,-2.14618160365621E-12));
#39070=AXIS2_PLACEMENT_3D('',#39040,#39050,#39060);
#39080=CYLINDRICAL_SURFACE('',#39070,0.25);
#39090=CARTESIAN_POINT('',(23.5463493720783,29.9003040864525,
-21.4347498788237));
#39100=DIRECTION('',(2.14618160360293E-12,-5.11928974526717E-12,-1.));
#39110=VECTOR('',#39100,1.);
#39120=LINE('',#39090,#39110);
#39130=CARTESIAN_POINT('',(23.5463493720641,29.9003040864869,
-14.834749921745));
#39140=VERTEX_POINT('',#39130);
#39150=EDGE_CURVE('',#39140,#29940,#39120,.T.);
#39160=ORIENTED_EDGE('',*,*,#39150,.T.);
#39170=CARTESIAN_POINT('',(23.7944859099747,29.9307714223363,
-14.8347499217446));
#39180=DIRECTION('',(2.14618160360293E-12,-5.11928974526717E-12,-1.));
#39190=DIRECTION('',(-1.,1.04067865436264E-11,-2.14618160365621E-12));
#39200=AXIS2_PLACEMENT_3D('',#39170,#39180,#39190);
#39210=CIRCLE('',#39200,0.25);
#39220=CARTESIAN_POINT('',(24.0444859099747,29.9307714223337,
-14.8347499217441));
#39230=VERTEX_POINT('',#39220);
#39240=EDGE_CURVE('',#39230,#39140,#39210,.T.);
#39250=ORIENTED_EDGE('',*,*,#39240,.T.);
#39260=CARTESIAN_POINT('',(24.0444859099888,29.9307714222999,
-21.4347498788228));
#39270=DIRECTION('',(2.14618160360293E-12,-5.11928974526717E-12,-1.));
#39280=VECTOR('',#39270,1.);
#39290=LINE('',#39260,#39280);
#39300=EDGE_CURVE('',#39230,#30030,#39290,.T.);
#39310=ORIENTED_EDGE('',*,*,#39300,.F.);
#39320=ORIENTED_EDGE('',*,*,#30040,.F.);
#39330=EDGE_LOOP('',(#39320,#39310,#39250,#39160));
#39340=FACE_OUTER_BOUND('',#39330,.T.);
#39350=ADVANCED_FACE('',(#39340),#39080,.T.);
#39360=COLOUR_RGB('',1.,0.709803938865662,0.);
#39370=FILL_AREA_STYLE_COLOUR('',#39360);
#39380=FILL_AREA_STYLE('',(#39370));
#39390=SURFACE_STYLE_FILL_AREA(#39380);
#39400=SURFACE_SIDE_STYLE('',(#39390));
#39410=SURFACE_STYLE_USAGE(.BOTH.,#39400);
#39420=PRESENTATION_STYLE_ASSIGNMENT((#39410));
#39430=CARTESIAN_POINT('',(20.2365703412338,31.7003551667567,
-14.8347499217613));
#39440=DIRECTION('',(2.14618160360293E-12,-5.11928974526717E-12,-1.));
#39450=DIRECTION('',(-1.,1.04067865436264E-11,-2.14618160365621E-12));
#39460=AXIS2_PLACEMENT_3D('',#39430,#39440,#39450);
#39470=PLANE('',#39460);
#39480=CARTESIAN_POINT('',(25.1444859099764,30.0965305795413,
-14.8347499217426));
#39490=DIRECTION('',(2.14618160360293E-12,-5.11928974526717E-12,-1.));
#39500=DIRECTION('',(-1.,1.04067865436264E-11,-2.14618160365621E-12));
#39510=AXIS2_PLACEMENT_3D('',#39480,#39490,#39500);
#39520=CIRCLE('',#39510,0.25);
#39530=CARTESIAN_POINT('',(25.3926224478871,30.1269979153895,
-14.8347499217422));
#39540=VERTEX_POINT('',#39530);
#39550=CARTESIAN_POINT('',(25.3944859099764,30.0965305795387,
-14.8347499217421));
#39560=VERTEX_POINT('',#39550);
#39570=EDGE_CURVE('',#39540,#39560,#39520,.T.);
#39580=ORIENTED_EDGE('',*,*,#39570,.F.);
#39590=CARTESIAN_POINT('',(24.8963493720657,30.0660632436926,
-14.834749921743));
#39600=VERTEX_POINT('',#39590);
#39610=EDGE_CURVE('',#39560,#39600,#39520,.T.);
#39620=ORIENTED_EDGE('',*,*,#39610,.F.);
#39630=CARTESIAN_POINT('',(13.0720659147092,28.6142237915133,
-14.8347499217609));
#39640=DIRECTION('',(0.992546151642584,0.121869343394875,
1.50628001464811E-12));
#39650=VECTOR('',#39640,1.);
#39660=LINE('',#39630,#39650);
#39670=CARTESIAN_POINT('',(24.0426224478854,29.9612387581845,
-14.8347499217443));
#39680=VERTEX_POINT('',#39670);
#39690=EDGE_CURVE('',#39680,#39600,#39660,.T.);
#39700=ORIENTED_EDGE('',*,*,#39690,.T.);
#39710=EDGE_CURVE('',#39680,#39230,#39210,.T.);
#39720=ORIENTED_EDGE('',*,*,#39710,.F.);
#39730=ORIENTED_EDGE('',*,*,#39240,.F.);
#39740=CARTESIAN_POINT('',(13.0720659147092,28.6142237915133,
-14.8347499217609));
#39750=DIRECTION('',(-0.992546151642584,-0.121869343394875,
-1.50628001464811E-12));
#39760=VECTOR('',#39750,1.);
#39770=LINE('',#39740,#39760);
#39780=CARTESIAN_POINT('',(22.9944859098523,29.8325437736073,
-14.8347499217459));
#39790=VERTEX_POINT('',#39780);
#39800=EDGE_CURVE('',#39140,#39790,#39770,.T.);
#39810=ORIENTED_EDGE('',*,*,#39800,.F.);
#39820=CARTESIAN_POINT('',(22.9944859098523,-1.37063693728123E-11,
-14.8347499215931));
#39830=DIRECTION('',(-1.5957558018241E-23,1.,-5.11928974526717E-12));
#39840=VECTOR('',#39830,1.);
#39850=LINE('',#39820,#39840);
#39860=EDGE_CURVE('',#39790,#18350,#39850,.T.);
#39870=ORIENTED_EDGE('',*,*,#39860,.F.);
#39880=ORIENTED_EDGE('',*,*,#18360,.F.);
#39890=CARTESIAN_POINT('',(1.13103748589083E-10,37.6657549293585,
-14.8347499218353));
#39900=DIRECTION('',(-0.984807753928578,0.173648172469936,
-3.00251490337189E-12));
#39910=VECTOR('',#39900,1.);
#39920=LINE('',#39890,#39910);
#39930=CARTESIAN_POINT('',(17.2732985279132,34.6200064470637,
-14.8347499217826));
#39940=VERTEX_POINT('',#39930);
#39950=EDGE_CURVE('',#18250,#39940,#39920,.T.);
#39960=ORIENTED_EDGE('',*,*,#39950,.F.);
#39970=CARTESIAN_POINT('',(17.2732985279075,25.9910190607175,
-14.8347499217385));
#39980=DIRECTION('',(-6.57113252700015E-13,-1.,5.11929580817723E-12));
#39990=VECTOR('',#39980,1.);
#40000=LINE('',#39970,#39990);
#40010=EDGE_CURVE('',#32250,#39940,#40000,.T.);
#40020=ORIENTED_EDGE('',*,*,#40010,.T.);
#40030=ORIENTED_EDGE('',*,*,#32260,.F.);
#40040=CARTESIAN_POINT('',(23.5944859099943,33.5171250411848,
-14.8347499217634));
#40050=DIRECTION('',(2.14618160360293E-12,-5.11928974526717E-12,-1.));
#40060=DIRECTION('',(-1.,1.04067865436264E-11,-2.14618160365621E-12));
#40070=AXIS2_PLACEMENT_3D('',#40040,#40050,#40060);
#40080=CIRCLE('',#40070,0.25);
#40090=CARTESIAN_POINT('',(23.8444859099943,33.5171250411822,
-14.8347499217629));
#40100=VERTEX_POINT('',#40090);
#40110=EDGE_CURVE('',#32170,#40100,#40080,.T.);
#40120=ORIENTED_EDGE('',*,*,#40110,.F.);
#40130=CARTESIAN_POINT('',(23.8406878556091,33.4737130385186,
-14.8347499217627));
#40140=VERTEX_POINT('',#40130);
#40150=EDGE_CURVE('',#40100,#40140,#40080,.T.);
#40160=ORIENTED_EDGE('',*,*,#40150,.F.);
#40170=CARTESIAN_POINT('',(14.2278011936407,35.168724267212,
-14.834749921792));
#40180=DIRECTION('',(0.984807753928579,-0.173648172469936,
3.00253159317649E-12));
#40190=VECTOR('',#40180,1.);
#40200=LINE('',#40170,#40190);
#40210=CARTESIAN_POINT('',(24.798283979994,33.3048630103782,
-14.8347499217598));
#40220=VERTEX_POINT('',#40210);
#40230=EDGE_CURVE('',#40140,#40220,#40200,.T.);
#40240=ORIENTED_EDGE('',*,*,#40230,.F.);
#40250=CARTESIAN_POINT('',(25.0444859099916,33.2614509191425,
-14.834749921759));
#40260=DIRECTION('',(2.14618160360293E-12,-5.11928974526717E-12,-1.));
#40270=DIRECTION('',(-1.,1.04067865436264E-11,-2.14618160365621E-12));
#40280=AXIS2_PLACEMENT_3D('',#40250,#40260,#40270);
#40290=CIRCLE('',#40280,0.25);
#40300=CARTESIAN_POINT('',(25.2944859099916,33.2614509191398,
-14.8347499217585));
#40310=VERTEX_POINT('',#40300);
#40320=EDGE_CURVE('',#40220,#40310,#40290,.T.);
#40330=ORIENTED_EDGE('',*,*,#40320,.F.);
#40340=CARTESIAN_POINT('',(25.2906878569583,33.2180389241432,
-14.8347499217583));
#40350=VERTEX_POINT('',#40340);
#40360=EDGE_CURVE('',#40310,#40350,#40290,.T.);
#40370=ORIENTED_EDGE('',*,*,#40360,.F.);
#40380=CARTESIAN_POINT('',(14.2278011936407,35.168724267212,
-14.834749921792));
#40390=DIRECTION('',(-0.984807753928579,0.173648172469936,
-3.00253159317649E-12));
#40400=VECTOR('',#40390,1.);
#40410=LINE('',#40380,#40400);
#40420=EDGE_CURVE('',#31350,#40350,#40410,.T.);
#40430=ORIENTED_EDGE('',*,*,#40420,.T.);
#40440=ORIENTED_EDGE('',*,*,#31360,.F.);
#40450=ORIENTED_EDGE('',*,*,#31110,.T.);
#40460=CARTESIAN_POINT('',(26.7444859099819,31.6660264435632,
-14.8347499217472));
#40470=DIRECTION('',(2.14618160360293E-12,-5.11928974526717E-12,-1.));
#40480=DIRECTION('',(-1.,1.04067865436264E-11,-2.14618160365621E-12));
#40490=AXIS2_PLACEMENT_3D('',#40460,#40470,#40480);
#40500=CIRCLE('',#40490,0.5);
#40510=CARTESIAN_POINT('',(26.2444859099819,31.6660264435684,
-14.8347499217483));
#40520=VERTEX_POINT('',#40510);
#40530=EDGE_CURVE('',#40520,#31040,#40500,.T.);
#40540=ORIENTED_EDGE('',*,*,#40530,.T.);
#40550=CARTESIAN_POINT('',(26.7444859099897,31.1660264435632,
-14.8347499217446));
#40560=VERTEX_POINT('',#40550);
#40570=EDGE_CURVE('',#40560,#40520,#40500,.T.);
#40580=ORIENTED_EDGE('',*,*,#40570,.T.);
#40590=CARTESIAN_POINT('',(26.7444859099667,30.262289736742,
-14.83474992174));
#40600=VERTEX_POINT('',#40590);
#40610=EDGE_CURVE('',#40600,#40560,#31100,.T.);
#40620=ORIENTED_EDGE('',*,*,#40610,.T.);
#40630=CARTESIAN_POINT('',(26.4944859099667,30.2622897367446,
-14.8347499217405));
#40640=DIRECTION('',(2.14618160360293E-12,-5.11928974526717E-12,-1.));
#40650=DIRECTION('',(-1.,1.04067865436264E-11,-2.14618160365621E-12));
#40660=AXIS2_PLACEMENT_3D('',#40630,#40640,#40650);
#40670=CIRCLE('',#40660,0.25);
#40680=CARTESIAN_POINT('',(26.246349372056,30.2318224008962,
-14.8347499217409));
#40690=VERTEX_POINT('',#40680);
#40700=EDGE_CURVE('',#40600,#40690,#40670,.T.);
#40710=ORIENTED_EDGE('',*,*,#40700,.F.);
#40720=EDGE_CURVE('',#40690,#39540,#39770,.T.);
#40730=ORIENTED_EDGE('',*,*,#40720,.F.);
#40740=EDGE_LOOP('',(#40730,#40710,#40620,#40580,#40540,#40450,#40440,
#40430,#40370,#40330,#40240,#40160,#40120,#40030,#40020,#39960,#39880,
#39870,#39810,#39730,#39720,#39700,#39620,#39580));
#40750=FACE_OUTER_BOUND('',#40740,.T.);
#40760=ADVANCED_FACE('',(#40750),#39470,.F.);
#40770=COLOUR_RGB('',1.,0.709803938865662,0.);
#40780=FILL_AREA_STYLE_COLOUR('',#40770);
#40790=FILL_AREA_STYLE('',(#40780));
#40800=SURFACE_STYLE_FILL_AREA(#40790);
#40810=SURFACE_SIDE_STYLE('',(#40800));
#40820=SURFACE_STYLE_USAGE(.BOTH.,#40810);
#40830=PRESENTATION_STYLE_ASSIGNMENT((#40820));
#40840=CARTESIAN_POINT('',(18.8157655365946,29.319461427474,
-16.8347499002844));
#40850=DIRECTION('',(-0.121869343394783,0.992546151642595,
-5.51653230619028E-12));
#40860=DIRECTION('',(0.992546151642595,0.121869343394783,
6.64486901656587E-13));
#40870=AXIS2_PLACEMENT_3D('',#40840,#40850,#40860);
#40880=PLANE('',#40870);
#40890=ORIENTED_EDGE('',*,*,#39800,.T.);
#40900=ORIENTED_EDGE('',*,*,#39150,.F.);
#40910=ORIENTED_EDGE('',*,*,#29950,.F.);
#40920=CARTESIAN_POINT('',(22.9944859096667,29.8325437736669,0.));
#40930=DIRECTION('',(9.04552778569693E-12,-4.4473093437348E-12,-1.));
#40940=VECTOR('',#40930,1.);
#40950=LINE('',#40920,#40940);
#40960=EDGE_CURVE('',#39790,#29860,#40950,.T.);
#40970=ORIENTED_EDGE('',*,*,#40960,.T.);
#40980=EDGE_LOOP('',(#40970,#40910,#40900,#40890));
#40990=FACE_OUTER_BOUND('',#40980,.T.);
#41000=ADVANCED_FACE('',(#40990),#40880,.F.);
#41010=COLOUR_RGB('',1.,0.709803938865662,0.);
#41020=FILL_AREA_STYLE_COLOUR('',#41010);
#41030=FILL_AREA_STYLE('',(#41020));
#41040=SURFACE_STYLE_FILL_AREA(#41030);
#41050=SURFACE_SIDE_STYLE('',(#41040));
#41060=SURFACE_STYLE_USAGE(.BOTH.,#41050);
#41070=PRESENTATION_STYLE_ASSIGNMENT((#41060));
#41080=CARTESIAN_POINT('',(16.8084046171126,34.7019797841975,
-10.6347498827247));
#41090=DIRECTION('',(0.173648172469936,0.984807753928578,
-5.20887174200054E-12));
#41100=DIRECTION('',(5.6377453040902E-13,-5.38863563748507E-12,-1.));
#41110=AXIS2_PLACEMENT_3D('',#41080,#41090,#41100);
#41120=PLANE('',#41110);
#41130=ORIENTED_EDGE('',*,*,#39950,.T.);
#41140=ORIENTED_EDGE('',*,*,#18280,.F.);
#41150=ORIENTED_EDGE('',*,*,#25650,.T.);
#41160=ORIENTED_EDGE('',*,*,#17440,.F.);
#41170=ORIENTED_EDGE('',*,*,#3390,.T.);
#41180=ORIENTED_EDGE('',*,*,#15810,.F.);
#41190=CARTESIAN_POINT('',(15.5944859106306,34.9160263979473,
-7.69999996216308));
#41200=DIRECTION('',(-2.89019429981444E-11,-1.93034791596792E-13,-1.));
#41210=VECTOR('',#41200,1.);
#41220=LINE('',#41190,#41210);
#41230=EDGE_CURVE('',#15740,#34180,#41220,.T.);
#41240=ORIENTED_EDGE('',*,*,#41230,.F.);
#41250=ORIENTED_EDGE('',*,*,#34210,.F.);
#41260=ORIENTED_EDGE('',*,*,#35670,.F.);
#41270=CARTESIAN_POINT('',(17.2732985279153,34.620006447058,
-15.8347499217826));
#41280=DIRECTION('',(0.173648172469936,0.984807753928578,
-5.20887174200054E-12));
#41290=DIRECTION('',(-0.984807753928578,0.173648172469936,
6.01300458074576E-14));
#41300=AXIS2_PLACEMENT_3D('',#41270,#41280,#41290);
#41310=ELLIPSE('',#41300,1.01542661094077,1.);
#41320=EDGE_CURVE('',#35640,#39940,#41310,.T.);
#41330=ORIENTED_EDGE('',*,*,#41320,.F.);
#41340=EDGE_LOOP('',(#41330,#41260,#41250,#41240,#41180,#41170,#41160,
#41150,#41140,#41130));
#41350=FACE_OUTER_BOUND('',#41340,.T.);
#41360=ADVANCED_FACE('',(#41350),#41120,.T.);
#41370=CARTESIAN_POINT('',(16.1444853742736,18.7541029140682,
-18.1347499002237));
#41380=DIRECTION('',(-5.55111512312578E-17,1.,-5.39443232852189E-12));
#41390=DIRECTION('',(1.33183008702767E-12,-5.39443232852189E-12,-1.));
#41400=AXIS2_PLACEMENT_3D('',#41370,#41380,#41390);
#41410=CYLINDRICAL_SURFACE('',#41400,1.25);
#41420=CARTESIAN_POINT('',(16.1444853742753,18.7541029140614,
-19.3847499002237));
#41430=DIRECTION('',(-5.55111512312578E-17,1.,-5.39443232852189E-12));
#41440=VECTOR('',#41430,1.);
#41450=LINE('',#41420,#41440);
#41460=CARTESIAN_POINT('',(16.1444853742753,28.9624364616369,
-19.3847499002787));
#41470=VERTEX_POINT('',#41460);
#41480=EDGE_CURVE('',#41470,#32630,#41450,.T.);
#41490=ORIENTED_EDGE('',*,*,#41480,.F.);
#41500=ORIENTED_EDGE('',*,*,#32640,.T.);
#41510=CARTESIAN_POINT('',(16.144485374272,18.7541029140749,
-16.8847499002237));
#41520=DIRECTION('',(-5.55111512312578E-17,1.,-5.39443232852189E-12));
#41530=VECTOR('',#41520,1.);
#41540=LINE('',#41510,#41530);
#41550=CARTESIAN_POINT('',(16.144485374272,28.9624364616505,
-16.8847499002787));
#41560=VERTEX_POINT('',#41550);
#41570=EDGE_CURVE('',#41560,#32590,#41540,.T.);
#41580=ORIENTED_EDGE('',*,*,#41570,.T.);
#41590=CARTESIAN_POINT('',(16.1444853742736,28.9624364616437,
-18.1347499002787));
#41600=DIRECTION('',(0.258819045092524,-0.965925826291747,
5.61919001149628E-12));
#41610=DIRECTION('',(0.965925826291747,0.258819045092524,
1.28616603198904E-13));
#41620=AXIS2_PLACEMENT_3D('',#41590,#41600,#41610);
#41630=ELLIPSE('',#41620,1.29409522550902,1.25);
#41640=CARTESIAN_POINT('',(17.3944853742736,29.2973729521687,
-18.1347499002786));
#41650=VERTEX_POINT('',#41640);
#41660=EDGE_CURVE('',#41650,#41560,#41630,.T.);
#41670=ORIENTED_EDGE('',*,*,#41660,.T.);
#41680=EDGE_CURVE('',#41470,#41650,#41630,.T.);
#41690=ORIENTED_EDGE('',*,*,#41680,.T.);
#41700=EDGE_LOOP('',(#41690,#41670,#41580,#41500,#41490));
#41710=FACE_OUTER_BOUND('',#41700,.T.);
#41720=ADVANCED_FACE('',(#41710),#41410,.F.);
#41730=COLOUR_RGB('',1.,0.709803938865662,0.);
#41740=FILL_AREA_STYLE_COLOUR('',#41730);
#41750=FILL_AREA_STYLE('',(#41740));
#41760=SURFACE_STYLE_FILL_AREA(#41750);
#41770=SURFACE_SIDE_STYLE('',(#41760));
#41780=SURFACE_STYLE_USAGE(.BOTH.,#41770);
#41790=PRESENTATION_STYLE_ASSIGNMENT((#41780));
#41800=CARTESIAN_POINT('',(13.6576019797863,28.296078064448,
-18.1345464252538));
#41810=DIRECTION('',(0.258819045092524,-0.965925826291747,
5.61919001149628E-12));
#41820=DIRECTION('',(6.50189239466172E-13,-5.64319589044907E-12,-1.));
#41830=AXIS2_PLACEMENT_3D('',#41800,#41810,#41820);
#41840=PLANE('',#41830);
#41850=ORIENTED_EDGE('',*,*,#41660,.F.);
#41860=EDGE_CURVE('',#41560,#41470,#41630,.T.);
#41870=ORIENTED_EDGE('',*,*,#41860,.F.);
#41880=ORIENTED_EDGE('',*,*,#41680,.F.);
#41890=EDGE_LOOP('',(#41880,#41870,#41850));
#41900=FACE_OUTER_BOUND('',#41890,.T.);
#41910=ADVANCED_FACE('',(#41900),#41840,.F.);
#41920=COLOUR_RGB('',1.,0.709803938865662,0.);
#41930=FILL_AREA_STYLE_COLOUR('',#41920);
#41940=FILL_AREA_STYLE('',(#41930));
#41950=SURFACE_STYLE_FILL_AREA(#41940);
#41960=SURFACE_SIDE_STYLE('',(#41950));
#41970=SURFACE_STYLE_USAGE(.BOTH.,#41960);
#41980=PRESENTATION_STYLE_ASSIGNMENT((#41970));
#41990=CARTESIAN_POINT('',(17.2732985279096,25.9910190607124,
-15.8347499217385));
#42000=DIRECTION('',(-6.57113252700015E-13,-1.,5.11929580817723E-12));
#42010=DIRECTION('',(1.,-6.57113252700015E-13,-1.39166380387081E-13));
#42020=AXIS2_PLACEMENT_3D('',#41990,#42000,#42010);
#42030=CYLINDRICAL_SURFACE('',#42020,1.);
#42040=ORIENTED_EDGE('',*,*,#40010,.F.);
#42050=ORIENTED_EDGE('',*,*,#41320,.T.);
#42060=ORIENTED_EDGE('',*,*,#35650,.T.);
#42070=ORIENTED_EDGE('',*,*,#32350,.F.);
#42080=EDGE_LOOP('',(#42070,#42060,#42050,#42040));
#42090=FACE_OUTER_BOUND('',#42080,.T.);
#42100=ADVANCED_FACE('',(#42090),#42030,.T.);
#42110=COLOUR_RGB('',1.,0.709803938865662,0.);
#42120=FILL_AREA_STYLE_COLOUR('',#42110);
#42130=FILL_AREA_STYLE('',(#42120));
#42140=SURFACE_STYLE_FILL_AREA(#42130);
#42150=SURFACE_SIDE_STYLE('',(#42140));
#42160=SURFACE_STYLE_USAGE(.BOTH.,#42150);
#42170=PRESENTATION_STYLE_ASSIGNMENT((#42160));
#42180=CARTESIAN_POINT('',(18.815765536611,29.3194614274328,
-24.3347499002844));
#42190=DIRECTION('',(-0.121869343394783,0.992546151642595,
-5.51653230619028E-12));
#42200=DIRECTION('',(0.992546151642595,0.121869343394783,
6.64486901656587E-13));
#42210=AXIS2_PLACEMENT_3D('',#42180,#42190,#42200);
#42220=PLANE('',#42210);
#42230=CARTESIAN_POINT('',(13.0720659147256,28.6142237914722,
-22.3347499217609));
#42240=DIRECTION('',(-0.992546151642584,-0.121869343394875,
-1.50628001464811E-12));
#42250=VECTOR('',#42240,1.);
#42260=LINE('',#42230,#42250);
#42270=CARTESIAN_POINT('',(23.5463493720805,29.9003040864457,
-22.334749921745));
#42280=VERTEX_POINT('',#42270);
#42290=CARTESIAN_POINT('',(22.9944859098687,29.8325437735661,
-22.3347499217459));
#42300=VERTEX_POINT('',#42290);
#42310=EDGE_CURVE('',#42280,#42300,#42260,.T.);
#42320=ORIENTED_EDGE('',*,*,#42310,.T.);
#42330=CARTESIAN_POINT('',(23.5463493720948,29.9003040864114,
-28.9347498788237));
#42340=DIRECTION('',(2.14618160360293E-12,-5.11928974526717E-12,-1.));
#42350=VECTOR('',#42340,1.);
#42360=LINE('',#42330,#42350);
#42370=CARTESIAN_POINT('',(23.5463493720947,29.900304086412,
-28.9347498787729));
#42380=VERTEX_POINT('',#42370);
#42390=EDGE_CURVE('',#42280,#42380,#42360,.T.);
#42400=ORIENTED_EDGE('',*,*,#42390,.F.);
#42410=CARTESIAN_POINT('',(13.0720659147244,28.6142237914366,
-28.9347498788536));
#42420=DIRECTION('',(-0.992546151642595,-0.121869343394783,
-7.64198307139074E-12));
#42430=VECTOR('',#42420,1.);
#42440=LINE('',#42410,#42430);
#42450=CARTESIAN_POINT('',(22.994485909877,29.8325437735305,
-28.9347498787772));
#42460=VERTEX_POINT('',#42450);
#42470=EDGE_CURVE('',#42380,#42460,#42440,.T.);
#42480=ORIENTED_EDGE('',*,*,#42470,.F.);
#42490=CARTESIAN_POINT('',(22.9944859096153,29.8325437736592,0.));
#42500=DIRECTION('',(9.04552778569693E-12,-4.4473093437348E-12,-1.));
#42510=VECTOR('',#42500,1.);
#42520=LINE('',#42490,#42510);
#42530=EDGE_CURVE('',#42300,#42460,#42520,.T.);
#42540=ORIENTED_EDGE('',*,*,#42530,.T.);
#42550=EDGE_LOOP('',(#42540,#42480,#42400,#42320));
#42560=FACE_OUTER_BOUND('',#42550,.T.);
#42570=ADVANCED_FACE('',(#42560),#42220,.F.);
#42580=COLOUR_RGB('',1.,0.709803938865662,0.);
#42590=FILL_AREA_STYLE_COLOUR('',#42580);
#42600=FILL_AREA_STYLE('',(#42590));
#42610=SURFACE_STYLE_FILL_AREA(#42600);
#42620=SURFACE_SIDE_STYLE('',(#42610));
#42630=SURFACE_STYLE_USAGE(.BOTH.,#42620);
#42640=PRESENTATION_STYLE_ASSIGNMENT((#42630));
#42650=CARTESIAN_POINT('',(23.5944859100085,33.517125041151,
-21.4347498788423));
#42660=DIRECTION('',(2.14618160360293E-12,-5.11928974526717E-12,-1.));
#42670=DIRECTION('',(-1.,1.04067865436264E-11,-2.14618160365621E-12));
#42680=AXIS2_PLACEMENT_3D('',#42650,#42660,#42670);
#42690=CYLINDRICAL_SURFACE('',#42680,0.25);
#42700=ORIENTED_EDGE('',*,*,#40150,.T.);
#42710=CARTESIAN_POINT('',(23.8444859100085,33.5171250411484,
-21.4347498788418));
#42720=DIRECTION('',(2.14618160360293E-12,-5.11928974526717E-12,-1.));
#42730=VECTOR('',#42720,1.);
#42740=LINE('',#42710,#42730);
#42750=EDGE_CURVE('',#40100,#29420,#42740,.T.);
#42760=ORIENTED_EDGE('',*,*,#42750,.F.);
#42770=ORIENTED_EDGE('',*,*,#29430,.F.);
#42780=CARTESIAN_POINT('',(23.8406878556229,33.4737130384831,
-21.4347498788415));
#42790=DIRECTION('',(2.14618160360293E-12,-5.11928974526717E-12,-1.));
#42800=VECTOR('',#42790,1.);
#42810=LINE('',#42780,#42800);
#42820=EDGE_CURVE('',#40140,#29330,#42810,.T.);
#42830=ORIENTED_EDGE('',*,*,#42820,.T.);
#42840=EDGE_LOOP('',(#42830,#42770,#42760,#42700));
#42850=FACE_OUTER_BOUND('',#42840,.T.);
#42860=ADVANCED_FACE('',(#42850),#42690,.T.);
#42870=COLOUR_RGB('',1.,0.709803938865662,0.);
#42880=FILL_AREA_STYLE_COLOUR('',#42870);
#42890=FILL_AREA_STYLE('',(#42880));
#42900=SURFACE_STYLE_FILL_AREA(#42890);
#42910=SURFACE_SIDE_STYLE('',(#42900));
#42920=SURFACE_STYLE_USAGE(.BOTH.,#42910);
#42930=PRESENTATION_STYLE_ASSIGNMENT((#42920));
#42940=CARTESIAN_POINT('',(24.7982839800082,33.3048630103444,
-21.4347498788384));
#42950=DIRECTION('',(2.14618160360293E-12,-5.11928974526717E-12,-1.));
#42960=VECTOR('',#42950,1.);
#42970=LINE('',#42940,#42960);
#42980=EDGE_CURVE('',#40220,#29250,#42970,.T.);
#42990=ORIENTED_EDGE('',*,*,#42980,.T.);
#43000=ORIENTED_EDGE('',*,*,#40230,.T.);
#43010=ORIENTED_EDGE('',*,*,#42820,.F.);
#43020=ORIENTED_EDGE('',*,*,#29340,.F.);
#43030=EDGE_LOOP('',(#43020,#43010,#43000,#42990));
#43040=FACE_OUTER_BOUND('',#43030,.T.);
#43050=ADVANCED_FACE('',(#43040),#31590,.T.);
#43060=COLOUR_RGB('',1.,0.709803938865662,0.);
#43070=FILL_AREA_STYLE_COLOUR('',#43060);
#43080=FILL_AREA_STYLE('',(#43070));
#43090=SURFACE_STYLE_FILL_AREA(#43080);
#43100=SURFACE_SIDE_STYLE('',(#43090));
#43110=SURFACE_STYLE_USAGE(.BOTH.,#43100);
#43120=PRESENTATION_STYLE_ASSIGNMENT((#43110));
#43130=CARTESIAN_POINT('',(25.0444859100058,33.2614509191087,
-21.4347498788377));
#43140=DIRECTION('',(2.14618160360293E-12,-5.11928974526717E-12,-1.));
#43150=DIRECTION('',(-1.,1.04067865436264E-11,-2.14618160365621E-12));
#43160=AXIS2_PLACEMENT_3D('',#43130,#43140,#43150);
#43170=CYLINDRICAL_SURFACE('',#43160,0.25);
#43180=ORIENTED_EDGE('',*,*,#29260,.F.);
#43190=CARTESIAN_POINT('',(25.2944859100058,33.2614509191061,
-21.4347498788372));
#43200=DIRECTION('',(2.14618160360293E-12,-5.11928974526717E-12,-1.));
#43210=VECTOR('',#43200,1.);
#43220=LINE('',#43190,#43210);
#43230=EDGE_CURVE('',#40310,#29210,#43220,.T.);
#43240=ORIENTED_EDGE('',*,*,#43230,.T.);
#43250=ORIENTED_EDGE('',*,*,#40320,.T.);
#43260=ORIENTED_EDGE('',*,*,#42980,.F.);
#43270=EDGE_LOOP('',(#43260,#43250,#43240,#43180));
#43280=FACE_OUTER_BOUND('',#43270,.T.);
#43290=ADVANCED_FACE('',(#43280),#43170,.T.);
#43300=COLOUR_RGB('',1.,0.709803938865662,0.);
#43310=FILL_AREA_STYLE_COLOUR('',#43300);
#43320=FILL_AREA_STYLE('',(#43310));
#43330=SURFACE_STYLE_FILL_AREA(#43320);
#43340=SURFACE_SIDE_STYLE('',(#43330));
#43350=SURFACE_STYLE_USAGE(.BOTH.,#43340);
#43360=PRESENTATION_STYLE_ASSIGNMENT((#43350));
#43370=ORIENTED_EDGE('',*,*,#31420,.T.);
#43380=ORIENTED_EDGE('',*,*,#40420,.F.);
#43390=CARTESIAN_POINT('',(25.2906878569725,33.2180389241095,
-21.434749878837));
#43400=DIRECTION('',(2.14618160360293E-12,-5.11928974526717E-12,-1.));
#43410=VECTOR('',#43400,1.);
#43420=LINE('',#43390,#43410);
#43430=EDGE_CURVE('',#40350,#29120,#43420,.T.);
#43440=ORIENTED_EDGE('',*,*,#43430,.F.);
#43450=ORIENTED_EDGE('',*,*,#29130,.F.);
#43460=EDGE_LOOP('',(#43450,#43440,#43380,#43370));
#43470=FACE_OUTER_BOUND('',#43460,.T.);
#43480=ADVANCED_FACE('',(#43470),#31590,.T.);
#43490=COLOUR_RGB('',1.,0.709803938865662,0.);
#43500=FILL_AREA_STYLE_COLOUR('',#43490);
#43510=FILL_AREA_STYLE('',(#43500));
#43520=SURFACE_STYLE_FILL_AREA(#43510);
#43530=SURFACE_SIDE_STYLE('',(#43520));
#43540=SURFACE_STYLE_USAGE(.BOTH.,#43530);
#43550=PRESENTATION_STYLE_ASSIGNMENT((#43540));
#43560=CARTESIAN_POINT('',(23.2921505530106,29.8690923960928,
-18.1347499002839));
#43570=DIRECTION('',(0.121869343394874,-0.992546151642584,
5.25486278196536E-12));
#43580=DIRECTION('',(-3.1980229545923E-13,5.25505909984105E-12,1.));
#43590=AXIS2_PLACEMENT_3D('',#43560,#43570,#43580);
#43600=PLANE('',#43590);
#43610=CARTESIAN_POINT('',(25.3926224479012,30.126997915356,
-21.4347498788209));
#43620=DIRECTION('',(2.14618160360293E-12,-5.11928974526717E-12,-1.));
#43630=VECTOR('',#43620,1.);
#43640=LINE('',#43610,#43630);
#43650=EDGE_CURVE('',#39540,#30280,#43640,.T.);
#43660=ORIENTED_EDGE('',*,*,#43650,.T.);
#43670=ORIENTED_EDGE('',*,*,#40720,.T.);
#43680=CARTESIAN_POINT('',(26.2463493720702,30.2318224008621,
-21.4347498788196));
#43690=DIRECTION('',(2.14618160360293E-12,-5.11928974526717E-12,-1.));
#43700=VECTOR('',#43690,1.);
#43710=LINE('',#43680,#43700);
#43720=EDGE_CURVE('',#40690,#30360,#43710,.T.);
#43730=ORIENTED_EDGE('',*,*,#43720,.F.);
#43740=ORIENTED_EDGE('',*,*,#30370,.F.);
#43750=EDGE_LOOP('',(#43740,#43730,#43670,#43660));
#43760=FACE_OUTER_BOUND('',#43750,.T.);
#43770=ADVANCED_FACE('',(#43760),#43600,.T.);
#43780=COLOUR_RGB('',1.,0.709803938865662,0.);
#43790=FILL_AREA_STYLE_COLOUR('',#43780);
#43800=FILL_AREA_STYLE('',(#43790));
#43810=SURFACE_STYLE_FILL_AREA(#43800);
#43820=SURFACE_SIDE_STYLE('',(#43810));
#43830=SURFACE_STYLE_USAGE(.BOTH.,#43820);
#43840=PRESENTATION_STYLE_ASSIGNMENT((#43830));
#43850=CARTESIAN_POINT('',(25.1444859099905,30.0965305795075,
-21.4347498788213));
#43860=DIRECTION('',(2.14618160360293E-12,-5.11928974526717E-12,-1.));
#43870=DIRECTION('',(-1.,1.04067865436264E-11,-2.14618160365621E-12));
#43880=AXIS2_PLACEMENT_3D('',#43850,#43860,#43870);
#43890=CYLINDRICAL_SURFACE('',#43880,0.25);
#43900=ORIENTED_EDGE('',*,*,#39610,.T.);
#43910=CARTESIAN_POINT('',(25.3944859099905,30.0965305795049,
-21.4347498788208));
#43920=DIRECTION('',(2.14618160360293E-12,-5.11928974526717E-12,-1.));
#43930=VECTOR('',#43920,1.);
#43940=LINE('',#43910,#43930);
#43950=EDGE_CURVE('',#39560,#30240,#43940,.T.);
#43960=ORIENTED_EDGE('',*,*,#43950,.F.);
#43970=ORIENTED_EDGE('',*,*,#30250,.F.);
#43980=CARTESIAN_POINT('',(24.8963493720799,30.0660632436586,
-21.4347498788217));
#43990=DIRECTION('',(2.14618160360293E-12,-5.11928974526717E-12,-1.));
#44000=VECTOR('',#43990,1.);
#44010=LINE('',#43980,#44000);
#44020=EDGE_CURVE('',#39600,#30150,#44010,.T.);
#44030=ORIENTED_EDGE('',*,*,#44020,.T.);
#44040=EDGE_LOOP('',(#44030,#43970,#43960,#43900));
#44050=FACE_OUTER_BOUND('',#44040,.T.);
#44060=ADVANCED_FACE('',(#44050),#43890,.T.);
#44070=COLOUR_RGB('',1.,0.709803938865662,0.);
#44080=FILL_AREA_STYLE_COLOUR('',#44070);
#44090=FILL_AREA_STYLE('',(#44080));
#44100=SURFACE_STYLE_FILL_AREA(#44090);
#44110=SURFACE_SIDE_STYLE('',(#44100));
#44120=SURFACE_STYLE_USAGE(.BOTH.,#44110);
#44130=PRESENTATION_STYLE_ASSIGNMENT((#44120));
#44140=ORIENTED_EDGE('',*,*,#30160,.F.);
#44150=CARTESIAN_POINT('',(24.0426224478995,29.9612387581513,
-21.434749878823));
#44160=DIRECTION('',(2.14618160360293E-12,-5.11928974526717E-12,-1.));
#44170=VECTOR('',#44160,1.);
#44180=LINE('',#44150,#44170);
#44190=EDGE_CURVE('',#39680,#30070,#44180,.T.);
#44200=ORIENTED_EDGE('',*,*,#44190,.T.);
#44210=ORIENTED_EDGE('',*,*,#39690,.F.);
#44220=ORIENTED_EDGE('',*,*,#44020,.F.);
#44230=EDGE_LOOP('',(#44220,#44210,#44200,#44140));
#44240=FACE_OUTER_BOUND('',#44230,.T.);
#44250=ADVANCED_FACE('',(#44240),#43600,.T.);
#44260=COLOUR_RGB('',1.,0.709803938865662,0.);
#44270=FILL_AREA_STYLE_COLOUR('',#44260);
#44280=FILL_AREA_STYLE('',(#44270));
#44290=SURFACE_STYLE_FILL_AREA(#44280);
#44300=SURFACE_SIDE_STYLE('',(#44290));
#44310=SURFACE_STYLE_USAGE(.BOTH.,#44300);
#44320=PRESENTATION_STYLE_ASSIGNMENT((#44310));
#44330=CARTESIAN_POINT('',(26.4944859099808,30.2622897367108,
-21.4347498788192));
#44340=DIRECTION('',(2.14618160360293E-12,-5.11928974526717E-12,-1.));
#44350=DIRECTION('',(-1.,1.04067865436264E-11,-2.14618160365621E-12));
#44360=AXIS2_PLACEMENT_3D('',#44330,#44340,#44350);
#44370=CYLINDRICAL_SURFACE('',#44360,0.25);
#44380=ORIENTED_EDGE('',*,*,#43720,.T.);
#44390=ORIENTED_EDGE('',*,*,#40700,.T.);
#44400=CARTESIAN_POINT('',(26.7444859099808,30.2622897367082,
-21.4347498788187));
#44410=DIRECTION('',(2.14618160360293E-12,-5.11928974526717E-12,-1.));
#44420=VECTOR('',#44410,1.);
#44430=LINE('',#44400,#44420);
#44440=EDGE_CURVE('',#40600,#30450,#44430,.T.);
#44450=ORIENTED_EDGE('',*,*,#44440,.F.);
#44460=ORIENTED_EDGE('',*,*,#30460,.F.);
#44470=EDGE_LOOP('',(#44460,#44450,#44390,#44380));
#44480=FACE_OUTER_BOUND('',#44470,.T.);
#44490=ADVANCED_FACE('',(#44480),#44370,.T.);
#44500=COLOUR_RGB('',1.,0.709803938865662,0.);
#44510=FILL_AREA_STYLE_COLOUR('',#44500);
#44520=FILL_AREA_STYLE('',(#44510));
#44530=SURFACE_STYLE_FILL_AREA(#44520);
#44540=SURFACE_SIDE_STYLE('',(#44530));
#44550=SURFACE_STYLE_USAGE(.BOTH.,#44540);
#44560=PRESENTATION_STYLE_ASSIGNMENT((#44550));
#44570=CARTESIAN_POINT('',(26.7444859099827,31.1660264435668,
-14.1267475260037));
#44580=DIRECTION('',(2.14618160360293E-12,-5.11928974526717E-12,-1.));
#44590=VECTOR('',#44580,1.);
#44600=LINE('',#44570,#44590);
#44610=EDGE_CURVE('',#40560,#30530,#44600,.T.);
#44620=ORIENTED_EDGE('',*,*,#44610,.F.);
#44630=ORIENTED_EDGE('',*,*,#30540,.T.);
#44640=ORIENTED_EDGE('',*,*,#44440,.T.);
#44650=ORIENTED_EDGE('',*,*,#40610,.F.);
#44660=EDGE_LOOP('',(#44650,#44640,#44630,#44620));
#44670=FACE_OUTER_BOUND('',#44660,.T.);
#44680=ADVANCED_FACE('',(#44670),#30890,.F.);
#44690=COLOUR_RGB('',1.,0.709803938865662,0.);
#44700=FILL_AREA_STYLE_COLOUR('',#44690);
#44710=FILL_AREA_STYLE('',(#44700));
#44720=SURFACE_STYLE_FILL_AREA(#44710);
#44730=SURFACE_SIDE_STYLE('',(#44720));
#44740=SURFACE_STYLE_USAGE(.BOTH.,#44730);
#44750=PRESENTATION_STYLE_ASSIGNMENT((#44740));
#44760=CARTESIAN_POINT('',(26.7444859099803,31.6660264435668,
-14.1267475260063));
#44770=DIRECTION('',(2.14618160360293E-12,-5.11928974526717E-12,-1.));
#44780=DIRECTION('',(-1.,1.04067865436264E-11,-2.14618160365621E-12));
#44790=AXIS2_PLACEMENT_3D('',#44760,#44770,#44780);
#44800=CYLINDRICAL_SURFACE('',#44790,0.5);
#44810=CARTESIAN_POINT('',(26.2444859099803,31.666026443572,
-14.1267475260074));
#44820=DIRECTION('',(2.14618160360293E-12,-5.11928974526717E-12,-1.));
#44830=VECTOR('',#44820,1.);
#44840=LINE('',#44810,#44830);
#44850=EDGE_CURVE('',#40520,#30620,#44840,.T.);
#44860=ORIENTED_EDGE('',*,*,#44850,.T.);
#44870=ORIENTED_EDGE('',*,*,#40530,.F.);
#44880=ORIENTED_EDGE('',*,*,#31050,.F.);
#44890=ORIENTED_EDGE('',*,*,#30670,.T.);
#44900=EDGE_LOOP('',(#44890,#44880,#44870,#44860));
#44910=FACE_OUTER_BOUND('',#44900,.T.);
#44920=ADVANCED_FACE('',(#44910),#44800,.F.);
#44930=COLOUR_RGB('',1.,0.709803938865662,0.);
#44940=FILL_AREA_STYLE_COLOUR('',#44930);
#44950=FILL_AREA_STYLE('',(#44940));
#44960=SURFACE_STYLE_FILL_AREA(#44950);
#44970=SURFACE_SIDE_STYLE('',(#44960));
#44980=SURFACE_STYLE_USAGE(.BOTH.,#44970);
#44990=PRESENTATION_STYLE_ASSIGNMENT((#44980));
#45000=ORIENTED_EDGE('',*,*,#35120,.F.);
#45010=CARTESIAN_POINT('',(15.594485910647,34.9160263979062,
-15.1999999621631));
#45020=DIRECTION('',(-2.89019429981444E-11,-1.93034791596792E-13,-1.));
#45030=VECTOR('',#45020,1.);
#45040=LINE('',#45010,#45030);
#45050=CARTESIAN_POINT('',(15.5944859104159,34.9160263979047,
-22.9477446763558));
#45060=VERTEX_POINT('',#45050);
#45070=EDGE_CURVE('',#35050,#45060,#45040,.T.);
#45080=ORIENTED_EDGE('',*,*,#45070,.F.);
#45090=CARTESIAN_POINT('',(1.29527943926178E-10,37.6657549292799,
-29.4071922387172));
#45100=DIRECTION('',(0.911859297084429,-0.160785391722198,
0.37770448783332));
#45110=VECTOR('',#45100,1.);
#45120=LINE('',#45090,#45110);
#45130=CARTESIAN_POINT('',(15.878049750743,34.8660264436465,
-22.8302886878922));
#45140=VERTEX_POINT('',#45130);
#45150=EDGE_CURVE('',#45060,#45140,#45120,.T.);
#45160=ORIENTED_EDGE('',*,*,#45150,.F.);
#45170=CARTESIAN_POINT('',(16.8906150955632,34.6874838591362,
-22.4108703892732));
#45180=VERTEX_POINT('',#45170);
#45190=EDGE_CURVE('',#45140,#45180,#45120,.T.);
#45200=ORIENTED_EDGE('',*,*,#45190,.F.);
#45210=CARTESIAN_POINT('',(17.2732985279317,34.6200064470169,
-23.3347499217826));
#45220=DIRECTION('',(0.173648172469936,0.984807753928578,
-5.20887174200054E-12));
#45230=DIRECTION('',(-0.984807753928578,0.173648172469936,
6.01300458074576E-14));
#45240=AXIS2_PLACEMENT_3D('',#45210,#45220,#45230);
#45250=ELLIPSE('',#45240,1.01542661094077,1.);
#45260=CARTESIAN_POINT('',(17.2732985279296,34.6200064470226,
-22.3347499217826));
#45270=VERTEX_POINT('',#45260);
#45280=EDGE_CURVE('',#45180,#45270,#45250,.T.);
#45290=ORIENTED_EDGE('',*,*,#45280,.F.);
#45300=CARTESIAN_POINT('',(1.29527943926178E-10,37.6657549293174,
-22.3347499218353));
#45310=DIRECTION('',(-0.984807753928578,0.173648172469936,
-3.00251490337189E-12));
#45320=VECTOR('',#45310,1.);
#45330=LINE('',#45300,#45320);
#45340=CARTESIAN_POINT('',(22.4614917451983,33.7051880299196,
-22.3347499217668));
#45350=VERTEX_POINT('',#45340);
#45360=EDGE_CURVE('',#45350,#45270,#45330,.T.);
#45370=ORIENTED_EDGE('',*,*,#45360,.T.);
#45380=CARTESIAN_POINT('',(22.4614917451271,33.7051880300489,0.));
#45390=DIRECTION('',(3.20873895090958E-12,-5.85501421344136E-12,-1.));
#45400=VECTOR('',#45390,1.);
#45410=LINE('',#45380,#45400);
#45420=EDGE_CURVE('',#29700,#45350,#45410,.T.);
#45430=ORIENTED_EDGE('',*,*,#45420,.T.);
#45440=ORIENTED_EDGE('',*,*,#29710,.F.);
#45450=CARTESIAN_POINT('',(17.2732985279851,34.6200064470228,
-20.4347498788613));
#45460=DIRECTION('',(0.173648172469936,0.984807753928578,
-5.20887174200054E-12));
#45470=DIRECTION('',(-0.984807753928578,0.173648172469936,
6.0130045807541E-14));
#45480=AXIS2_PLACEMENT_3D('',#45450,#45460,#45470);
#45490=ELLIPSE('',#45480,1.01542661094077,1.);
#45500=CARTESIAN_POINT('',(16.8906150956228,34.6874838591298,
-21.3586294113741));
#45510=VERTEX_POINT('',#45500);
#45520=EDGE_CURVE('',#29620,#45510,#45490,.T.);
#45530=ORIENTED_EDGE('',*,*,#45520,.F.);
#45540=CARTESIAN_POINT('',(1.13103748589083E-10,37.665754929361,
-14.3623075620624));
#45550=DIRECTION('',(0.91185929708689,-0.160785391726627,
-0.377704487825493));
#45560=VECTOR('',#45550,1.);
#45570=LINE('',#45540,#45560);
#45580=EDGE_CURVE('',#34960,#45510,#45570,.T.);
#45590=ORIENTED_EDGE('',*,*,#45580,.T.);
#45600=EDGE_LOOP('',(#45590,#45530,#45440,#45430,#45370,#45290,#45200,
#45160,#45080,#45000));
#45610=FACE_OUTER_BOUND('',#45600,.T.);
#45620=ADVANCED_FACE('',(#45610),#41120,.T.);
#45630=CARTESIAN_POINT('',(17.2732985279798,25.9910190606763,
-20.4347498788172));
#45640=DIRECTION('',(6.14119866071405E-13,1.,-5.11929580817718E-12));
#45650=DIRECTION('',(-1.,6.14119866071405E-13,1.39166380387301E-13));
#45660=AXIS2_PLACEMENT_3D('',#45630,#45640,#45650);
#45670=CYLINDRICAL_SURFACE('',#45660,1.);
#45680=CARTESIAN_POINT('',(16.8906150956174,25.9910190606718,
-21.3586294113296));
#45690=DIRECTION('',(6.14119866071405E-13,1.,-5.11929580817718E-12));
#45700=VECTOR('',#45690,1.);
#45710=LINE('',#45680,#45700);
#45720=EDGE_CURVE('',#45510,#31990,#45710,.T.);
#45730=ORIENTED_EDGE('',*,*,#45720,.T.);
#45740=ORIENTED_EDGE('',*,*,#45520,.T.);
#45750=ORIENTED_EDGE('',*,*,#29630,.F.);
#45760=ORIENTED_EDGE('',*,*,#32090,.F.);
#45770=EDGE_LOOP('',(#45760,#45750,#45740,#45730));
#45780=FACE_OUTER_BOUND('',#45770,.T.);
#45790=ADVANCED_FACE('',(#45780),#45670,.T.);
#45800=COLOUR_RGB('',1.,0.709803938865662,0.);
#45810=FILL_AREA_STYLE_COLOUR('',#45800);
#45820=FILL_AREA_STYLE('',(#45810));
#45830=SURFACE_STYLE_FILL_AREA(#45820);
#45840=SURFACE_SIDE_STYLE('',(#45830));
#45850=SURFACE_STYLE_USAGE(.BOTH.,#45840);
#45860=PRESENTATION_STYLE_ASSIGNMENT((#45850));
#45870=CARTESIAN_POINT('',(13.6944871734056,26.6220600613553,
-20.0347498788841));
#45880=DIRECTION('',(-0.382683432362398,-4.49459508293818E-12,
-0.923879532512402));
#45890=DIRECTION('',(-1.03173025678416E-12,-1.,5.29227132630612E-12));
#45900=AXIS2_PLACEMENT_3D('',#45870,#45880,#45890);
#45910=PLANE('',#45900);
#45920=ORIENTED_EDGE('',*,*,#45580,.F.);
#45930=ORIENTED_EDGE('',*,*,#45720,.F.);
#45940=ORIENTED_EDGE('',*,*,#32020,.F.);
#45950=ORIENTED_EDGE('',*,*,#35390,.T.);
#45960=EDGE_LOOP('',(#45950,#45940,#45930,#45920));
#45970=FACE_OUTER_BOUND('',#45960,.T.);
#45980=ADVANCED_FACE('',(#45970),#45910,.T.);
#45990=COLOUR_RGB('',1.,0.709803938865662,0.);
#46000=FILL_AREA_STYLE_COLOUR('',#45990);
#46010=FILL_AREA_STYLE('',(#46000));
#46020=SURFACE_STYLE_FILL_AREA(#46010);
#46030=SURFACE_SIDE_STYLE('',(#46020));
#46040=SURFACE_STYLE_USAGE(.BOTH.,#46030);
#46050=PRESENTATION_STYLE_ASSIGNMENT((#46040));
#46060=CARTESIAN_POINT('',(18.5944857175062,34.082417522796,
-27.6347501956453));
#46070=DIRECTION('',(0.173648172469936,0.984807753928578,
-9.22596543610473E-12));
#46080=DIRECTION('',(-0.984807753928578,0.173648172469936,
-1.08118562028701E-11));
#46090=AXIS2_PLACEMENT_3D('',#46060,#46070,#46080);
#46100=PLANE('',#46090);
#46110=CARTESIAN_POINT('',(14.1504185542852,34.8660264436876,
-15.1999999621631));
#46120=DIRECTION('',(2.25365248201868E-11,5.39449356086328E-12,1.));
#46130=VECTOR('',#46120,1.);
#46140=LINE('',#46110,#46130);
#46150=CARTESIAN_POINT('',(14.150418554003,34.86602644362,
-27.7236028402707));
#46160=VERTEX_POINT('',#46150);
#46170=CARTESIAN_POINT('',(14.1504185540972,34.8660264436426,
-23.5458969603295));
#46180=VERTEX_POINT('',#46170);
#46190=EDGE_CURVE('',#46160,#46180,#46140,.T.);
#46200=ORIENTED_EDGE('',*,*,#46190,.F.);
#46210=CARTESIAN_POINT('',(1.29527943926178E-10,37.361126945974,
-29.4071922387156));
#46220=DIRECTION('',(-0.911859297084655,0.160785391720697,
-0.377704487833414));
#46230=VECTOR('',#46220,1.);
#46240=LINE('',#46210,#46230);
#46250=CARTESIAN_POINT('',(13.8668547137527,34.9160263979046,
-23.6633529488003));
#46260=VERTEX_POINT('',#46250);
#46270=EDGE_CURVE('',#46180,#46260,#46240,.T.);
#46280=ORIENTED_EDGE('',*,*,#46270,.F.);
#46290=CARTESIAN_POINT('',(13.8668547141933,34.9160263979062,
-15.1999999621631));
#46300=DIRECTION('',(5.20354642841209E-11,1.93034791596792E-13,1.));
#46310=VECTOR('',#46300,1.);
#46320=LINE('',#46290,#46310);
#46330=CARTESIAN_POINT('',(13.8668547135477,34.9160263979038,
-27.6061468517568));
#46340=VERTEX_POINT('',#46330);
#46350=EDGE_CURVE('',#46340,#46260,#46320,.T.);
#46360=ORIENTED_EDGE('',*,*,#46350,.T.);
#46370=CARTESIAN_POINT('',(1.29527943926178E-10,37.3611269460447,
-21.8623075620609));
#46380=DIRECTION('',(-0.911859297086664,0.160785391728128,
0.377704487825399));
#46390=VECTOR('',#46380,1.);
#46400=LINE('',#46370,#46390);
#46410=EDGE_CURVE('',#46160,#46340,#46400,.T.);
#46420=ORIENTED_EDGE('',*,*,#46410,.T.);
#46430=EDGE_LOOP('',(#46420,#46360,#46280,#46200));
#46440=FACE_OUTER_BOUND('',#46430,.T.);
#46450=ADVANCED_FACE('',(#46440),#46100,.T.);
#46460=CARTESIAN_POINT('',(13.6576019798191,28.2960780643658,
-33.1345464252538));
#46470=DIRECTION('',(0.258819045092524,-0.965925826291747,
5.61919001149628E-12));
#46480=DIRECTION('',(6.50189239466172E-13,-5.64319589044907E-12,-1.));
#46490=AXIS2_PLACEMENT_3D('',#46460,#46470,#46480);
#46500=PLANE('',#46490);
#46510=ORIENTED_EDGE('',*,*,#28770,.F.);
#46520=EDGE_CURVE('',#28670,#28480,#28740,.T.);
#46530=ORIENTED_EDGE('',*,*,#46520,.F.);
#46540=ORIENTED_EDGE('',*,*,#28790,.F.);
#46550=EDGE_LOOP('',(#46540,#46530,#46510));
#46560=FACE_OUTER_BOUND('',#46550,.T.);
#46570=ADVANCED_FACE('',(#46560),#46500,.F.);
#46580=COLOUR_RGB('',1.,0.709803938865662,0.);
#46590=FILL_AREA_STYLE_COLOUR('',#46580);
#46600=FILL_AREA_STYLE('',(#46590));
#46610=SURFACE_STYLE_FILL_AREA(#46600);
#46620=SURFACE_SIDE_STYLE('',(#46610));
#46630=SURFACE_STYLE_USAGE(.BOTH.,#46620);
#46640=PRESENTATION_STYLE_ASSIGNMENT((#46630));
#46650=CARTESIAN_POINT('',(19.0944858463243,20.4841460308998,
-8.62911943913345));
#46660=DIRECTION('',(1.,-5.57215252157443E-13,1.52694996434038E-10));
#46670=DIRECTION('',(1.52694996434038E-10,-6.39298039352294E-13,-1.));
#46680=AXIS2_PLACEMENT_3D('',#46650,#46660,#46670);
#46690=PLANE('',#46680);
#46700=CARTESIAN_POINT('',(19.0944862246251,9.3160266562103,
-11.0847499587713));
#46710=DIRECTION('',(-2.93640580714185E-15,-1.,-1.3666261671975E-11));
#46720=VECTOR('',#46710,1.);
#46730=LINE('',#46700,#46720);
#46740=CARTESIAN_POINT('',(19.0944860356595,10.8160266562587,
-11.0847501477165));
#46750=VERTEX_POINT('',#46740);
#46760=CARTESIAN_POINT('',(19.0944858466924,8.01602665621031,
-11.0847503367219));
#46770=VERTEX_POINT('',#46760);
#46780=EDGE_CURVE('',#46750,#46770,#46730,.T.);
#46790=ORIENTED_EDGE('',*,*,#46780,.F.);
#46800=CARTESIAN_POINT('',(19.0944862245628,8.01602665620415,
-10.634749958791));
#46810=DIRECTION('',(1.38438404642903E-10,1.36662616719745E-11,-1.));
#46820=VECTOR('',#46810,1.);
#46830=LINE('',#46800,#46820);
#46840=CARTESIAN_POINT('',(19.0944858465549,8.016026656198,
-10.1847495808472));
#46850=VERTEX_POINT('',#46840);
#46860=EDGE_CURVE('',#46850,#46770,#46830,.T.);
#46870=ORIENTED_EDGE('',*,*,#46860,.T.);
#46880=CARTESIAN_POINT('',(19.0944862245005,9.316026656198,
-10.184749958775));
#46890=DIRECTION('',(-2.93640580714185E-15,-1.,-1.3666261671975E-11));
#46900=VECTOR('',#46890,1.);
#46910=LINE('',#46880,#46900);
#46920=CARTESIAN_POINT('',(19.0944858465565,10.8160266562686,
-10.1847497697825));
#46930=VERTEX_POINT('',#46920);
#46940=EDGE_CURVE('',#46930,#46850,#46910,.T.);
#46950=ORIENTED_EDGE('',*,*,#46940,.T.);
#46960=CARTESIAN_POINT('',(19.0944858450013,10.8160266563802,0.));
#46970=DIRECTION('',(-1.52694996434032E-10,1.09632613695891E-11,1.));
#46980=VECTOR('',#46970,1.);
#46990=LINE('',#46960,#46980);
#47000=EDGE_CURVE('',#46750,#46930,#46990,.T.);
#47010=ORIENTED_EDGE('',*,*,#47000,.T.);
#47020=EDGE_LOOP('',(#47010,#46950,#46870,#46790));
#47030=FACE_OUTER_BOUND('',#47020,.T.);
#47040=ADVANCED_FACE('',(#47030),#46690,.T.);
#47050=COLOUR_RGB('',0.94901967048645,0.94901967048645,1.);
#47060=FILL_AREA_STYLE_COLOUR('',#47050);
#47070=FILL_AREA_STYLE('',(#47060));
#47080=SURFACE_STYLE_FILL_AREA(#47070);
#47090=SURFACE_SIDE_STYLE('',(#47080));
#47100=SURFACE_STYLE_USAGE(.BOTH.,#47090);
#47110=PRESENTATION_STYLE_ASSIGNMENT((#47100));
#47120=CARTESIAN_POINT('',(18.044486224632,9.31602665621236,
-11.2347499589167));
#47130=DIRECTION('',(-0.707106781088657,9.66558265551935E-12,
-0.707106781284438));
#47140=DIRECTION('',(0.707106781284438,9.66132406239234E-12,
-0.707106781088657));
#47150=AXIS2_PLACEMENT_3D('',#47120,#47130,#47140);
#47160=PLANE('',#47150);
#47170=CARTESIAN_POINT('',(16.6194862244347,11.4160266561929,
-9.80974995908528));
#47180=DIRECTION('',(-0.331294578270401,0.883452208594246,
0.331294578190749));
#47190=VECTOR('',#47180,1.);
#47200=LINE('',#47170,#47190);
#47210=CARTESIAN_POINT('',(18.0009378375292,7.73215568846982,
-11.1912015718476));
#47220=VERTEX_POINT('',#47210);
#47230=CARTESIAN_POINT('',(17.8944858466859,8.01602665621031,
-11.08474958103));
#47240=VERTEX_POINT('',#47230);
#47250=EDGE_CURVE('',#47220,#47240,#47200,.T.);
#47260=ORIENTED_EDGE('',*,*,#47250,.T.);
#47270=CARTESIAN_POINT('',(19.4744862248299,11.4160266562319,
-12.66474995869));
#47280=DIRECTION('',(-0.348155311959596,-0.870388279783246,
0.348155311851303));
#47290=VECTOR('',#47280,1.);
#47300=LINE('',#47270,#47290);
#47310=CARTESIAN_POINT('',(18.1944862246527,8.2160266562144,
-11.384749958911));
#47320=VERTEX_POINT('',#47310);
#47330=EDGE_CURVE('',#47320,#47220,#47300,.T.);
#47340=ORIENTED_EDGE('',*,*,#47330,.T.);
#47350=CARTESIAN_POINT('',(18.1944862246527,9.31602665621441,
-11.3847499588959));
#47360=DIRECTION('',(-2.93640580714185E-15,-1.,-1.3666261671975E-11));
#47370=VECTOR('',#47360,1.);
#47380=LINE('',#47350,#47370);
#47390=CARTESIAN_POINT('',(18.1944862246527,10.8160266562554,
-11.3847499588754));
#47400=VERTEX_POINT('',#47390);
#47410=EDGE_CURVE('',#47400,#47320,#47380,.T.);
#47420=ORIENTED_EDGE('',*,*,#47410,.T.);
#47430=CARTESIAN_POINT('',(0.,10.8160266564549,6.80973626073966));
#47440=DIRECTION('',(0.707106781284438,-7.75218778059639E-12,
-0.707106781088657));
#47450=VECTOR('',#47440,1.);
#47460=LINE('',#47430,#47450);
#47470=CARTESIAN_POINT('',(17.8944858466875,10.8160266562587,
-11.0847497699551));
#47480=VERTEX_POINT('',#47470);
#47490=EDGE_CURVE('',#47480,#47400,#47460,.T.);
#47500=ORIENTED_EDGE('',*,*,#47490,.T.);
#47510=CARTESIAN_POINT('',(17.8944862246112,9.31602665621031,
-11.0847499589375));
#47520=DIRECTION('',(-2.93640580714185E-15,-1.,-1.3666261671975E-11));
#47530=VECTOR('',#47520,1.);
#47540=LINE('',#47510,#47530);
#47550=EDGE_CURVE('',#47480,#47240,#47540,.T.);
#47560=ORIENTED_EDGE('',*,*,#47550,.F.);
#47570=EDGE_LOOP('',(#47560,#47500,#47420,#47340,#47260));
#47580=FACE_OUTER_BOUND('',#47570,.T.);
#47590=ADVANCED_FACE('',(#47580),#47160,.T.);
#47600=COLOUR_RGB('',0.94901967048645,0.94901967048645,1.);
#47610=FILL_AREA_STYLE_COLOUR('',#47600);
#47620=FILL_AREA_STYLE('',(#47610));
#47630=SURFACE_STYLE_FILL_AREA(#47620);
#47640=SURFACE_SIDE_STYLE('',(#47630));
#47650=SURFACE_STYLE_USAGE(.BOTH.,#47640);
#47660=PRESENTATION_STYLE_ASSIGNMENT((#47650));
#47670=CARTESIAN_POINT('',(6.44448622460827,9.31602665618753,
-17.5347499608756));
#47680=DIRECTION('',(0.707106781096742,-1.86289616157616E-11,
0.707106781276353));
#47690=DIRECTION('',(-0.707106781276353,-1.86289616144384E-11,
0.707106781096742));
#47700=AXIS2_PLACEMENT_3D('',#47670,#47680,#47690);
#47710=PLANE('',#47700);
#47720=CARTESIAN_POINT('',(7.86948622478925,11.4160266562251,
-18.9597499606393));
#47730=DIRECTION('',(0.331294578266615,0.8834522086075,
-0.331294578159189));
#47740=VECTOR('',#47730,1.);
#47750=LINE('',#47720,#47740);
#47760=CARTESIAN_POINT('',(6.48803461171057,7.73215568844674,
-17.5782983480086));
#47770=VERTEX_POINT('',#47760);
#47780=EDGE_CURVE('',#47770,#2770,#47750,.T.);
#47790=ORIENTED_EDGE('',*,*,#47780,.T.);
#47800=CARTESIAN_POINT('',(5.01448622442665,11.4160266561499,
-16.1047499610019));
#47810=DIRECTION('',(0.348155311955613,-0.870388279769317,
-0.348155311890109));
#47820=VECTOR('',#47810,1.);
#47830=LINE('',#47800,#47820);
#47840=CARTESIAN_POINT('',(6.29448622459938,8.21602665615817,
-17.3847499609338));
#47850=VERTEX_POINT('',#47840);
#47860=EDGE_CURVE('',#47850,#47770,#47830,.T.);
#47870=ORIENTED_EDGE('',*,*,#47860,.T.);
#47880=CARTESIAN_POINT('',(6.29448622456219,18.1910267567248,
-17.3847499606338));
#47890=DIRECTION('',(3.72836792775693E-12,-1.,-3.00736980934018E-11));
#47900=VECTOR('',#47890,1.);
#47910=LINE('',#47880,#47900);
#47920=CARTESIAN_POINT('',(6.29448622458968,10.8160266561896,
-17.3847499608556));
#47930=VERTEX_POINT('',#47920);
#47940=EDGE_CURVE('',#47930,#47850,#47910,.T.);
#47950=ORIENTED_EDGE('',*,*,#47940,.T.);
#47960=CARTESIAN_POINT('',(0.,10.8160266562587,-11.0902637378648));
#47970=DIRECTION('',(-0.707106781276353,7.75216002502077E-12,
0.707106781096742));
#47980=VECTOR('',#47970,1.);
#47990=LINE('',#47960,#47980);
#48000=EDGE_CURVE('',#2850,#47930,#47990,.T.);
#48010=ORIENTED_EDGE('',*,*,#48000,.T.);
#48020=ORIENTED_EDGE('',*,*,#2860,.F.);
#48030=EDGE_LOOP('',(#48020,#48010,#47950,#47870,#47790));
#48040=FACE_OUTER_BOUND('',#48030,.T.);
#48050=ADVANCED_FACE('',(#48040),#47710,.T.);
#48060=COLOUR_RGB('',0.94901967048645,0.94901967048645,1.);
#48070=FILL_AREA_STYLE_COLOUR('',#48060);
#48080=FILL_AREA_STYLE('',(#48070));
#48090=SURFACE_STYLE_FILL_AREA(#48080);
#48100=SURFACE_SIDE_STYLE('',(#48090));
#48110=SURFACE_STYLE_USAGE(.BOTH.,#48100);
#48120=PRESENTATION_STYLE_ASSIGNMENT((#48110));
#48130=CARTESIAN_POINT('',(22.7132492202673,32.7656163417974,
-25.6347498790654));
#48140=DIRECTION('',(0.965925826289069,0.25881904510252,
1.58401463471868E-12));
#48150=DIRECTION('',(-0.25881904510252,0.965925826289069,
-6.48591721427982E-12));
#48160=AXIS2_PLACEMENT_3D('',#48130,#48140,#48150);
#48170=PLANE('',#48160);
#48180=CARTESIAN_POINT('',(22.4614917451919,33.7051880299203,
-22.6999999621631));
#48190=DIRECTION('',(-3.20873895090958E-12,5.85501421344136E-12,1.));
#48200=VECTOR('',#48190,1.);
#48210=LINE('',#48180,#48200);
#48220=CARTESIAN_POINT('',(22.4614917452148,33.7051880298785,
-29.8347499217668));
#48230=VERTEX_POINT('',#48220);
#48240=CARTESIAN_POINT('',(22.4614917452131,33.7051880298793,
-28.9347498788245));
#48250=VERTEX_POINT('',#48240);
#48260=EDGE_CURVE('',#48230,#48250,#48210,.T.);
#48270=ORIENTED_EDGE('',*,*,#48260,.T.);
#48280=CARTESIAN_POINT('',(31.4927696585855,-9.59303747549711E-11,
-29.8347499215749));
#48290=DIRECTION('',(-0.25881904510252,0.965925826289069,
-5.50032241974918E-12));
#48300=VECTOR('',#48290,1.);
#48310=LINE('',#48280,#48300);
#48320=CARTESIAN_POINT('',(22.9944859098851,31.716026727191,
-29.8347499217555));
#48330=VERTEX_POINT('',#48320);
#48340=EDGE_CURVE('',#48330,#48230,#48310,.T.);
#48350=ORIENTED_EDGE('',*,*,#48340,.T.);
#48360=CARTESIAN_POINT('',(22.9944859098206,31.7160267273882,
-22.6999999621631));
#48370=DIRECTION('',(9.04552778569693E-12,-2.76382066979186E-11,-1.));
#48380=VECTOR('',#48370,1.);
#48390=LINE('',#48360,#48380);
#48400=CARTESIAN_POINT('',(22.9944859099364,31.7160267269943,
-28.9347498787978));
#48410=VERTEX_POINT('',#48400);
#48420=EDGE_CURVE('',#48410,#48330,#48390,.T.);
#48430=ORIENTED_EDGE('',*,*,#48420,.T.);
#48440=CARTESIAN_POINT('',(31.4927696585583,0.,-28.9347498783733));
#48450=DIRECTION('',(-0.25881904510252,0.965925826289069,
-1.29308785901117E-11));
#48460=VECTOR('',#48450,1.);
#48470=LINE('',#48440,#48460);
#48480=EDGE_CURVE('',#48410,#48250,#48470,.T.);
#48490=ORIENTED_EDGE('',*,*,#48480,.F.);
#48500=EDGE_LOOP('',(#48490,#48430,#48350,#48270));
#48510=FACE_OUTER_BOUND('',#48500,.T.);
#48520=ADVANCED_FACE('',(#48510),#48170,.T.);
#48530=COLOUR_RGB('',0.501960813999176,1.,0.501960813999176);
#48540=FILL_AREA_STYLE_COLOUR('',#48530);
#48550=FILL_AREA_STYLE('',(#48540));
#48560=SURFACE_STYLE_FILL_AREA(#48550);
#48570=SURFACE_SIDE_STYLE('',(#48560));
#48580=SURFACE_STYLE_USAGE(.BOTH.,#48570);
#48590=PRESENTATION_STYLE_ASSIGNMENT((#48580));
#48600=CARTESIAN_POINT('',(22.7132492202508,32.7656163418385,
-18.1347498790654));
#48610=DIRECTION('',(0.965925826289069,0.25881904510252,
1.58401463471868E-12));
#48620=DIRECTION('',(-0.25881904510252,0.965925826289069,
-6.48591721427982E-12));
#48630=AXIS2_PLACEMENT_3D('',#48600,#48610,#48620);
#48640=PLANE('',#48630);
#48650=ORIENTED_EDGE('',*,*,#45420,.F.);
#48660=CARTESIAN_POINT('',(31.4927696585691,-5.48183720638917E-11,
-22.3347499215749));
#48670=DIRECTION('',(-0.25881904510252,0.965925826289069,
-5.50032241974918E-12));
#48680=VECTOR('',#48670,1.);
#48690=LINE('',#48660,#48680);
#48700=CARTESIAN_POINT('',(22.9944859098687,31.7160267272321,
-22.3347499217555));
#48710=VERTEX_POINT('',#48700);
#48720=EDGE_CURVE('',#48710,#45350,#48690,.T.);
#48730=ORIENTED_EDGE('',*,*,#48720,.T.);
#48740=CARTESIAN_POINT('',(22.9944859098042,31.7160267274293,
-15.1999999621631));
#48750=DIRECTION('',(9.04552778569693E-12,-2.76382066979186E-11,-1.));
#48760=VECTOR('',#48750,1.);
#48770=LINE('',#48740,#48760);
#48780=EDGE_CURVE('',#29780,#48710,#48770,.T.);
#48790=ORIENTED_EDGE('',*,*,#48780,.T.);
#48800=ORIENTED_EDGE('',*,*,#29790,.F.);
#48810=EDGE_LOOP('',(#48800,#48790,#48730,#48650));
#48820=FACE_OUTER_BOUND('',#48810,.T.);
#48830=ADVANCED_FACE('',(#48820),#48640,.T.);
#48840=COLOUR_RGB('',0.501960813999176,1.,0.501960813999176);
#48850=FILL_AREA_STYLE_COLOUR('',#48840);
#48860=FILL_AREA_STYLE('',(#48850));
#48870=SURFACE_STYLE_FILL_AREA(#48860);
#48880=SURFACE_SIDE_STYLE('',(#48870));
#48890=SURFACE_STYLE_USAGE(.BOTH.,#48880);
#48900=PRESENTATION_STYLE_ASSIGNMENT((#48890));
#48910=CARTESIAN_POINT('',(4.2327466383409,12.0160261621116,
-17.3847499611107));
#48920=DIRECTION('',(1.41260273725428E-10,3.00736980939285E-11,-1.));
#48930=DIRECTION('',(-5.62250804122652E-13,-1.,-3.00736980940079E-11));
#48940=AXIS2_PLACEMENT_3D('',#48910,#48920,#48930);
#48950=PLANE('',#48940);
#48960=ORIENTED_EDGE('',*,*,#47940,.F.);
#48970=CARTESIAN_POINT('',(22.1278192086625,8.2160266567225,
-17.3847499586972));
#48980=DIRECTION('',(1.,3.56414794768829E-11,1.412602737265E-10));
#48990=VECTOR('',#48980,1.);
#49000=LINE('',#48970,#48990);
#49010=EDGE_CURVE('',#7980,#47850,#49000,.T.);
#49020=ORIENTED_EDGE('',*,*,#49010,.T.);
#49030=ORIENTED_EDGE('',*,*,#8010,.F.);
#49040=CARTESIAN_POINT('',(0.,10.8160266561896,-17.3847499617447));
#49050=DIRECTION('',(1.,1.47530247188247E-21,1.41260273725428E-10));
#49060=VECTOR('',#49050,1.);
#49070=LINE('',#49040,#49060);
#49080=EDGE_CURVE('',#8000,#47930,#49070,.T.);
#49090=ORIENTED_EDGE('',*,*,#49080,.F.);
#49100=EDGE_LOOP('',(#49090,#49030,#49020,#48960));
#49110=FACE_OUTER_BOUND('',#49100,.T.);
#49120=ADVANCED_FACE('',(#49110),#48950,.F.);
#49130=COLOUR_RGB('',0.94901967048645,0.94901967048645,1.);
#49140=FILL_AREA_STYLE_COLOUR('',#49130);
#49150=FILL_AREA_STYLE('',(#49140));
#49160=SURFACE_STYLE_FILL_AREA(#49150);
#49170=SURFACE_SIDE_STYLE('',(#49160));
#49180=SURFACE_STYLE_USAGE(.BOTH.,#49170);
#49190=PRESENTATION_STYLE_ASSIGNMENT((#49180));
#49200=CARTESIAN_POINT('',(5.99448622474736,7.71602665621783,
-18.6847499609712));
#49210=DIRECTION('',(-1.17919958333483E-10,0.371390676329643,
0.928476690895044));
#49220=DIRECTION('',(4.71679833307972E-11,0.928476690895044,
-0.371390676329643));
#49230=AXIS2_PLACEMENT_3D('',#49200,#49210,#49220);
#49240=PLANE('',#49230);
#49250=CARTESIAN_POINT('',(7.86948622494229,11.4160266562568,
-20.1647499606356));
#49260=DIRECTION('',(-0.328817724060606,-0.876847264052069,
0.35073890555227));
#49270=VECTOR('',#49260,1.);
#49280=LINE('',#49250,#49270);
#49290=CARTESIAN_POINT('',(6.29448622472892,7.21602665621256,
-18.4847499609463));
#49300=VERTEX_POINT('',#49290);
#49310=EDGE_CURVE('',#28180,#49300,#49280,.T.);
#49320=ORIENTED_EDGE('',*,*,#49310,.T.);
#49330=ORIENTED_EDGE('',*,*,#28190,.T.);
#49340=ORIENTED_EDGE('',*,*,#38910,.F.);
#49350=ORIENTED_EDGE('',*,*,#220,.F.);
#49360=ORIENTED_EDGE('',*,*,#27630,.T.);
#49370=CARTESIAN_POINT('',(5.99448622472196,7.21602665621257,
-18.4847499609844));
#49380=DIRECTION('',(-1.,9.35678395755463E-22,-1.27003681934284E-10));
#49390=VECTOR('',#49380,1.);
#49400=LINE('',#49370,#49390);
#49410=EDGE_CURVE('',#49300,#27620,#49400,.T.);
#49420=ORIENTED_EDGE('',*,*,#49410,.T.);
#49430=EDGE_LOOP('',(#49420,#49360,#49350,#49340,#49330,#49320));
#49440=FACE_OUTER_BOUND('',#49430,.T.);
#49450=ADVANCED_FACE('',(#49440),#49240,.F.);
#49460=COLOUR_RGB('',0.94901967048645,0.94901967048645,1.);
#49470=FILL_AREA_STYLE_COLOUR('',#49460);
#49480=FILL_AREA_STYLE('',(#49470));
#49490=SURFACE_STYLE_FILL_AREA(#49480);
#49500=SURFACE_SIDE_STYLE('',(#49490));
#49510=SURFACE_STYLE_USAGE(.BOTH.,#49500);
#49520=PRESENTATION_STYLE_ASSIGNMENT((#49510));
#49530=CARTESIAN_POINT('',(5.99448622460766,7.71602665618885,
-17.5847499609749));
#49540=DIRECTION('',(1.17919958331693E-10,0.371390676378565,
-0.928476690875475));
#49550=DIRECTION('',(-4.7167983335273E-11,0.928476690875475,
0.371390676378565));
#49560=AXIS2_PLACEMENT_3D('',#49530,#49540,#49550);
#49570=PLANE('',#49560);
#49580=ORIENTED_EDGE('',*,*,#27740,.T.);
#49590=ORIENTED_EDGE('',*,*,#8090,.F.);
#49600=ORIENTED_EDGE('',*,*,#49010,.F.);
#49610=ORIENTED_EDGE('',*,*,#47860,.F.);
#49620=CARTESIAN_POINT('',(7.86948622442665,11.4160266561499,
-16.1047499606393));
#49630=DIRECTION('',(0.328817723971516,0.876847264033588,
0.350738905681993));
#49640=VECTOR('',#49630,1.);
#49650=LINE('',#49620,#49640);
#49660=CARTESIAN_POINT('',(6.29448622464002,7.21602665619412,
-17.78474996095));
#49670=VERTEX_POINT('',#49660);
#49680=EDGE_CURVE('',#49670,#47770,#49650,.T.);
#49690=ORIENTED_EDGE('',*,*,#49680,.T.);
#49700=CARTESIAN_POINT('',(5.99448622463305,7.21602665619413,
-17.7847499609881));
#49710=DIRECTION('',(1.,-9.35678395755463E-22,1.27003681934284E-10));
#49720=VECTOR('',#49710,1.);
#49730=LINE('',#49700,#49720);
#49740=EDGE_CURVE('',#27730,#49670,#49730,.T.);
#49750=ORIENTED_EDGE('',*,*,#49740,.T.);
#49760=EDGE_LOOP('',(#49750,#49690,#49610,#49600,#49590,#49580));
#49770=FACE_OUTER_BOUND('',#49760,.T.);
#49780=ADVANCED_FACE('',(#49770),#49570,.F.);
#49790=COLOUR_RGB('',0.94901967048645,0.94901967048645,1.);
#49800=FILL_AREA_STYLE_COLOUR('',#49790);
#49810=FILL_AREA_STYLE('',(#49800));
#49820=SURFACE_STYLE_FILL_AREA(#49810);
#49830=SURFACE_SIDE_STYLE('',(#49820));
#49840=SURFACE_STYLE_USAGE(.BOTH.,#49830);
#49850=PRESENTATION_STYLE_ASSIGNMENT((#49840));
#49860=CARTESIAN_POINT('',(6.44448622468448,7.61602665620335,
-18.1347499609185));
#49870=DIRECTION('',(-0.936329177569044,0.351123441588392,
-1.09666790055046E-10));
#49880=DIRECTION('',(0.351123441588392,0.936329177569045,
6.92618712250899E-11));
#49890=AXIS2_PLACEMENT_3D('',#49860,#49870,#49880);
#49900=PLANE('',#49890);
#49910=ORIENTED_EDGE('',*,*,#49680,.F.);
#49920=ORIENTED_EDGE('',*,*,#47780,.F.);
#49930=ORIENTED_EDGE('',*,*,#2780,.T.);
#49940=ORIENTED_EDGE('',*,*,#28250,.T.);
#49950=ORIENTED_EDGE('',*,*,#49310,.F.);
#49960=CARTESIAN_POINT('',(6.29448622468447,7.21602665620336,
-18.1347499609481));
#49970=DIRECTION('',(1.27003681934284E-10,2.63453301690022E-11,-1.));
#49980=VECTOR('',#49970,1.);
#49990=LINE('',#49960,#49980);
#50000=EDGE_CURVE('',#49670,#49300,#49990,.T.);
#50010=ORIENTED_EDGE('',*,*,#50000,.T.);
#50020=EDGE_LOOP('',(#50010,#49950,#49940,#49930,#49920,#49910));
#50030=FACE_OUTER_BOUND('',#50020,.T.);
#50040=ADVANCED_FACE('',(#50030),#49900,.F.);
#50050=COLOUR_RGB('',0.94901967048645,0.94901967048645,1.);
#50060=FILL_AREA_STYLE_COLOUR('',#50050);
#50070=FILL_AREA_STYLE('',(#50060));
#50080=SURFACE_STYLE_FILL_AREA(#50070);
#50090=SURFACE_SIDE_STYLE('',(#50080));
#50100=SURFACE_STYLE_USAGE(.BOTH.,#50090);
#50110=PRESENTATION_STYLE_ASSIGNMENT((#50100));
#50120=CARTESIAN_POINT('',(5.99448622468158,7.21602665620335,
-18.134749960995));
#50130=DIRECTION('',(2.41027553748218E-21,-1.,-2.63453301690022E-11));
#50140=DIRECTION('',(-1.,9.35678395755463E-22,-1.27003681934284E-10));
#50150=AXIS2_PLACEMENT_3D('',#50120,#50130,#50140);
#50160=PLANE('',#50150);
#50170=ORIENTED_EDGE('',*,*,#49740,.F.);
#50180=ORIENTED_EDGE('',*,*,#50000,.F.);
#50190=ORIENTED_EDGE('',*,*,#49410,.F.);
#50200=ORIENTED_EDGE('',*,*,#27800,.F.);
#50210=EDGE_LOOP('',(#50200,#50190,#50180,#50170));
#50220=FACE_OUTER_BOUND('',#50210,.T.);
#50230=ADVANCED_FACE('',(#50220),#50160,.T.);
#50240=COLOUR_RGB('',0.94901967048645,0.94901967048645,1.);
#50250=FILL_AREA_STYLE_COLOUR('',#50240);
#50260=FILL_AREA_STYLE('',(#50250));
#50270=SURFACE_STYLE_FILL_AREA(#50260);
#50280=SURFACE_SIDE_STYLE('',(#50270));
#50290=SURFACE_STYLE_USAGE(.BOTH.,#50280);
#50300=PRESENTATION_STYLE_ASSIGNMENT((#50290));
#50310=CARTESIAN_POINT('',(17.8944858468096,10.3922436170652,
-11.9498652407139));
#50320=DIRECTION('',(-1.,5.57215252775735E-13,-1.4139853431683E-10));
#50330=DIRECTION('',(-5.57215250869181E-13,-1.,-1.34835501729045E-11));
#50340=AXIS2_PLACEMENT_3D('',#50310,#50320,#50330);
#50350=PLANE('',#50340);
#50360=CARTESIAN_POINT('',(17.8944862244866,9.31602665619801,
-10.1847499589412));
#50370=DIRECTION('',(-2.93640580714185E-15,-1.,-1.3666261671975E-11));
#50380=VECTOR('',#50370,1.);
#50390=LINE('',#50360,#50380);
#50400=CARTESIAN_POINT('',(17.8944860355234,10.8160266562686,
-10.1847501478838));
#50410=VERTEX_POINT('',#50400);
#50420=CARTESIAN_POINT('',(17.8944858465587,8.01602665619801,
-10.1847503368869));
#50430=VERTEX_POINT('',#50420);
#50440=EDGE_CURVE('',#50410,#50430,#50390,.T.);
#50450=ORIENTED_EDGE('',*,*,#50440,.F.);
#50460=CARTESIAN_POINT('',(17.8944862245489,8.01602665620416,
-10.6347499589571));
#50470=DIRECTION('',(-1.38438404642903E-10,-1.36662616719745E-11,1.));
#50480=VECTOR('',#50470,1.);
#50490=LINE('',#50460,#50480);
#50500=EDGE_CURVE('',#47240,#50430,#50490,.T.);
#50510=ORIENTED_EDGE('',*,*,#50500,.T.);
#50520=ORIENTED_EDGE('',*,*,#47550,.T.);
#50530=CARTESIAN_POINT('',(17.8944858451201,10.8160266563802,0.));
#50540=DIRECTION('',(1.41398534316824E-10,-1.09632613695892E-11,-1.));
#50550=VECTOR('',#50540,1.);
#50560=LINE('',#50530,#50550);
#50570=EDGE_CURVE('',#50410,#47480,#50560,.T.);
#50580=ORIENTED_EDGE('',*,*,#50570,.T.);
#50590=EDGE_LOOP('',(#50580,#50520,#50510,#50450));
#50600=FACE_OUTER_BOUND('',#50590,.T.);
#50610=ADVANCED_FACE('',(#50600),#50350,.T.);
#50620=COLOUR_RGB('',0.94901967048645,0.94901967048645,1.);
#50630=FILL_AREA_STYLE_COLOUR('',#50620);
#50640=FILL_AREA_STYLE('',(#50630));
#50650=SURFACE_STYLE_FILL_AREA(#50640);
#50660=SURFACE_SIDE_STYLE('',(#50650));
#50670=SURFACE_STYLE_USAGE(.BOTH.,#50660);
#50680=PRESENTATION_STYLE_ASSIGNMENT((#50670));
#50690=CARTESIAN_POINT('',(18.9444862244798,9.31602665619595,
-10.0347499587958));
#50700=DIRECTION('',(0.707106781088657,-9.66558265551935E-12,
0.707106781284438));
#50710=DIRECTION('',(-0.707106781284438,-9.66132406239234E-12,
0.707106781088657));
#50720=AXIS2_PLACEMENT_3D('',#50690,#50700,#50710);
#50730=PLANE('',#50720);
#50740=CARTESIAN_POINT('',(20.369486224677,11.4160266562154,
-11.4597499585698));
#50750=DIRECTION('',(0.331294578270406,0.883452208603299,
-0.331294578166602));
#50760=VECTOR('',#50750,1.);
#50770=LINE('',#50740,#50760);
#50780=CARTESIAN_POINT('',(18.9880346115826,7.73215568845461,
-10.0782983459082));
#50790=VERTEX_POINT('',#50780);
#50800=EDGE_CURVE('',#50790,#46850,#50770,.T.);
#50810=ORIENTED_EDGE('',*,*,#50800,.T.);
#50820=CARTESIAN_POINT('',(17.5144862242818,11.4160266561764,
-8.60474995896506));
#50830=DIRECTION('',(0.348155311959591,-0.870388279773732,
-0.348155311875093));
#50840=VECTOR('',#50830,1.);
#50850=LINE('',#50820,#50840);
#50860=CARTESIAN_POINT('',(18.794486224459,8.2160266561939,
-9.88474995883159));
#50870=VERTEX_POINT('',#50860);
#50880=EDGE_CURVE('',#50870,#50790,#50850,.T.);
#50890=ORIENTED_EDGE('',*,*,#50880,.T.);
#50900=CARTESIAN_POINT('',(18.794486224459,9.3160266561939,
-9.88474995881656));
#50910=DIRECTION('',(-2.93640580714185E-15,-1.,-1.3666261671975E-11));
#50920=VECTOR('',#50910,1.);
#50930=LINE('',#50900,#50920);
#50940=CARTESIAN_POINT('',(18.794486224459,10.8160266562719,
-9.88474995879606));
#50950=VERTEX_POINT('',#50940);
#50960=EDGE_CURVE('',#50950,#50870,#50930,.T.);
#50970=ORIENTED_EDGE('',*,*,#50960,.T.);
#50980=CARTESIAN_POINT('',(0.,10.8160266564779,8.90973626045918));
#50990=DIRECTION('',(-0.707106781284438,7.75218778059639E-12,
0.707106781088657));
#51000=VECTOR('',#50990,1.);
#51010=LINE('',#50980,#51000);
#51020=EDGE_CURVE('',#46930,#50950,#51010,.T.);
#51030=ORIENTED_EDGE('',*,*,#51020,.T.);
#51040=ORIENTED_EDGE('',*,*,#46940,.F.);
#51050=EDGE_LOOP('',(#51040,#51030,#50970,#50890,#50810));
#51060=FACE_OUTER_BOUND('',#51050,.T.);
#51070=ADVANCED_FACE('',(#51060),#50730,.T.);
#51080=COLOUR_RGB('',0.94901967048645,0.94901967048645,1.);
#51090=FILL_AREA_STYLE_COLOUR('',#51080);
#51100=FILL_AREA_STYLE('',(#51090));
#51110=SURFACE_STYLE_FILL_AREA(#51100);
#51120=SURFACE_SIDE_STYLE('',(#51110));
#51130=SURFACE_STYLE_USAGE(.BOTH.,#51120);
#51140=PRESENTATION_STYLE_ASSIGNMENT((#51130));
#51150=CARTESIAN_POINT('',(18.9444862245628,7.61602665620416,
-10.6347499588172));
#51160=DIRECTION('',(-0.936329177569043,0.351123441588395,
-1.24825372731349E-10));
#51170=DIRECTION('',(0.351123441588395,0.936329177569044,
6.14050886379862E-11));
#51180=AXIS2_PLACEMENT_3D('',#51150,#51160,#51170);
#51190=PLANE('',#51180);
#51200=CARTESIAN_POINT('',(20.3694862242818,11.4160266561764,
-8.60474995856982));
#51210=DIRECTION('',(0.328817723967508,0.876847264038034,
0.350738905674636));
#51220=VECTOR('',#51210,1.);
#51230=LINE('',#51200,#51220);
#51240=EDGE_CURVE('',#6730,#50790,#51230,.T.);
#51250=ORIENTED_EDGE('',*,*,#51240,.F.);
#51260=ORIENTED_EDGE('',*,*,#50800,.F.);
#51270=ORIENTED_EDGE('',*,*,#46860,.F.);
#51280=CARTESIAN_POINT('',(20.3694862244486,11.4160266561929,
-9.80974995856613));
#51290=DIRECTION('',(0.331294578178679,0.883452208594243,
0.331294578282477));
#51300=VECTOR('',#51290,1.);
#51310=LINE('',#51280,#51300);
#51320=CARTESIAN_POINT('',(18.9880346117366,7.73215568846982,
-11.191201571711));
#51330=VERTEX_POINT('',#51320);
#51340=EDGE_CURVE('',#51330,#46770,#51310,.T.);
#51350=ORIENTED_EDGE('',*,*,#51340,.T.);
#51360=CARTESIAN_POINT('',(20.3694862248439,11.4160266562319,
-12.6647499585661));
#51370=DIRECTION('',(-0.328817724064619,-0.876847264047621,
0.350738905559627));
#51380=VECTOR('',#51370,1.);
#51390=LINE('',#51360,#51380);
#51400=EDGE_CURVE('',#51330,#6810,#51390,.T.);
#51410=ORIENTED_EDGE('',*,*,#51400,.F.);
#51420=ORIENTED_EDGE('',*,*,#6820,.T.);
#51430=EDGE_LOOP('',(#51420,#51410,#51350,#51270,#51260,#51250));
#51440=FACE_OUTER_BOUND('',#51430,.T.);
#51450=ADVANCED_FACE('',(#51440),#51190,.F.);
#51460=COLOUR_RGB('',0.94901967048645,0.94901967048645,1.);
#51470=FILL_AREA_STYLE_COLOUR('',#51460);
#51480=FILL_AREA_STYLE('',(#51470));
#51490=SURFACE_STYLE_FILL_AREA(#51480);
#51500=SURFACE_SIDE_STYLE('',(#51490));
#51510=SURFACE_STYLE_USAGE(.BOTH.,#51500);
#51520=PRESENTATION_STYLE_ASSIGNMENT((#51510));
#51530=CARTESIAN_POINT('',(18.4944862244797,7.71602665619663,
-10.08474995888));
#51540=DIRECTION('',(1.2853792238778E-10,0.371390676366792,
-0.928476690880184));
#51550=DIRECTION('',(-5.14118296095102E-11,0.928476690880183,
0.371390676366792));
#51560=AXIS2_PLACEMENT_3D('',#51530,#51540,#51550);
#51570=PLANE('',#51560);
#51580=CARTESIAN_POINT('',(16.6194862242679,11.4160266561764,
-8.60474995908896));
#51590=DIRECTION('',(0.328817724064614,-0.876847264038036,
-0.350738905583594));
#51600=VECTOR('',#51590,1.);
#51610=LINE('',#51580,#51600);
#51620=CARTESIAN_POINT('',(18.0009378373751,7.73215568845461,
-10.0782983460448));
#51630=VERTEX_POINT('',#51620);
#51640=EDGE_CURVE('',#51630,#6710,#51610,.T.);
#51650=ORIENTED_EDGE('',*,*,#51640,.T.);
#51660=CARTESIAN_POINT('',(19.4744862242679,11.4160266561764,
-8.60474995869372));
#51670=DIRECTION('',(0.3481553118632,0.870388279773731,0.348155311971489
));
#51680=VECTOR('',#51670,1.);
#51690=LINE('',#51660,#51680);
#51700=CARTESIAN_POINT('',(18.1944862244451,8.21602665619391,
-9.88474995891466));
#51710=VERTEX_POINT('',#51700);
#51720=EDGE_CURVE('',#51630,#51710,#51690,.T.);
#51730=ORIENTED_EDGE('',*,*,#51720,.F.);
#51740=CARTESIAN_POINT('',(18.494486224452,8.2160266561939,
-9.88474995887312));
#51750=DIRECTION('',(1.,-2.9364070629967E-15,1.38438404642903E-10));
#51760=VECTOR('',#51750,1.);
#51770=LINE('',#51740,#51760);
#51780=EDGE_CURVE('',#51710,#50870,#51770,.T.);
#51790=ORIENTED_EDGE('',*,*,#51780,.F.);
#51800=ORIENTED_EDGE('',*,*,#50880,.F.);
#51810=ORIENTED_EDGE('',*,*,#51240,.T.);
#51820=ORIENTED_EDGE('',*,*,#6740,.T.);
#51830=EDGE_LOOP('',(#51820,#51810,#51800,#51790,#51730,#51650));
#51840=FACE_OUTER_BOUND('',#51830,.T.);
#51850=ADVANCED_FACE('',(#51840),#51570,.F.);
#51860=COLOUR_RGB('',0.94901967048645,0.94901967048645,1.);
#51870=FILL_AREA_STYLE_COLOUR('',#51860);
#51880=FILL_AREA_STYLE('',(#51870));
#51890=SURFACE_STYLE_FILL_AREA(#51880);
#51900=SURFACE_SIDE_STYLE('',(#51890));
#51910=SURFACE_STYLE_USAGE(.BOTH.,#51900);
#51920=PRESENTATION_STYLE_ASSIGNMENT((#51910));
#51930=CARTESIAN_POINT('',(17.8944862244451,11.4160266561939,
-9.88474995891246));
#51940=DIRECTION('',(-1.38438404642903E-10,-1.36662616719745E-11,1.));
#51950=DIRECTION('',(1.,-2.9364070629967E-15,1.38438404642903E-10));
#51960=AXIS2_PLACEMENT_3D('',#51930,#51940,#51950);
#51970=PLANE('',#51960);
#51980=CARTESIAN_POINT('',(0.,10.8160266562719,-9.88474996139794));
#51990=DIRECTION('',(-1.,-1.44436074709416E-21,-1.38438404642903E-10));
#52000=VECTOR('',#51990,1.);
#52010=LINE('',#51980,#52000);
#52020=CARTESIAN_POINT('',(18.1944862244451,10.8160266562719,
-9.88474995887912));
#52030=VERTEX_POINT('',#52020);
#52040=EDGE_CURVE('',#50950,#52030,#52010,.T.);
#52050=ORIENTED_EDGE('',*,*,#52040,.T.);
#52060=ORIENTED_EDGE('',*,*,#50960,.F.);
#52070=ORIENTED_EDGE('',*,*,#51780,.T.);
#52080=CARTESIAN_POINT('',(18.1944862244451,9.31602665619391,
-9.88474995889962));
#52090=DIRECTION('',(-2.93640580714185E-15,-1.,-1.3666261671975E-11));
#52100=VECTOR('',#52090,1.);
#52110=LINE('',#52080,#52100);
#52120=EDGE_CURVE('',#52030,#51710,#52110,.T.);
#52130=ORIENTED_EDGE('',*,*,#52120,.T.);
#52140=EDGE_LOOP('',(#52130,#52070,#52060,#52050));
#52150=FACE_OUTER_BOUND('',#52140,.T.);
#52160=ADVANCED_FACE('',(#52150),#51970,.T.);
#52170=COLOUR_RGB('',0.94901967048645,0.94901967048645,1.);
#52180=FILL_AREA_STYLE_COLOUR('',#52170);
#52190=FILL_AREA_STYLE('',(#52180));
#52200=SURFACE_STYLE_FILL_AREA(#52190);
#52210=SURFACE_SIDE_STYLE('',(#52200));
#52220=SURFACE_STYLE_USAGE(.BOTH.,#52210);
#52230=PRESENTATION_STYLE_ASSIGNMENT((#52220));
#52240=CARTESIAN_POINT('',(18.0444862244658,9.31602665619596,
-10.0347499589204));
#52250=DIRECTION('',(-0.707106781284438,-9.66142994792666E-12,
0.707106781088657));
#52260=DIRECTION('',(-0.707106781088656,9.66558632435917E-12,
-0.707106781284438));
#52270=AXIS2_PLACEMENT_3D('',#52240,#52250,#52260);
#52280=PLANE('',#52270);
#52290=ORIENTED_EDGE('',*,*,#51720,.T.);
#52300=CARTESIAN_POINT('',(16.6194862246631,11.4160266562154,
-11.459749959089));
#52310=DIRECTION('',(0.331294578178673,-0.883452208603301,
0.33129457825833));
#52320=VECTOR('',#52310,1.);
#52330=LINE('',#52300,#52320);
#52340=EDGE_CURVE('',#50430,#51630,#52330,.T.);
#52350=ORIENTED_EDGE('',*,*,#52340,.T.);
#52360=ORIENTED_EDGE('',*,*,#50440,.T.);
#52370=CARTESIAN_POINT('',(28.0792361805873,10.8160266563802,0.));
#52380=DIRECTION('',(-0.707106781088657,-7.75218778059639E-12,
-0.707106781284438));
#52390=VECTOR('',#52380,1.);
#52400=LINE('',#52370,#52390);
#52410=EDGE_CURVE('',#52030,#50410,#52400,.T.);
#52420=ORIENTED_EDGE('',*,*,#52410,.T.);
#52430=ORIENTED_EDGE('',*,*,#52120,.F.);
#52440=EDGE_LOOP('',(#52430,#52420,#52360,#52350,#52290));
#52450=FACE_OUTER_BOUND('',#52440,.T.);
#52460=ADVANCED_FACE('',(#52450),#52280,.T.);
#52470=COLOUR_RGB('',0.94901967048645,0.94901967048645,1.);
#52480=FILL_AREA_STYLE_COLOUR('',#52470);
#52490=FILL_AREA_STYLE('',(#52480));
#52500=SURFACE_STYLE_FILL_AREA(#52490);
#52510=SURFACE_SIDE_STYLE('',(#52500));
#52520=SURFACE_STYLE_USAGE(.BOTH.,#52510);
#52530=PRESENTATION_STYLE_ASSIGNMENT((#52520));
#52540=CARTESIAN_POINT('',(18.0444862245489,7.61602665620416,
-10.6347499589418));
#52550=DIRECTION('',(0.936329177569046,0.351123441588389,
1.34422462395172E-10));
#52560=DIRECTION('',(-0.351123441588389,0.936329177569045,
-3.58128495344589E-11));
#52570=AXIS2_PLACEMENT_3D('',#52540,#52550,#52560);
#52580=PLANE('',#52570);
#52590=CARTESIAN_POINT('',(16.6194862248299,11.4160266562319,
-12.6647499590853));
#52600=DIRECTION('',(-0.328817723967503,0.876847264047624,
-0.350738905650669));
#52610=VECTOR('',#52600,1.);
#52620=LINE('',#52590,#52610);
#52630=EDGE_CURVE('',#6890,#47220,#52620,.T.);
#52640=ORIENTED_EDGE('',*,*,#52630,.F.);
#52650=ORIENTED_EDGE('',*,*,#47250,.F.);
#52660=ORIENTED_EDGE('',*,*,#50500,.F.);
#52670=ORIENTED_EDGE('',*,*,#52340,.F.);
#52680=ORIENTED_EDGE('',*,*,#51640,.F.);
#52690=ORIENTED_EDGE('',*,*,#6960,.T.);
#52700=EDGE_LOOP('',(#52690,#52680,#52670,#52660,#52650,#52640));
#52710=FACE_OUTER_BOUND('',#52700,.T.);
#52720=ADVANCED_FACE('',(#52710),#52580,.F.);
#52730=COLOUR_RGB('',0.94901967048645,0.94901967048645,1.);
#52740=FILL_AREA_STYLE_COLOUR('',#52730);
#52750=FILL_AREA_STYLE('',(#52740));
#52760=SURFACE_STYLE_FILL_AREA(#52750);
#52770=SURFACE_SIDE_STYLE('',(#52760));
#52780=SURFACE_STYLE_USAGE(.BOTH.,#52770);
#52790=PRESENTATION_STYLE_ASSIGNMENT((#52780));
#52800=CARTESIAN_POINT('',(18.9444862246459,9.31602665621235,
-11.2347499587921));
#52810=DIRECTION('',(-0.707106781284438,-9.66142994792666E-12,
0.707106781088657));
#52820=DIRECTION('',(-0.707106781088656,9.66558632435917E-12,
-0.707106781284438));
#52830=AXIS2_PLACEMENT_3D('',#52800,#52810,#52820);
#52840=PLANE('',#52830);
#52850=CARTESIAN_POINT('',(30.1792361803069,10.8160266563802,0.));
#52860=DIRECTION('',(-0.707106781088657,-7.75218778059639E-12,
-0.707106781284438));
#52870=VECTOR('',#52860,1.);
#52880=LINE('',#52850,#52870);
#52890=CARTESIAN_POINT('',(18.7944862244309,10.8160266562554,
-11.3847499590281));
#52900=VERTEX_POINT('',#52890);
#52910=EDGE_CURVE('',#46750,#52900,#52880,.T.);
#52920=ORIENTED_EDGE('',*,*,#52910,.F.);
#52930=CARTESIAN_POINT('',(18.7944862246667,9.3160266562144,
-11.3847499588129));
#52940=DIRECTION('',(-2.93640580714185E-15,-1.,-1.3666261671975E-11));
#52950=VECTOR('',#52940,1.);
#52960=LINE('',#52930,#52950);
#52970=CARTESIAN_POINT('',(18.7944862246666,8.2160266562144,
-11.3847499588279));
#52980=VERTEX_POINT('',#52970);
#52990=EDGE_CURVE('',#52900,#52980,#52960,.T.);
#53000=ORIENTED_EDGE('',*,*,#52990,.F.);
#53010=CARTESIAN_POINT('',(17.5144862248439,11.4160266562319,
-12.6647499589614));
#53020=DIRECTION('',(0.348155311863195,-0.870388279783248,
0.348155311947699));
#53030=VECTOR('',#53020,1.);
#53040=LINE('',#53010,#53030);
#53050=EDGE_CURVE('',#52980,#51330,#53040,.T.);
#53060=ORIENTED_EDGE('',*,*,#53050,.F.);
#53070=ORIENTED_EDGE('',*,*,#51340,.F.);
#53080=ORIENTED_EDGE('',*,*,#46780,.T.);
#53090=EDGE_LOOP('',(#53080,#53070,#53060,#53000,#52920));
#53100=FACE_OUTER_BOUND('',#53090,.T.);
#53110=ADVANCED_FACE('',(#53100),#52840,.F.);
#53120=COLOUR_RGB('',0.94901967048645,0.94901967048645,1.);
#53130=FILL_AREA_STYLE_COLOUR('',#53120);
#53140=FILL_AREA_STYLE('',(#53130));
#53150=SURFACE_STYLE_FILL_AREA(#53140);
#53160=SURFACE_SIDE_STYLE('',(#53150));
#53170=SURFACE_STYLE_USAGE(.BOTH.,#53160);
#53180=PRESENTATION_STYLE_ASSIGNMENT((#53170));
#53190=CARTESIAN_POINT('',(18.494486224632,7.71602665621166,
-11.1847499588763));
#53200=DIRECTION('',(-1.28535741280775E-10,0.371390676341415,
0.928476690890335));
#53210=DIRECTION('',(5.14174335816793E-11,0.928476690890335,
-0.371390676341415));
#53220=AXIS2_PLACEMENT_3D('',#53190,#53200,#53210);
#53230=PLANE('',#53220);
#53240=ORIENTED_EDGE('',*,*,#51400,.T.);
#53250=ORIENTED_EDGE('',*,*,#53050,.T.);
#53260=CARTESIAN_POINT('',(18.4944862246597,8.2160266562144,
-11.3847499588694));
#53270=DIRECTION('',(-1.,2.9364070629967E-15,-1.38438404642903E-10));
#53280=VECTOR('',#53270,1.);
#53290=LINE('',#53260,#53280);
#53300=EDGE_CURVE('',#52980,#47320,#53290,.T.);
#53310=ORIENTED_EDGE('',*,*,#53300,.F.);
#53320=ORIENTED_EDGE('',*,*,#47330,.F.);
#53330=ORIENTED_EDGE('',*,*,#52630,.T.);
#53340=ORIENTED_EDGE('',*,*,#6900,.T.);
#53350=EDGE_LOOP('',(#53340,#53330,#53320,#53310,#53250,#53240));
#53360=FACE_OUTER_BOUND('',#53350,.T.);
#53370=ADVANCED_FACE('',(#53360),#53230,.F.);
#53380=COLOUR_RGB('',0.94901967048645,0.94901967048645,1.);
#53390=FILL_AREA_STYLE_COLOUR('',#53380);
#53400=FILL_AREA_STYLE('',(#53390));
#53410=SURFACE_STYLE_FILL_AREA(#53400);
#53420=SURFACE_SIDE_STYLE('',(#53410));
#53430=SURFACE_STYLE_USAGE(.BOTH.,#53420);
#53440=PRESENTATION_STYLE_ASSIGNMENT((#53430));
#53450=CARTESIAN_POINT('',(19.0944862246667,11.4160266562144,
-11.3847499587426));
#53460=DIRECTION('',(1.38438404642903E-10,1.36662616719745E-11,-1.));
#53470=DIRECTION('',(-1.,2.9364070629967E-15,-1.38438404642903E-10));
#53480=AXIS2_PLACEMENT_3D('',#53450,#53460,#53470);
#53490=PLANE('',#53480);
#53500=ORIENTED_EDGE('',*,*,#47410,.F.);
#53510=ORIENTED_EDGE('',*,*,#53300,.T.);
#53520=ORIENTED_EDGE('',*,*,#52990,.T.);
#53530=CARTESIAN_POINT('',(0.,10.8160266562554,-11.3847499613943));
#53540=DIRECTION('',(1.,1.44436074709416E-21,1.38438404642903E-10));
#53550=VECTOR('',#53540,1.);
#53560=LINE('',#53530,#53550);
#53570=EDGE_CURVE('',#47400,#52900,#53560,.T.);
#53580=ORIENTED_EDGE('',*,*,#53570,.T.);
#53590=EDGE_LOOP('',(#53580,#53520,#53510,#53500));
#53600=FACE_OUTER_BOUND('',#53590,.T.);
#53610=ADVANCED_FACE('',(#53600),#53490,.T.);
#53620=COLOUR_RGB('',0.94901967048645,0.94901967048645,1.);
#53630=FILL_AREA_STYLE_COLOUR('',#53620);
#53640=FILL_AREA_STYLE('',(#53630));
#53650=SURFACE_STYLE_FILL_AREA(#53640);
#53660=SURFACE_SIDE_STYLE('',(#53650));
#53670=SURFACE_STYLE_USAGE(.BOTH.,#53660);
#53680=PRESENTATION_STYLE_ASSIGNMENT((#53670));
#53690=CARTESIAN_POINT('',(22.4581972016891,33.717483433756,
-35.2347502165797));
#53700=DIRECTION('',(0.965925826289069,0.25881904510252,
5.00646582722958E-11));
#53710=DIRECTION('',(-0.25881904510252,0.965925826289069,
-3.35252581192149E-11));
#53720=AXIS2_PLACEMENT_3D('',#53690,#53700,#53710);
#53730=PLANE('',#53720);
#53740=CARTESIAN_POINT('',(31.4927696585873,-9.59303747549711E-11,
-30.9347499006881));
#53750=DIRECTION('',(0.25881904510252,-0.965925826289069,
5.0341814050725E-12));
#53760=VECTOR('',#53750,1.);
#53770=LINE('',#53740,#53760);
#53780=CARTESIAN_POINT('',(22.4581972014486,33.7174834338215,
-30.9347499008638));
#53790=VERTEX_POINT('',#53780);
#53800=EDGE_CURVE('',#10760,#53790,#53770,.T.);
#53810=ORIENTED_EDGE('',*,*,#53800,.T.);
#53820=ORIENTED_EDGE('',*,*,#10770,.F.);
#53830=ORIENTED_EDGE('',*,*,#10690,.F.);
#53840=CARTESIAN_POINT('',(31.4927696586056,-9.98241489469365E-11,
-35.3347502154095));
#53850=DIRECTION('',(-0.25881904510252,0.965925826289069,
-3.35252581192149E-11));
#53860=VECTOR('',#53850,1.);
#53870=LINE('',#53840,#53860);
#53880=CARTESIAN_POINT('',(22.4581972016945,33.7174834337549,
-35.3347502165797));
#53890=VERTEX_POINT('',#53880);
#53900=EDGE_CURVE('',#53890,#10600,#53870,.T.);
#53910=ORIENTED_EDGE('',*,*,#53900,.T.);
#53920=CARTESIAN_POINT('',(22.4581972009884,33.7174834339462,
-22.6999999621631));
#53930=DIRECTION('',(5.58885397152337E-11,-1.51438841398947E-11,-1.));
#53940=VECTOR('',#53930,1.);
#53950=LINE('',#53920,#53940);
#53960=EDGE_CURVE('',#53790,#53890,#53950,.T.);
#53970=ORIENTED_EDGE('',*,*,#53960,.T.);
#53980=EDGE_LOOP('',(#53970,#53910,#53830,#53820,#53810));
#53990=FACE_OUTER_BOUND('',#53980,.T.);
#54000=ADVANCED_FACE('',(#53990),#53730,.T.);
#54010=CARTESIAN_POINT('',(22.9944859099284,13.6033425054118,
-28.9347498785993));
#54020=DIRECTION('',(-9.04552778569693E-12,1.09632613695891E-11,1.));
#54030=DIRECTION('',(0.,1.,-1.09632613695891E-11));
#54040=AXIS2_PLACEMENT_3D('',#54010,#54020,#54030);
#54050=PLANE('',#54040);
#54060=CARTESIAN_POINT('',(26.4944859100196,33.0057767970252,
-28.9347498787803));
#54070=DIRECTION('',(2.14618160360293E-12,-5.11928974526717E-12,-1.));
#54080=DIRECTION('',(-1.,1.04067865436264E-11,-2.14618160365621E-12));
#54090=AXIS2_PLACEMENT_3D('',#54060,#54070,#54080);
#54100=CIRCLE('',#54090,0.25);
#54110=CARTESIAN_POINT('',(26.2482839813736,33.0491888959262,
-28.934749878783));
#54120=VERTEX_POINT('',#54110);
#54130=EDGE_CURVE('',#54120,#16470,#54100,.T.);
#54140=ORIENTED_EDGE('',*,*,#54130,.T.);
#54150=CARTESIAN_POINT('',(14.2278011936561,35.1687242671361,
-28.934749878915));
#54160=DIRECTION('',(0.984807753928579,-0.173648172469936,
1.08118562028697E-11));
#54170=VECTOR('',#54160,1.);
#54180=LINE('',#54150,#54170);
#54190=CARTESIAN_POINT('',(25.2906878569886,33.2180389240666,
-28.9347498787955));
#54200=VERTEX_POINT('',#54190);
#54210=EDGE_CURVE('',#54200,#54120,#54180,.T.);
#54220=ORIENTED_EDGE('',*,*,#54210,.T.);
#54230=CARTESIAN_POINT('',(25.0444859100222,33.2614509190676,
-28.9347498787962));
#54240=DIRECTION('',(2.14618160360293E-12,-5.11928974526717E-12,-1.));
#54250=DIRECTION('',(-1.,1.04067865436264E-11,-2.14618160365621E-12));
#54260=AXIS2_PLACEMENT_3D('',#54230,#54240,#54250);
#54270=CIRCLE('',#54260,0.25);
#54280=CARTESIAN_POINT('',(25.2944859100222,33.2614509190649,
-28.9347498787957));
#54290=VERTEX_POINT('',#54280);
#54300=EDGE_CURVE('',#54290,#54200,#54270,.T.);
#54310=ORIENTED_EDGE('',*,*,#54300,.T.);
#54320=CARTESIAN_POINT('',(24.7982839800243,33.3048630103016,
-28.934749878797));
#54330=VERTEX_POINT('',#54320);
#54340=EDGE_CURVE('',#54330,#54290,#54270,.T.);
#54350=ORIENTED_EDGE('',*,*,#54340,.T.);
#54360=CARTESIAN_POINT('',(14.2278011936561,35.1687242671361,
-28.934749878915));
#54370=DIRECTION('',(0.984807753928579,-0.173648172469936,
1.08118562028697E-11));
#54380=VECTOR('',#54370,1.);
#54390=LINE('',#54360,#54380);
#54400=CARTESIAN_POINT('',(23.8406878556394,33.473713038442,
-28.9347498788095));
#54410=VERTEX_POINT('',#54400);
#54420=EDGE_CURVE('',#54410,#54330,#54390,.T.);
#54430=ORIENTED_EDGE('',*,*,#54420,.T.);
#54440=CARTESIAN_POINT('',(23.5944859100249,33.5171250411099,
-28.9347498788122));
#54450=DIRECTION('',(2.14618160360293E-12,-5.11928974526717E-12,-1.));
#54460=DIRECTION('',(-1.,1.04067865436264E-11,-2.14618160365621E-12));
#54470=AXIS2_PLACEMENT_3D('',#54440,#54450,#54460);
#54480=CIRCLE('',#54470,0.25);
#54490=CARTESIAN_POINT('',(23.8444859100249,33.5171250411073,
-28.9347498788116));
#54500=VERTEX_POINT('',#54490);
#54510=EDGE_CURVE('',#54500,#54410,#54480,.T.);
#54520=ORIENTED_EDGE('',*,*,#54510,.T.);
#54530=CARTESIAN_POINT('',(23.3482839786751,33.5605371246769,
-28.9347498788149));
#54540=VERTEX_POINT('',#54530);
#54550=EDGE_CURVE('',#54540,#54500,#54480,.T.);
#54560=ORIENTED_EDGE('',*,*,#54550,.T.);
#54570=CARTESIAN_POINT('',(14.2278011936561,35.1687242671361,
-28.934749878915));
#54580=DIRECTION('',(-0.984807753928579,0.173648172469936,
-1.08118562028697E-11));
#54590=VECTOR('',#54580,1.);
#54600=LINE('',#54570,#54590);
#54610=EDGE_CURVE('',#54540,#36080,#54600,.T.);
#54620=ORIENTED_EDGE('',*,*,#54610,.F.);
#54630=ORIENTED_EDGE('',*,*,#36090,.T.);
#54640=CARTESIAN_POINT('',(0.,37.6657549293067,-28.9347498790711));
#54650=DIRECTION('',(-0.984807753928578,0.173648172469936,
-1.0811837536373E-11));
#54660=VECTOR('',#54650,1.);
#54670=LINE('',#54640,#54660);
#54680=EDGE_CURVE('',#48250,#36000,#54670,.T.);
#54690=ORIENTED_EDGE('',*,*,#54680,.T.);
#54700=ORIENTED_EDGE('',*,*,#48480,.T.);
#54710=CARTESIAN_POINT('',(22.994485909877,0.,-28.9347498784501));
#54720=DIRECTION('',(3.69048568995094E-23,1.,-1.09632613695891E-11));
#54730=VECTOR('',#54720,1.);
#54740=LINE('',#54710,#54730);
#54750=EDGE_CURVE('',#42460,#48410,#54740,.T.);
#54760=ORIENTED_EDGE('',*,*,#54750,.T.);
#54770=ORIENTED_EDGE('',*,*,#42470,.T.);
#54780=CARTESIAN_POINT('',(23.7944859100052,29.9307714222614,
-28.934749878771));
#54790=DIRECTION('',(2.14618160360293E-12,-5.11928974526717E-12,-1.));
#54800=DIRECTION('',(-1.,1.04067865436264E-11,-2.14618160365621E-12));
#54810=AXIS2_PLACEMENT_3D('',#54780,#54790,#54800);
#54820=CIRCLE('',#54810,0.25);
#54830=CARTESIAN_POINT('',(24.0444859100052,29.9307714222588,
-28.9347498787705));
#54840=VERTEX_POINT('',#54830);
#54850=EDGE_CURVE('',#54840,#42380,#54820,.T.);
#54860=ORIENTED_EDGE('',*,*,#54850,.T.);
#54870=CARTESIAN_POINT('',(24.0426224479159,29.9612387581102,
-28.9347498787691));
#54880=VERTEX_POINT('',#54870);
#54890=EDGE_CURVE('',#54880,#54840,#54820,.T.);
#54900=ORIENTED_EDGE('',*,*,#54890,.T.);
#54910=CARTESIAN_POINT('',(13.0720659147245,28.6142237914371,
-28.9347498788536));
#54920=DIRECTION('',(-0.992546151642584,-0.121869343394875,
-7.64198307139027E-12));
#54930=VECTOR('',#54920,1.);
#54940=LINE('',#54910,#54930);
#54950=CARTESIAN_POINT('',(24.8963493720963,30.0660632436177,
-28.934749878761));
#54960=VERTEX_POINT('',#54950);
#54970=EDGE_CURVE('',#54960,#54880,#54940,.T.);
#54980=ORIENTED_EDGE('',*,*,#54970,.T.);
#54990=CARTESIAN_POINT('',(25.144485910007,30.0965305794664,
-28.9347498787606));
#55000=DIRECTION('',(2.14618160360293E-12,-5.11928974526717E-12,-1.));
#55010=DIRECTION('',(-1.,1.04067865436264E-11,-2.14618160365621E-12));
#55020=AXIS2_PLACEMENT_3D('',#54990,#55000,#55010);
#55030=CIRCLE('',#55020,0.25);
#55040=CARTESIAN_POINT('',(25.394485910007,30.0965305794638,
-28.9347498787601));
#55050=VERTEX_POINT('',#55040);
#55060=EDGE_CURVE('',#55050,#54960,#55030,.T.);
#55070=ORIENTED_EDGE('',*,*,#55060,.T.);
#55080=CARTESIAN_POINT('',(25.3926224479176,30.1269979153152,
-28.9347498787603));
#55090=VERTEX_POINT('',#55080);
#55100=EDGE_CURVE('',#55090,#55050,#55030,.T.);
#55110=ORIENTED_EDGE('',*,*,#55100,.T.);
#55120=CARTESIAN_POINT('',(13.0720659147245,28.6142237914371,
-28.9347498788536));
#55130=DIRECTION('',(-0.992546151642584,-0.121869343394875,
-7.64198307139027E-12));
#55140=VECTOR('',#55130,1.);
#55150=LINE('',#55120,#55140);
#55160=CARTESIAN_POINT('',(26.2463493720866,30.231822400821,
-28.9347498787506));
#55170=VERTEX_POINT('',#55160);
#55180=EDGE_CURVE('',#55170,#55090,#55150,.T.);
#55190=ORIENTED_EDGE('',*,*,#55180,.T.);
#55200=CARTESIAN_POINT('',(26.4944859099973,30.2622897366697,
-28.9347498787503));
#55210=DIRECTION('',(2.14618160360293E-12,-5.11928974526717E-12,-1.));
#55220=DIRECTION('',(-1.,1.04067865436264E-11,-2.14618160365621E-12));
#55230=AXIS2_PLACEMENT_3D('',#55200,#55210,#55220);
#55240=CIRCLE('',#55230,0.25);
#55250=EDGE_CURVE('',#18770,#55170,#55240,.T.);
#55260=ORIENTED_EDGE('',*,*,#55250,.T.);
#55270=ORIENTED_EDGE('',*,*,#18780,.F.);
#55280=EDGE_CURVE('',#18690,#36400,#36550,.T.);
#55290=ORIENTED_EDGE('',*,*,#55280,.F.);
#55300=ORIENTED_EDGE('',*,*,#36560,.F.);
#55310=ORIENTED_EDGE('',*,*,#16560,.F.);
#55320=EDGE_LOOP('',(#55310,#55300,#55290,#55270,#55260,#55190,#55110,
#55070,#54980,#54900,#54860,#54770,#54760,#54700,#54690,#54630,#54620,
#54560,#54520,#54430,#54350,#54310,#54220,#54140));
#55330=FACE_OUTER_BOUND('',#55320,.T.);
#55340=ADVANCED_FACE('',(#55330),#54050,.F.);
#55350=COLOUR_RGB('',1.,0.709803938865662,0.);
#55360=FILL_AREA_STYLE_COLOUR('',#55350);
#55370=FILL_AREA_STYLE('',(#55360));
#55380=SURFACE_STYLE_FILL_AREA(#55370);
#55390=SURFACE_SIDE_STYLE('',(#55380));
#55400=SURFACE_STYLE_USAGE(.BOTH.,#55390);
#55410=PRESENTATION_STYLE_ASSIGNMENT((#55400));
#55420=CARTESIAN_POINT('',(26.4944859100196,33.0057767970252,
-28.9347498788333));
#55430=DIRECTION('',(2.14618160360293E-12,-5.11928974526717E-12,-1.));
#55440=DIRECTION('',(-1.,1.04067865436264E-11,-2.14618160365621E-12));
#55450=AXIS2_PLACEMENT_3D('',#55420,#55430,#55440);
#55460=CYLINDRICAL_SURFACE('',#55450,0.25);
#55470=ORIENTED_EDGE('',*,*,#16480,.T.);
#55480=CARTESIAN_POINT('',(26.4944859100054,33.005776797059,
-22.3347499217546));
#55490=DIRECTION('',(2.14618160360293E-12,-5.11928974526717E-12,-1.));
#55500=DIRECTION('',(-1.,1.04067865436264E-11,-2.14618160365621E-12));
#55510=AXIS2_PLACEMENT_3D('',#55480,#55490,#55500);
#55520=CIRCLE('',#55510,0.25);
#55530=CARTESIAN_POINT('',(26.2482839813533,33.0491888959256,
-22.3347499217553));
#55540=VERTEX_POINT('',#55530);
#55550=EDGE_CURVE('',#55540,#16450,#55520,.T.);
#55560=ORIENTED_EDGE('',*,*,#55550,.T.);
#55570=CARTESIAN_POINT('',(26.2482839813739,33.0491888959281,
-28.934749878834));
#55580=DIRECTION('',(2.14618160360293E-12,-5.11928974526717E-12,-1.));
#55590=VECTOR('',#55580,1.);
#55600=LINE('',#55570,#55590);
#55610=EDGE_CURVE('',#55540,#54120,#55600,.T.);
#55620=ORIENTED_EDGE('',*,*,#55610,.F.);
#55630=ORIENTED_EDGE('',*,*,#54130,.F.);
#55640=EDGE_LOOP('',(#55630,#55620,#55560,#55470));
#55650=FACE_OUTER_BOUND('',#55640,.T.);
#55660=ADVANCED_FACE('',(#55650),#55460,.T.);
#55670=COLOUR_RGB('',1.,0.709803938865662,0.);
#55680=FILL_AREA_STYLE_COLOUR('',#55670);
#55690=FILL_AREA_STYLE('',(#55680));
#55700=SURFACE_STYLE_FILL_AREA(#55690);
#55710=SURFACE_SIDE_STYLE('',(#55700));
#55720=SURFACE_STYLE_USAGE(.BOTH.,#55710);
#55730=PRESENTATION_STYLE_ASSIGNMENT((#55720));
#55740=CARTESIAN_POINT('',(23.5944859100249,33.5171250411099,
-28.9347498788423));
#55750=DIRECTION('',(2.14618160360293E-12,-5.11928974526717E-12,-1.));
#55760=DIRECTION('',(-1.,1.04067865436264E-11,-2.14618160365621E-12));
#55770=AXIS2_PLACEMENT_3D('',#55740,#55750,#55760);
#55780=CYLINDRICAL_SURFACE('',#55770,0.25);
#55790=CARTESIAN_POINT('',(23.5944859100107,33.5171250411437,
-22.3347499217634));
#55800=DIRECTION('',(2.14618160360293E-12,-5.11928974526717E-12,-1.));
#55810=DIRECTION('',(-1.,1.04067865436264E-11,-2.14618160365621E-12));
#55820=AXIS2_PLACEMENT_3D('',#55790,#55800,#55810);
#55830=CIRCLE('',#55820,0.25);
#55840=CARTESIAN_POINT('',(23.8444859100107,33.5171250411411,
-22.3347499217629));
#55850=VERTEX_POINT('',#55840);
#55860=CARTESIAN_POINT('',(23.8406878556255,33.4737130384775,
-22.3347499217627));
#55870=VERTEX_POINT('',#55860);
#55880=EDGE_CURVE('',#55850,#55870,#55830,.T.);
#55890=ORIENTED_EDGE('',*,*,#55880,.T.);
#55900=CARTESIAN_POINT('',(23.8444859100249,33.5171250411073,
-28.9347498788418));
#55910=DIRECTION('',(2.14618160360293E-12,-5.11928974526717E-12,-1.));
#55920=VECTOR('',#55910,1.);
#55930=LINE('',#55900,#55920);
#55940=EDGE_CURVE('',#55850,#54500,#55930,.T.);
#55950=ORIENTED_EDGE('',*,*,#55940,.F.);
#55960=ORIENTED_EDGE('',*,*,#54510,.F.);
#55970=CARTESIAN_POINT('',(23.8406878556394,33.473713038442,
-28.9347498788415));
#55980=DIRECTION('',(2.14618160360293E-12,-5.11928974526717E-12,-1.));
#55990=VECTOR('',#55980,1.);
#56000=LINE('',#55970,#55990);
#56010=EDGE_CURVE('',#55870,#54410,#56000,.T.);
#56020=ORIENTED_EDGE('',*,*,#56010,.T.);
#56030=EDGE_LOOP('',(#56020,#55960,#55950,#55890));
#56040=FACE_OUTER_BOUND('',#56030,.T.);
#56050=ADVANCED_FACE('',(#56040),#55780,.T.);
#56060=COLOUR_RGB('',1.,0.709803938865662,0.);
#56070=FILL_AREA_STYLE_COLOUR('',#56060);
#56080=FILL_AREA_STYLE('',(#56070));
#56090=SURFACE_STYLE_FILL_AREA(#56080);
#56100=SURFACE_SIDE_STYLE('',(#56090));
#56110=SURFACE_STYLE_USAGE(.BOTH.,#56100);
#56120=PRESENTATION_STYLE_ASSIGNMENT((#56110));
#56130=CARTESIAN_POINT('',(13.6944871734456,26.6220600613296,
-23.7347499216644));
#56140=DIRECTION('',(0.382683432368623,-4.98106447614114E-12,
-0.923879532509823));
#56150=DIRECTION('',(-1.31145094783847E-13,1.,-5.445787415036E-12));
#56160=AXIS2_PLACEMENT_3D('',#56130,#56140,#56150);
#56170=PLANE('',#56160);
#56180=ORIENTED_EDGE('',*,*,#45150,.T.);
#56190=CARTESIAN_POINT('',(1.29527943926178E-10,34.9160263978428,
-29.4071922387024));
#56200=DIRECTION('',(-0.923879532509823,-4.19544954333162E-12,
-0.382683432368623));
#56210=VECTOR('',#56200,1.);
#56220=LINE('',#56190,#56210);
#56230=EDGE_CURVE('',#45060,#46260,#56220,.T.);
#56240=ORIENTED_EDGE('',*,*,#56230,.F.);
#56250=ORIENTED_EDGE('',*,*,#46270,.T.);
#56260=CARTESIAN_POINT('',(1.29527943926178E-10,34.8660264436102,
-29.4071922387021));
#56270=DIRECTION('',(0.923879532509823,2.11641815184294E-12,
0.382683432368623));
#56280=VECTOR('',#56270,1.);
#56290=LINE('',#56260,#56280);
#56300=EDGE_CURVE('',#46180,#45140,#56290,.T.);
#56310=ORIENTED_EDGE('',*,*,#56300,.F.);
#56320=EDGE_LOOP('',(#56310,#56250,#56240,#56180));
#56330=FACE_OUTER_BOUND('',#56320,.T.);
#56340=ADVANCED_FACE('',(#56330),#56170,.T.);
#56350=COLOUR_RGB('',0.501960813999176,1.,0.501960813999176);
#56360=FILL_AREA_STYLE_COLOUR('',#56350);
#56370=FILL_AREA_STYLE('',(#56360));
#56380=SURFACE_STYLE_FILL_AREA(#56370);
#56390=SURFACE_SIDE_STYLE('',(#56380));
#56400=SURFACE_STYLE_USAGE(.BOTH.,#56390);
#56410=PRESENTATION_STYLE_ASSIGNMENT((#56400));
#56420=CARTESIAN_POINT('',(13.2645706938229,34.8660264436199,
-27.7347499003385));
#56430=DIRECTION('',(-5.63438184790947E-14,1.,-5.39449356086201E-12));
#56440=DIRECTION('',(-1.,-5.63438184997267E-14,-3.82463897909652E-12));
#56450=AXIS2_PLACEMENT_3D('',#56420,#56430,#56440);
#56460=PLANE('',#56450);
#56470=CARTESIAN_POINT('',(16.1444853742901,34.8660264436314,
-25.6347499003106));
#56480=DIRECTION('',(-5.55111512312578E-17,1.,-5.39443232852189E-12));
#56490=DIRECTION('',(1.33183008702767E-12,-5.39443232852189E-12,-1.));
#56500=AXIS2_PLACEMENT_3D('',#56470,#56480,#56490);
#56510=CIRCLE('',#56500,1.25);
#56520=CARTESIAN_POINT('',(15.9444859100108,34.8660264436248,
-26.8686462550698));
#56530=VERTEX_POINT('',#56520);
#56540=CARTESIAN_POINT('',(15.9444859100094,34.8660264436381,
-24.4008535455516));
#56550=VERTEX_POINT('',#56540);
#56560=EDGE_CURVE('',#56530,#56550,#56510,.T.);
#56570=ORIENTED_EDGE('',*,*,#56560,.F.);
#56580=CARTESIAN_POINT('',(15.9444859100039,34.8660264436877,
-15.1999999621631));
#56590=DIRECTION('',(5.96996465782365E-13,-5.39449356086198E-12,-1.));
#56600=VECTOR('',#56590,1.);
#56610=LINE('',#56580,#56600);
#56620=CARTESIAN_POINT('',(15.9444859100085,34.8660264436467,
-22.8027699296921));
#56630=VERTEX_POINT('',#56620);
#56640=EDGE_CURVE('',#56630,#56550,#56610,.T.);
#56650=ORIENTED_EDGE('',*,*,#56640,.T.);
#56660=EDGE_CURVE('',#45140,#56630,#56290,.T.);
#56670=ORIENTED_EDGE('',*,*,#56660,.T.);
#56680=ORIENTED_EDGE('',*,*,#56300,.T.);
#56690=ORIENTED_EDGE('',*,*,#46190,.T.);
#56700=CARTESIAN_POINT('',(1.29527943926178E-10,34.8660264436509,
-21.8623075620488));
#56710=DIRECTION('',(0.923879532512402,-2.01230698770871E-12,
-0.382683432362398));
#56720=VECTOR('',#56710,1.);
#56730=LINE('',#56700,#56720);
#56740=CARTESIAN_POINT('',(15.8780497507463,34.8660264436163,
-28.4392111127348));
#56750=VERTEX_POINT('',#56740);
#56760=EDGE_CURVE('',#46160,#56750,#56730,.T.);
#56770=ORIENTED_EDGE('',*,*,#56760,.F.);
#56780=CARTESIAN_POINT('',(1.29527943926178E-10,34.8660264436509,
-21.8623075620488));
#56790=DIRECTION('',(0.923879532512402,-2.01230698770871E-12,
-0.382683432362398));
#56800=VECTOR('',#56790,1.);
#56810=LINE('',#56780,#56800);
#56820=CARTESIAN_POINT('',(15.9444859100118,34.8660264436161,
-28.4667298709343));
#56830=VERTEX_POINT('',#56820);
#56840=EDGE_CURVE('',#56750,#56830,#56810,.T.);
#56850=ORIENTED_EDGE('',*,*,#56840,.F.);
#56860=EDGE_CURVE('',#56530,#56830,#56610,.T.);
#56870=ORIENTED_EDGE('',*,*,#56860,.T.);
#56880=EDGE_LOOP('',(#56870,#56850,#56770,#56690,#56680,#56670,#56650,
#56570));
#56890=FACE_OUTER_BOUND('',#56880,.T.);
#56900=ADVANCED_FACE('',(#56890),#56460,.T.);
#56910=COLOUR_RGB('',1.,0.709803938865662,0.);
#56920=FILL_AREA_STYLE_COLOUR('',#56910);
#56930=FILL_AREA_STYLE('',(#56920));
#56940=SURFACE_STYLE_FILL_AREA(#56930);
#56950=SURFACE_SIDE_STYLE('',(#56940));
#56960=SURFACE_STYLE_USAGE(.BOTH.,#56950);
#56970=PRESENTATION_STYLE_ASSIGNMENT((#56960));
#56980=CARTESIAN_POINT('',(13.694487173422,26.6220600613142,
-27.5347498788841));
#56990=DIRECTION('',(-0.382683432362398,-4.49459508293818E-12,
-0.923879532512402));
#57000=DIRECTION('',(-1.03173025678416E-12,-1.,5.29227132630612E-12));
#57010=AXIS2_PLACEMENT_3D('',#56980,#56990,#57000);
#57020=PLANE('',#57010);
#57030=ORIENTED_EDGE('',*,*,#56760,.T.);
#57040=ORIENTED_EDGE('',*,*,#46410,.F.);
#57050=CARTESIAN_POINT('',(1.29527943926178E-10,34.9160263979049,
-21.862307562049));
#57060=DIRECTION('',(-0.923879532512402,7.38853422888042E-14,
0.382683432362398));
#57070=VECTOR('',#57060,1.);
#57080=LINE('',#57050,#57070);
#57090=CARTESIAN_POINT('',(15.5944859103359,34.9160263979036,
-28.3217551242394));
#57100=VERTEX_POINT('',#57090);
#57110=EDGE_CURVE('',#57100,#46340,#57080,.T.);
#57120=ORIENTED_EDGE('',*,*,#57110,.T.);
#57130=CARTESIAN_POINT('',(1.29527943926178E-10,37.6657549293199,
-21.8623075620624));
#57140=DIRECTION('',(-0.91185929708689,0.160785391726627,
0.377704487825493));
#57150=VECTOR('',#57140,1.);
#57160=LINE('',#57130,#57150);
#57170=EDGE_CURVE('',#56750,#57100,#57160,.T.);
#57180=ORIENTED_EDGE('',*,*,#57170,.T.);
#57190=EDGE_LOOP('',(#57180,#57120,#57040,#57030));
#57200=FACE_OUTER_BOUND('',#57190,.T.);
#57210=ADVANCED_FACE('',(#57200),#57020,.F.);
#57220=CARTESIAN_POINT('',(13.694487173422,26.6220600613142,
-27.5347498788841));
#57230=DIRECTION('',(-0.382683432362398,-4.49459508293818E-12,
-0.923879532512402));
#57240=DIRECTION('',(-1.03173025678416E-12,-1.,5.29227132630612E-12));
#57250=AXIS2_PLACEMENT_3D('',#57220,#57230,#57240);
#57260=PLANE('',#57250);
#57270=CARTESIAN_POINT('',(1.29527943926178E-10,37.6657549293199,
-21.8623075620624));
#57280=DIRECTION('',(0.91185929708689,-0.160785391726627,
-0.377704487825493));
#57290=VECTOR('',#57280,1.);
#57300=LINE('',#57270,#57290);
#57310=EDGE_CURVE('',#56750,#35890,#57300,.T.);
#57320=ORIENTED_EDGE('',*,*,#57310,.F.);
#57330=ORIENTED_EDGE('',*,*,#35920,.F.);
#57340=CARTESIAN_POINT('',(1.29527943926178E-10,37.6774694163315,
-21.8623075620624));
#57350=DIRECTION('',(-0.91185929708689,0.160785391726627,
0.377704487825493));
#57360=VECTOR('',#57350,1.);
#57370=LINE('',#57340,#57360);
#57380=EDGE_CURVE('',#35910,#56830,#57370,.T.);
#57390=ORIENTED_EDGE('',*,*,#57380,.F.);
#57400=ORIENTED_EDGE('',*,*,#56840,.T.);
#57410=EDGE_LOOP('',(#57400,#57390,#57330,#57320));
#57420=FACE_OUTER_BOUND('',#57410,.T.);
#57430=ADVANCED_FACE('',(#57420),#57260,.T.);
#57440=COLOUR_RGB('',1.,0.709803938865662,0.);
#57450=FILL_AREA_STYLE_COLOUR('',#57440);
#57460=FILL_AREA_STYLE('',(#57450));
#57470=SURFACE_STYLE_FILL_AREA(#57460);
#57480=SURFACE_SIDE_STYLE('',(#57470));
#57490=SURFACE_STYLE_USAGE(.BOTH.,#57480);
#57500=PRESENTATION_STYLE_ASSIGNMENT((#57490));
#57510=CARTESIAN_POINT('',(17.2732985279425,25.9910190606302,
-30.8347499217385));
#57520=DIRECTION('',(-6.57113252700015E-13,-1.,5.11929580817723E-12));
#57530=DIRECTION('',(1.,-6.57113252700015E-13,-1.39166380387081E-13));
#57540=AXIS2_PLACEMENT_3D('',#57510,#57520,#57530);
#57550=CYLINDRICAL_SURFACE('',#57540,1.);
#57560=CARTESIAN_POINT('',(17.2732985279403,25.9910190606353,
-29.8347499217385));
#57570=DIRECTION('',(-6.57113252700015E-13,-1.,5.11929580817723E-12));
#57580=VECTOR('',#57570,1.);
#57590=LINE('',#57560,#57580);
#57600=CARTESIAN_POINT('',(17.273298527946,34.6317209339931,
-29.8347499217827));
#57610=VERTEX_POINT('',#57600);
#57620=CARTESIAN_POINT('',(17.273298527946,34.6200064469814,
-29.8347499217826));
#57630=VERTEX_POINT('',#57620);
#57640=EDGE_CURVE('',#57610,#57630,#57590,.T.);
#57650=ORIENTED_EDGE('',*,*,#57640,.F.);
#57660=CARTESIAN_POINT('',(17.2732985279482,34.6200064469758,
-30.8347499217826));
#57670=DIRECTION('',(0.173648172469936,0.984807753928578,
-5.20887174200054E-12));
#57680=DIRECTION('',(-0.984807753928578,0.173648172469936,
6.01300458074576E-14));
#57690=AXIS2_PLACEMENT_3D('',#57660,#57670,#57680);
#57700=ELLIPSE('',#57690,1.01542661094077,1.);
#57710=CARTESIAN_POINT('',(16.8906150955796,34.6874838590951,
-29.9108703892732));
#57720=VERTEX_POINT('',#57710);
#57730=EDGE_CURVE('',#57720,#57630,#57700,.T.);
#57740=ORIENTED_EDGE('',*,*,#57730,.T.);
#57750=CARTESIAN_POINT('',(16.8906150955739,25.9910190606352,
-29.9108703892286));
#57760=DIRECTION('',(-6.57113252700015E-13,-1.,5.11929580817723E-12));
#57770=VECTOR('',#57760,1.);
#57780=LINE('',#57750,#57770);
#57790=CARTESIAN_POINT('',(16.8906150955796,34.6991983461067,
-29.9108703892732));
#57800=VERTEX_POINT('',#57790);
#57810=EDGE_CURVE('',#57800,#57720,#57780,.T.);
#57820=ORIENTED_EDGE('',*,*,#57810,.T.);
#57830=CARTESIAN_POINT('',(17.2732985279482,34.6317209339874,
-30.8347499217827));
#57840=DIRECTION('',(0.173648172469936,0.984807753928579,
-5.20887174200054E-12));
#57850=DIRECTION('',(-0.984807753928579,0.173648172469936,
6.01300458074653E-14));
#57860=AXIS2_PLACEMENT_3D('',#57830,#57840,#57850);
#57870=ELLIPSE('',#57860,1.01542661094077,1.);
#57880=EDGE_CURVE('',#57800,#57610,#57870,.T.);
#57890=ORIENTED_EDGE('',*,*,#57880,.F.);
#57900=EDGE_LOOP('',(#57890,#57820,#57740,#57650));
#57910=FACE_OUTER_BOUND('',#57900,.T.);
#57920=ADVANCED_FACE('',(#57910),#57550,.T.);
#57930=COLOUR_RGB('',1.,0.709803938865662,0.);
#57940=FILL_AREA_STYLE_COLOUR('',#57930);
#57950=FILL_AREA_STYLE('',(#57940));
#57960=SURFACE_STYLE_FILL_AREA(#57950);
#57970=SURFACE_SIDE_STYLE('',(#57960));
#57980=SURFACE_STYLE_USAGE(.BOTH.,#57970);
#57990=PRESENTATION_STYLE_ASSIGNMENT((#57980));
#58000=CARTESIAN_POINT('',(16.8357398906429,34.7088743250316,
-25.6347499003134));
#58010=DIRECTION('',(0.173648172469936,0.984807753928578,
-5.20887174200054E-12));
#58020=DIRECTION('',(5.6377453040902E-13,-5.38863563748507E-12,-1.));
#58030=AXIS2_PLACEMENT_3D('',#58000,#58010,#58020);
#58040=PLANE('',#58030);
#58050=CARTESIAN_POINT('',(1.29527943926178E-10,37.6774694163232,
-23.4347498999991));
#58060=DIRECTION('',(0.984807753928578,-0.173648172469936,
-3.79186543275623E-11));
#58070=VECTOR('',#58060,1.);
#58080=LINE('',#58050,#58070);
#58090=CARTESIAN_POINT('',(18.5944857172581,34.3987599931723,
-23.4347499007151));
#58100=VERTEX_POINT('',#58090);
#58110=CARTESIAN_POINT('',(22.4581972014322,33.7174834338626,
-23.4347499008638));
#58120=VERTEX_POINT('',#58110);
#58130=EDGE_CURVE('',#58100,#58120,#58080,.T.);
#58140=ORIENTED_EDGE('',*,*,#58130,.F.);
#58150=CARTESIAN_POINT('',(22.458197200972,33.7174834339873,
-15.1999999621631));
#58160=DIRECTION('',(5.58885397152337E-11,-1.51438841398947E-11,-1.));
#58170=VECTOR('',#58160,1.);
#58180=LINE('',#58150,#58170);
#58190=CARTESIAN_POINT('',(22.4581972016781,33.717483433796,
-27.8347502165797));
#58200=VERTEX_POINT('',#58190);
#58210=EDGE_CURVE('',#58120,#58200,#58180,.T.);
#58220=ORIENTED_EDGE('',*,*,#58210,.F.);
#58230=CARTESIAN_POINT('',(1.29527943926178E-10,37.6774694162999,
-27.8347502179376));
#58240=DIRECTION('',(-0.984807753928578,0.173648172469936,
-5.95423710336718E-11));
#58250=VECTOR('',#58240,1.);
#58260=LINE('',#58230,#58250);
#58270=CARTESIAN_POINT('',(18.594485717509,34.3987599931048,
-27.8347502168133));
#58280=VERTEX_POINT('',#58270);
#58290=EDGE_CURVE('',#58200,#58280,#58260,.T.);
#58300=ORIENTED_EDGE('',*,*,#58290,.F.);
#58310=CARTESIAN_POINT('',(18.5944857167884,34.3987599932987,
-15.1999999621631));
#58320=DIRECTION('',(-5.70357217027353E-11,1.53461632698319E-11,1.));
#58330=VECTOR('',#58320,1.);
#58340=LINE('',#58310,#58330);
#58350=EDGE_CURVE('',#58280,#58100,#58340,.T.);
#58360=ORIENTED_EDGE('',*,*,#58350,.F.);
#58370=EDGE_LOOP('',(#58360,#58300,#58220,#58140));
#58380=FACE_BOUND('',#58370,.T.);
#58390=ORIENTED_EDGE('',*,*,#57380,.T.);
#58400=ORIENTED_EDGE('',*,*,#36160,.T.);
#58410=ORIENTED_EDGE('',*,*,#54610,.T.);
#58420=CARTESIAN_POINT('',(23.3482839786751,33.5605371246769,
-28.934749878843));
#58430=DIRECTION('',(2.14618160360293E-12,-5.11928974526717E-12,-1.));
#58440=VECTOR('',#58430,1.);
#58450=LINE('',#58420,#58440);
#58460=CARTESIAN_POINT('',(23.3482839786612,33.5605371247125,
-22.3347499217642));
#58470=VERTEX_POINT('',#58460);
#58480=EDGE_CURVE('',#58470,#54540,#58450,.T.);
#58490=ORIENTED_EDGE('',*,*,#58480,.T.);
#58500=CARTESIAN_POINT('',(14.2278011936572,35.1687242671709,
-22.334749921792));
#58510=DIRECTION('',(0.984807753928579,-0.173648172469936,
3.00253159317649E-12));
#58520=VECTOR('',#58510,1.);
#58530=LINE('',#58500,#58520);
#58540=CARTESIAN_POINT('',(17.2732985279296,34.6317209340342,
-22.3347499217827));
#58550=VERTEX_POINT('',#58540);
#58560=EDGE_CURVE('',#58550,#58470,#58530,.T.);
#58570=ORIENTED_EDGE('',*,*,#58560,.T.);
#58580=CARTESIAN_POINT('',(17.2732985279317,34.6317209340285,
-23.3347499217827));
#58590=DIRECTION('',(0.173648172469936,0.984807753928579,
-5.20887174200054E-12));
#58600=DIRECTION('',(-0.984807753928579,0.173648172469936,
6.01300458074653E-14));
#58610=AXIS2_PLACEMENT_3D('',#58580,#58590,#58600);
#58620=ELLIPSE('',#58610,1.01542661094077,1.);
#58630=CARTESIAN_POINT('',(16.8906150955632,34.6991983461478,
-22.4108703892732));
#58640=VERTEX_POINT('',#58630);
#58650=EDGE_CURVE('',#58640,#58550,#58620,.T.);
#58660=ORIENTED_EDGE('',*,*,#58650,.T.);
#58670=CARTESIAN_POINT('',(1.29527943926178E-10,37.6774694162916,
-29.4071922387173));
#58680=DIRECTION('',(-0.911859297084429,0.160785391722198,
-0.37770448783332));
#58690=VECTOR('',#58680,1.);
#58700=LINE('',#58670,#58690);
#58710=EDGE_CURVE('',#58640,#56630,#58700,.T.);
#58720=ORIENTED_EDGE('',*,*,#58710,.F.);
#58730=ORIENTED_EDGE('',*,*,#56640,.F.);
#58740=CARTESIAN_POINT('',(16.14448537429,34.8307611430399,
-25.6347499003104));
#58750=DIRECTION('',(0.173648172469936,0.984807753928578,
-5.20887174200054E-12));
#58760=DIRECTION('',(-0.984807753928578,0.173648172469936,
-1.52431807381167E-12));
#58770=AXIS2_PLACEMENT_3D('',#58740,#58750,#58760);
#58780=ELLIPSE('',#58770,1.2692832636761,1.25);
#58790=CARTESIAN_POINT('',(16.1444853742884,34.8307611430468,
-24.3847499003104));
#58800=VERTEX_POINT('',#58790);
#58810=EDGE_CURVE('',#56550,#58800,#58780,.T.);
#58820=ORIENTED_EDGE('',*,*,#58810,.F.);
#58830=CARTESIAN_POINT('',(16.1444853742917,34.830761143033,
-26.8847499003104));
#58840=VERTEX_POINT('',#58830);
#58850=EDGE_CURVE('',#58800,#58840,#58780,.T.);
#58860=ORIENTED_EDGE('',*,*,#58850,.F.);
#58870=EDGE_CURVE('',#58840,#56530,#58780,.T.);
#58880=ORIENTED_EDGE('',*,*,#58870,.F.);
#58890=ORIENTED_EDGE('',*,*,#56860,.F.);
#58900=EDGE_LOOP('',(#58890,#58880,#58860,#58820,#58730,#58720,#58660,
#58570,#58490,#58410,#58400,#58390));
#58910=FACE_OUTER_BOUND('',#58900,.T.);
#58920=ADVANCED_FACE('',(#58380,#58910),#58040,.T.);
#58930=COLOUR_RGB('',1.,0.709803938865662,0.);
#58940=FILL_AREA_STYLE_COLOUR('',#58930);
#58950=FILL_AREA_STYLE('',(#58940));
#58960=SURFACE_STYLE_FILL_AREA(#58950);
#58970=SURFACE_SIDE_STYLE('',(#58960));
#58980=SURFACE_STYLE_USAGE(.BOTH.,#58970);
#58990=PRESENTATION_STYLE_ASSIGNMENT((#58980));
#59000=CARTESIAN_POINT('',(18.5944857175024,34.4885881672143,
-27.7347502168151));
#59010=DIRECTION('',(-1.,-1.0449197064275E-11,-5.70357217025749E-11));
#59020=DIRECTION('',(1.0449197063167E-11,-1.,1.94252256035333E-11));
#59030=AXIS2_PLACEMENT_3D('',#59000,#59010,#59020);
#59040=PLANE('',#59030);
#59050=CARTESIAN_POINT('',(18.5944857178737,-5.87050408284995E-11,
-27.8347502161451));
#59060=DIRECTION('',(1.0449197063167E-11,-1.,1.94252256035333E-11));
#59070=VECTOR('',#59060,1.);
#59080=LINE('',#59050,#59070);
#59090=CARTESIAN_POINT('',(18.5944857175081,34.4885881672123,
-27.8347502168151));
#59100=VERTEX_POINT('',#59090);
#59110=EDGE_CURVE('',#59100,#58280,#59080,.T.);
#59120=ORIENTED_EDGE('',*,*,#59110,.T.);
#59130=CARTESIAN_POINT('',(18.5944857175024,34.4885881672143,
-27.7347502168151));
#59140=DIRECTION('',(5.70357217027779E-11,-1.94252256029374E-11,-1.));
#59150=VECTOR('',#59140,1.);
#59160=LINE('',#59130,#59150);
#59170=CARTESIAN_POINT('',(18.5944857174967,34.4885881672162,
-27.6347501958452));
#59180=VERTEX_POINT('',#59170);
#59190=EDGE_CURVE('',#59180,#59100,#59160,.T.);
#59200=ORIENTED_EDGE('',*,*,#59190,.T.);
#59210=CARTESIAN_POINT('',(18.5944857175472,34.4885881671929,
-15.1999999621631));
#59220=DIRECTION('',(-4.06183618909189E-12,1.87351310607161E-12,-1.));
#59230=VECTOR('',#59220,1.);
#59240=LINE('',#59210,#59230);
#59250=CARTESIAN_POINT('',(18.5944857175137,34.4885881672084,
-23.4347499007165));
#59260=VERTEX_POINT('',#59250);
#59270=EDGE_CURVE('',#59260,#59180,#59240,.T.);
#59280=ORIENTED_EDGE('',*,*,#59270,.T.);
#59290=CARTESIAN_POINT('',(18.5944857178738,-5.48183720638917E-11,
-23.4347499006303));
#59300=DIRECTION('',(-1.04491970631727E-11,1.,-2.5012942213716E-12));
#59310=VECTOR('',#59300,1.);
#59320=LINE('',#59290,#59310);
#59330=EDGE_CURVE('',#58100,#59260,#59320,.T.);
#59340=ORIENTED_EDGE('',*,*,#59330,.T.);
#59350=ORIENTED_EDGE('',*,*,#58350,.T.);
#59360=EDGE_LOOP('',(#59350,#59340,#59280,#59200,#59120));
#59370=FACE_OUTER_BOUND('',#59360,.T.);
#59380=ADVANCED_FACE('',(#59370),#59040,.T.);
#59390=CARTESIAN_POINT('',(18.5944857175129,34.4885881672087,
-23.6347495625201));
#59400=DIRECTION('',(0.173648172469936,0.984807753928578,
1.13971980283808E-12));
#59410=DIRECTION('',(0.984807753928578,-0.173648172469936,
-4.32546460268904E-12));
#59420=AXIS2_PLACEMENT_3D('',#59390,#59400,#59410);
#59430=PLANE('',#59420);
#59440=ORIENTED_EDGE('',*,*,#59190,.F.);
#59450=CARTESIAN_POINT('',(1.40932154835127E-10,37.7672975904053,
-27.8347502179393));
#59460=DIRECTION('',(0.984807753928578,-0.173648172469936,
5.95423759095745E-11));
#59470=VECTOR('',#59460,1.);
#59480=LINE('',#59450,#59470);
#59490=CARTESIAN_POINT('',(22.4329342233525,33.8117661524578,
-27.834750216583));
#59500=VERTEX_POINT('',#59490);
#59510=EDGE_CURVE('',#59100,#59500,#59480,.T.);
#59520=ORIENTED_EDGE('',*,*,#59510,.F.);
#59530=CARTESIAN_POINT('',(22.4329342226318,33.8117661527032,
-15.1999999621631));
#59540=DIRECTION('',(5.70357217027779E-11,-1.94252256029374E-11,-1.));
#59550=VECTOR('',#59540,1.);
#59560=LINE('',#59530,#59550);
#59570=CARTESIAN_POINT('',(22.4329342233411,33.8117661524617,
-27.6347501956131));
#59580=VERTEX_POINT('',#59570);
#59590=EDGE_CURVE('',#59580,#59500,#59560,.T.);
#59600=ORIENTED_EDGE('',*,*,#59590,.T.);
#59610=CARTESIAN_POINT('',(22.4329342233237,33.8117661524504,
-15.1999999621631));
#59620=DIRECTION('',(1.39573853224362E-12,9.11195463163649E-13,-1.));
#59630=VECTOR('',#59620,1.);
#59640=LINE('',#59610,#59630);
#59650=CARTESIAN_POINT('',(22.4329342233352,33.8117661524579,
-23.4347499008643));
#59660=VERTEX_POINT('',#59650);
#59670=EDGE_CURVE('',#59660,#59580,#59640,.T.);
#59680=ORIENTED_EDGE('',*,*,#59670,.T.);
#59690=CARTESIAN_POINT('',(1.29527943926178E-10,37.7672975904043,
-23.4347499000006));
#59700=DIRECTION('',(-0.984807753928578,0.173648172469936,
3.79186404497744E-11));
#59710=VECTOR('',#59700,1.);
#59720=LINE('',#59690,#59710);
#59730=EDGE_CURVE('',#59660,#59260,#59720,.T.);
#59740=ORIENTED_EDGE('',*,*,#59730,.F.);
#59750=ORIENTED_EDGE('',*,*,#59270,.F.);
#59760=EDGE_LOOP('',(#59750,#59740,#59680,#59600,#59520,#59440));
#59770=FACE_OUTER_BOUND('',#59760,.T.);
#59780=ADVANCED_FACE('',(#59770),#59430,.T.);
#59790=CARTESIAN_POINT('',(22.4581972016726,33.7174834337971,
-27.7347502165797));
#59800=DIRECTION('',(0.965925826289069,0.25881904510252,
5.00646582722958E-11));
#59810=DIRECTION('',(-0.25881904510252,0.965925826289069,
-3.35252581192149E-11));
#59820=AXIS2_PLACEMENT_3D('',#59790,#59800,#59810);
#59830=PLANE('',#59820);
#59840=CARTESIAN_POINT('',(31.4927696585709,-5.48183720638917E-11,
-23.4347499006881));
#59850=DIRECTION('',(0.25881904510252,-0.965925826289069,
5.0341814050725E-12));
#59860=VECTOR('',#59850,1.);
#59870=LINE('',#59840,#59860);
#59880=EDGE_CURVE('',#59660,#58120,#59870,.T.);
#59890=ORIENTED_EDGE('',*,*,#59880,.T.);
#59900=ORIENTED_EDGE('',*,*,#59670,.F.);
#59910=ORIENTED_EDGE('',*,*,#59590,.F.);
#59920=CARTESIAN_POINT('',(31.4927696585892,-5.87121462558571E-11,
-27.8347502154095));
#59930=DIRECTION('',(-0.25881904510252,0.965925826289069,
-3.35252581192149E-11));
#59940=VECTOR('',#59930,1.);
#59950=LINE('',#59920,#59940);
#59960=EDGE_CURVE('',#58200,#59500,#59950,.T.);
#59970=ORIENTED_EDGE('',*,*,#59960,.T.);
#59980=ORIENTED_EDGE('',*,*,#58210,.T.);
#59990=EDGE_LOOP('',(#59980,#59970,#59910,#59900,#59890));
#60000=FACE_OUTER_BOUND('',#59990,.T.);
#60010=ADVANCED_FACE('',(#60000),#59830,.T.);
#60020=CARTESIAN_POINT('',(16.573911035284,20.2287372001443,
-23.4347499004005));
#60030=DIRECTION('',(-4.13775374325647E-11,-1.62988306776861E-11,-1.));
#60040=DIRECTION('',(-1.,-2.76408288625059E-11,4.13775374330152E-11));
#60050=AXIS2_PLACEMENT_3D('',#60020,#60030,#60040);
#60060=PLANE('',#60050);
#60070=ORIENTED_EDGE('',*,*,#59330,.F.);
#60080=ORIENTED_EDGE('',*,*,#59730,.T.);
#60090=ORIENTED_EDGE('',*,*,#59880,.F.);
#60100=ORIENTED_EDGE('',*,*,#58130,.T.);
#60110=EDGE_LOOP('',(#60100,#60090,#60080,#60070));
#60120=FACE_OUTER_BOUND('',#60110,.T.);
#60130=ADVANCED_FACE('',(#60120),#60060,.F.);
#60140=CARTESIAN_POINT('',(20.6029579405142,33.9313550130121,
-27.8347502166897));
#60150=DIRECTION('',(5.70357217027779E-11,-1.94252256029374E-11,-1.));
#60160=DIRECTION('',(-0.173648172469936,-0.984807753928578,
9.2259639563934E-12));
#60170=AXIS2_PLACEMENT_3D('',#60140,#60150,#60160);
#60180=PLANE('',#60170);
#60190=ORIENTED_EDGE('',*,*,#59510,.T.);
#60200=ORIENTED_EDGE('',*,*,#59110,.F.);
#60210=ORIENTED_EDGE('',*,*,#58290,.T.);
#60220=ORIENTED_EDGE('',*,*,#59960,.F.);
#60230=EDGE_LOOP('',(#60220,#60210,#60200,#60190));
#60240=FACE_OUTER_BOUND('',#60230,.T.);
#60250=ADVANCED_FACE('',(#60240),#60180,.T.);
#60260=CARTESIAN_POINT('',(17.2732985279261,25.9910190606713,
-23.3347499217385));
#60270=DIRECTION('',(-6.57113252700015E-13,-1.,5.11929580817723E-12));
#60280=DIRECTION('',(1.,-6.57113252700015E-13,-1.39166380387081E-13));
#60290=AXIS2_PLACEMENT_3D('',#60260,#60270,#60280);
#60300=CYLINDRICAL_SURFACE('',#60290,1.);
#60310=CARTESIAN_POINT('',(17.2732985279239,25.9910190606764,
-22.3347499217385));
#60320=DIRECTION('',(-6.57113252700015E-13,-1.,5.11929580817723E-12));
#60330=VECTOR('',#60320,1.);
#60340=LINE('',#60310,#60330);
#60350=EDGE_CURVE('',#58550,#45270,#60340,.T.);
#60360=ORIENTED_EDGE('',*,*,#60350,.F.);
#60370=ORIENTED_EDGE('',*,*,#45280,.T.);
#60380=CARTESIAN_POINT('',(16.8906150955574,25.9910190606763,
-22.4108703892286));
#60390=DIRECTION('',(-6.57113252700015E-13,-1.,5.11929580817723E-12));
#60400=VECTOR('',#60390,1.);
#60410=LINE('',#60380,#60400);
#60420=EDGE_CURVE('',#58640,#45180,#60410,.T.);
#60430=ORIENTED_EDGE('',*,*,#60420,.T.);
#60440=ORIENTED_EDGE('',*,*,#58650,.F.);
#60450=EDGE_LOOP('',(#60440,#60430,#60370,#60360));
#60460=FACE_OUTER_BOUND('',#60450,.T.);
#60470=ADVANCED_FACE('',(#60460),#60300,.T.);
#60480=COLOUR_RGB('',1.,0.709803938865662,0.);
#60490=FILL_AREA_STYLE_COLOUR('',#60480);
#60500=FILL_AREA_STYLE('',(#60490));
#60510=SURFACE_STYLE_FILL_AREA(#60500);
#60520=SURFACE_SIDE_STYLE('',(#60510));
#60530=SURFACE_STYLE_USAGE(.BOTH.,#60520);
#60540=PRESENTATION_STYLE_ASSIGNMENT((#60530));
#60550=CARTESIAN_POINT('',(13.6944871734456,26.6220600613296,
-23.7347499216644));
#60560=DIRECTION('',(0.382683432368623,-4.98106447614114E-12,
-0.923879532509823));
#60570=DIRECTION('',(-1.31145094783847E-13,1.,-5.445787415036E-12));
#60580=AXIS2_PLACEMENT_3D('',#60550,#60560,#60570);
#60590=PLANE('',#60580);
#60600=ORIENTED_EDGE('',*,*,#56660,.F.);
#60610=ORIENTED_EDGE('',*,*,#58710,.T.);
#60620=ORIENTED_EDGE('',*,*,#60420,.F.);
#60630=ORIENTED_EDGE('',*,*,#45190,.T.);
#60640=EDGE_LOOP('',(#60630,#60620,#60610,#60600));
#60650=FACE_OUTER_BOUND('',#60640,.T.);
#60660=ADVANCED_FACE('',(#60650),#60590,.F.);
#60670=COLOUR_RGB('',1.,0.709803938865662,0.);
#60680=FILL_AREA_STYLE_COLOUR('',#60670);
#60690=FILL_AREA_STYLE('',(#60680));
#60700=SURFACE_STYLE_FILL_AREA(#60690);
#60710=SURFACE_SIDE_STYLE('',(#60700));
#60720=SURFACE_STYLE_USAGE(.BOTH.,#60710);
#60730=PRESENTATION_STYLE_ASSIGNMENT((#60720));
#60740=CARTESIAN_POINT('',(16.1444853742901,18.7541029140271,
-25.6347499002237));
#60750=DIRECTION('',(-5.55111512312578E-17,1.,-5.39443232852189E-12));
#60760=DIRECTION('',(1.33183008702767E-12,-5.39443232852189E-12,-1.));
#60770=AXIS2_PLACEMENT_3D('',#60740,#60750,#60760);
#60780=CYLINDRICAL_SURFACE('',#60770,1.25);
#60790=CARTESIAN_POINT('',(16.1444853742917,18.7541029140203,
-26.8847499002237));
#60800=DIRECTION('',(-5.55111512312578E-17,1.,-5.39443232852189E-12));
#60810=VECTOR('',#60800,1.);
#60820=LINE('',#60790,#60810);
#60830=CARTESIAN_POINT('',(16.1444853742917,28.9624364615958,
-26.8847499002787));
#60840=VERTEX_POINT('',#60830);
#60850=EDGE_CURVE('',#60840,#58840,#60820,.T.);
#60860=ORIENTED_EDGE('',*,*,#60850,.F.);
#60870=ORIENTED_EDGE('',*,*,#58850,.T.);
#60880=CARTESIAN_POINT('',(16.1444853742884,18.7541029140338,
-24.3847499002237));
#60890=DIRECTION('',(-5.55111512312578E-17,1.,-5.39443232852189E-12));
#60900=VECTOR('',#60890,1.);
#60910=LINE('',#60880,#60900);
#60920=CARTESIAN_POINT('',(16.1444853742884,28.9624364616094,
-24.3847499002787));
#60930=VERTEX_POINT('',#60920);
#60940=EDGE_CURVE('',#60930,#58800,#60910,.T.);
#60950=ORIENTED_EDGE('',*,*,#60940,.T.);
#60960=CARTESIAN_POINT('',(16.1444853742901,28.9624364616026,
-25.6347499002787));
#60970=DIRECTION('',(0.258819045092524,-0.965925826291747,
5.61919001149628E-12));
#60980=DIRECTION('',(0.965925826291747,0.258819045092524,
1.28616603198904E-13));
#60990=AXIS2_PLACEMENT_3D('',#60960,#60970,#60980);
#61000=ELLIPSE('',#60990,1.29409522550902,1.25);
#61010=CARTESIAN_POINT('',(17.3944853742901,29.2973729521276,
-25.6347499002786));
#61020=VERTEX_POINT('',#61010);
#61030=EDGE_CURVE('',#61020,#60930,#61000,.T.);
#61040=ORIENTED_EDGE('',*,*,#61030,.T.);
#61050=EDGE_CURVE('',#60840,#61020,#61000,.T.);
#61060=ORIENTED_EDGE('',*,*,#61050,.T.);
#61070=EDGE_LOOP('',(#61060,#61040,#60950,#60870,#60860));
#61080=FACE_OUTER_BOUND('',#61070,.T.);
#61090=ADVANCED_FACE('',(#61080),#60780,.F.);
#61100=COLOUR_RGB('',1.,0.709803938865662,0.);
#61110=FILL_AREA_STYLE_COLOUR('',#61100);
#61120=FILL_AREA_STYLE('',(#61110));
#61130=SURFACE_STYLE_FILL_AREA(#61120);
#61140=SURFACE_SIDE_STYLE('',(#61130));
#61150=SURFACE_STYLE_USAGE(.BOTH.,#61140);
#61160=PRESENTATION_STYLE_ASSIGNMENT((#61150));
#61170=CARTESIAN_POINT('',(13.6576019798027,28.2960780644069,
-25.6345464252538));
#61180=DIRECTION('',(0.258819045092524,-0.965925826291747,
5.61919001149628E-12));
#61190=DIRECTION('',(6.50189239466172E-13,-5.64319589044907E-12,-1.));
#61200=AXIS2_PLACEMENT_3D('',#61170,#61180,#61190);
#61210=PLANE('',#61200);
#61220=ORIENTED_EDGE('',*,*,#61030,.F.);
#61230=EDGE_CURVE('',#60930,#60840,#61000,.T.);
#61240=ORIENTED_EDGE('',*,*,#61230,.F.);
#61250=ORIENTED_EDGE('',*,*,#61050,.F.);
#61260=EDGE_LOOP('',(#61250,#61240,#61220));
#61270=FACE_OUTER_BOUND('',#61260,.T.);
#61280=ADVANCED_FACE('',(#61270),#61210,.F.);
#61290=COLOUR_RGB('',1.,0.709803938865662,0.);
#61300=FILL_AREA_STYLE_COLOUR('',#61290);
#61310=FILL_AREA_STYLE('',(#61300));
#61320=SURFACE_STYLE_FILL_AREA(#61310);
#61330=SURFACE_SIDE_STYLE('',(#61320));
#61340=SURFACE_STYLE_USAGE(.BOTH.,#61330);
#61350=PRESENTATION_STYLE_ASSIGNMENT((#61340));
#61360=CARTESIAN_POINT('',(24.7982839800246,33.3048630103033,
-28.9347498788384));
#61370=DIRECTION('',(2.14618160360293E-12,-5.11928974526717E-12,-1.));
#61380=VECTOR('',#61370,1.);
#61390=LINE('',#61360,#61380);
#61400=CARTESIAN_POINT('',(24.7982839800105,33.3048630103371,
-22.3347499217598));
#61410=VERTEX_POINT('',#61400);
#61420=EDGE_CURVE('',#61410,#54330,#61390,.T.);
#61430=ORIENTED_EDGE('',*,*,#61420,.T.);
#61440=CARTESIAN_POINT('',(14.2278011936572,35.1687242671709,
-22.334749921792));
#61450=DIRECTION('',(0.984807753928579,-0.173648172469936,
3.00253159317649E-12));
#61460=VECTOR('',#61450,1.);
#61470=LINE('',#61440,#61460);
#61480=EDGE_CURVE('',#55870,#61410,#61470,.T.);
#61490=ORIENTED_EDGE('',*,*,#61480,.T.);
#61500=ORIENTED_EDGE('',*,*,#56010,.F.);
#61510=ORIENTED_EDGE('',*,*,#54420,.F.);
#61520=EDGE_LOOP('',(#61510,#61500,#61490,#61430));
#61530=FACE_OUTER_BOUND('',#61520,.T.);
#61540=ADVANCED_FACE('',(#61530),#58040,.T.);
#61550=COLOUR_RGB('',1.,0.709803938865662,0.);
#61560=FILL_AREA_STYLE_COLOUR('',#61550);
#61570=FILL_AREA_STYLE('',(#61560));
#61580=SURFACE_STYLE_FILL_AREA(#61570);
#61590=SURFACE_SIDE_STYLE('',(#61580));
#61600=SURFACE_STYLE_USAGE(.BOTH.,#61590);
#61610=PRESENTATION_STYLE_ASSIGNMENT((#61600));
#61620=CARTESIAN_POINT('',(25.0444859100222,33.2614509190676,
-28.9347498788377));
#61630=DIRECTION('',(2.14618160360293E-12,-5.11928974526717E-12,-1.));
#61640=DIRECTION('',(-1.,1.04067865436264E-11,-2.14618160365621E-12));
#61650=AXIS2_PLACEMENT_3D('',#61620,#61630,#61640);
#61660=CYLINDRICAL_SURFACE('',#61650,0.25);
#61670=ORIENTED_EDGE('',*,*,#54340,.F.);
#61680=CARTESIAN_POINT('',(25.2944859100222,33.2614509190649,
-28.9347498788372));
#61690=DIRECTION('',(2.14618160360293E-12,-5.11928974526717E-12,-1.));
#61700=VECTOR('',#61690,1.);
#61710=LINE('',#61680,#61700);
#61720=CARTESIAN_POINT('',(25.2944859100081,33.2614509190987,
-22.3347499217585));
#61730=VERTEX_POINT('',#61720);
#61740=EDGE_CURVE('',#61730,#54290,#61710,.T.);
#61750=ORIENTED_EDGE('',*,*,#61740,.T.);
#61760=CARTESIAN_POINT('',(25.0444859100081,33.2614509191013,
-22.334749921759));
#61770=DIRECTION('',(2.14618160360293E-12,-5.11928974526717E-12,-1.));
#61780=DIRECTION('',(-1.,1.04067865436264E-11,-2.14618160365621E-12));
#61790=AXIS2_PLACEMENT_3D('',#61760,#61770,#61780);
#61800=CIRCLE('',#61790,0.25);
#61810=EDGE_CURVE('',#61410,#61730,#61800,.T.);
#61820=ORIENTED_EDGE('',*,*,#61810,.T.);
#61830=ORIENTED_EDGE('',*,*,#61420,.F.);
#61840=EDGE_LOOP('',(#61830,#61820,#61750,#61670));
#61850=FACE_OUTER_BOUND('',#61840,.T.);
#61860=ADVANCED_FACE('',(#61850),#61660,.T.);
#61870=COLOUR_RGB('',1.,0.709803938865662,0.);
#61880=FILL_AREA_STYLE_COLOUR('',#61870);
#61890=FILL_AREA_STYLE('',(#61880));
#61900=SURFACE_STYLE_FILL_AREA(#61890);
#61910=SURFACE_SIDE_STYLE('',(#61900));
#61920=SURFACE_STYLE_USAGE(.BOTH.,#61910);
#61930=PRESENTATION_STYLE_ASSIGNMENT((#61920));
#61940=ORIENTED_EDGE('',*,*,#55610,.T.);
#61950=CARTESIAN_POINT('',(14.2278011936572,35.1687242671709,
-22.334749921792));
#61960=DIRECTION('',(-0.984807753928579,0.173648172469936,
-3.00253159317649E-12));
#61970=VECTOR('',#61960,1.);
#61980=LINE('',#61950,#61970);
#61990=CARTESIAN_POINT('',(25.2906878569747,33.2180389241021,
-22.3347499217583));
#62000=VERTEX_POINT('',#61990);
#62010=EDGE_CURVE('',#55540,#62000,#61980,.T.);
#62020=ORIENTED_EDGE('',*,*,#62010,.F.);
#62030=CARTESIAN_POINT('',(25.2906878569889,33.2180389240684,
-28.934749878837));
#62040=DIRECTION('',(2.14618160360293E-12,-5.11928974526717E-12,-1.));
#62050=VECTOR('',#62040,1.);
#62060=LINE('',#62030,#62050);
#62070=EDGE_CURVE('',#62000,#54200,#62060,.T.);
#62080=ORIENTED_EDGE('',*,*,#62070,.F.);
#62090=ORIENTED_EDGE('',*,*,#54210,.F.);
#62100=EDGE_LOOP('',(#62090,#62080,#62020,#61940));
#62110=FACE_OUTER_BOUND('',#62100,.T.);
#62120=ADVANCED_FACE('',(#62110),#58040,.T.);
#62130=COLOUR_RGB('',1.,0.709803938865662,0.);
#62140=FILL_AREA_STYLE_COLOUR('',#62130);
#62150=FILL_AREA_STYLE('',(#62140));
#62160=SURFACE_STYLE_FILL_AREA(#62150);
#62170=SURFACE_SIDE_STYLE('',(#62160));
#62180=SURFACE_STYLE_USAGE(.BOTH.,#62170);
#62190=PRESENTATION_STYLE_ASSIGNMENT((#62180));
#62200=CARTESIAN_POINT('',(20.2365703412502,31.7003551667156,
-22.3347499217613));
#62210=DIRECTION('',(2.14618160360293E-12,-5.11928974526717E-12,-1.));
#62220=DIRECTION('',(-1.,1.04067865436264E-11,-2.14618160365621E-12));
#62230=AXIS2_PLACEMENT_3D('',#62200,#62210,#62220);
#62240=PLANE('',#62230);
#62250=CARTESIAN_POINT('',(25.1444859099928,30.0965305795002,
-22.3347499217426));
#62260=DIRECTION('',(2.14618160360293E-12,-5.11928974526717E-12,-1.));
#62270=DIRECTION('',(-1.,1.04067865436264E-11,-2.14618160365621E-12));
#62280=AXIS2_PLACEMENT_3D('',#62250,#62260,#62270);
#62290=CIRCLE('',#62280,0.25);
#62300=CARTESIAN_POINT('',(25.3926224479035,30.1269979153484,
-22.3347499217422));
#62310=VERTEX_POINT('',#62300);
#62320=CARTESIAN_POINT('',(25.3944859099928,30.0965305794976,
-22.3347499217421));
#62330=VERTEX_POINT('',#62320);
#62340=EDGE_CURVE('',#62310,#62330,#62290,.T.);
#62350=ORIENTED_EDGE('',*,*,#62340,.F.);
#62360=CARTESIAN_POINT('',(24.8963493720821,30.0660632436515,
-22.334749921743));
#62370=VERTEX_POINT('',#62360);
#62380=EDGE_CURVE('',#62330,#62370,#62290,.T.);
#62390=ORIENTED_EDGE('',*,*,#62380,.F.);
#62400=CARTESIAN_POINT('',(13.0720659147256,28.6142237914722,
-22.3347499217609));
#62410=DIRECTION('',(0.992546151642584,0.121869343394875,
1.50628001464811E-12));
#62420=VECTOR('',#62410,1.);
#62430=LINE('',#62400,#62420);
#62440=CARTESIAN_POINT('',(24.0426224479018,29.9612387581434,
-22.3347499217443));
#62450=VERTEX_POINT('',#62440);
#62460=EDGE_CURVE('',#62450,#62370,#62430,.T.);
#62470=ORIENTED_EDGE('',*,*,#62460,.T.);
#62480=CARTESIAN_POINT('',(23.7944859099911,29.9307714222952,
-22.3347499217446));
#62490=DIRECTION('',(2.14618160360293E-12,-5.11928974526717E-12,-1.));
#62500=DIRECTION('',(-1.,1.04067865436264E-11,-2.14618160365621E-12));
#62510=AXIS2_PLACEMENT_3D('',#62480,#62490,#62500);
#62520=CIRCLE('',#62510,0.25);
#62530=CARTESIAN_POINT('',(24.0444859099911,29.9307714222926,
-22.3347499217441));
#62540=VERTEX_POINT('',#62530);
#62550=EDGE_CURVE('',#62450,#62540,#62520,.T.);
#62560=ORIENTED_EDGE('',*,*,#62550,.F.);
#62570=EDGE_CURVE('',#62540,#42280,#62520,.T.);
#62580=ORIENTED_EDGE('',*,*,#62570,.F.);
#62590=ORIENTED_EDGE('',*,*,#42310,.F.);
#62600=CARTESIAN_POINT('',(22.9944859098687,-5.48183720638917E-11,
-22.3347499215931));
#62610=DIRECTION('',(-1.5957558018241E-23,1.,-5.11928974526717E-12));
#62620=VECTOR('',#62610,1.);
#62630=LINE('',#62600,#62620);
#62640=EDGE_CURVE('',#42300,#48710,#62630,.T.);
#62650=ORIENTED_EDGE('',*,*,#62640,.F.);
#62660=ORIENTED_EDGE('',*,*,#48720,.F.);
#62670=ORIENTED_EDGE('',*,*,#45360,.F.);
#62680=ORIENTED_EDGE('',*,*,#60350,.T.);
#62690=ORIENTED_EDGE('',*,*,#58560,.F.);
#62700=EDGE_CURVE('',#58470,#55850,#55830,.T.);
#62710=ORIENTED_EDGE('',*,*,#62700,.F.);
#62720=ORIENTED_EDGE('',*,*,#55880,.F.);
#62730=ORIENTED_EDGE('',*,*,#61480,.F.);
#62740=ORIENTED_EDGE('',*,*,#61810,.F.);
#62750=EDGE_CURVE('',#61730,#62000,#61800,.T.);
#62760=ORIENTED_EDGE('',*,*,#62750,.F.);
#62770=ORIENTED_EDGE('',*,*,#62010,.T.);
#62780=ORIENTED_EDGE('',*,*,#55550,.F.);
#62790=ORIENTED_EDGE('',*,*,#16700,.T.);
#62800=ORIENTED_EDGE('',*,*,#36480,.T.);
#62810=EDGE_CURVE('',#18670,#36380,#36470,.T.);
#62820=ORIENTED_EDGE('',*,*,#62810,.T.);
#62830=ORIENTED_EDGE('',*,*,#18880,.T.);
#62840=CARTESIAN_POINT('',(26.4944859099831,30.2622897367035,
-22.3347499217405));
#62850=DIRECTION('',(2.14618160360293E-12,-5.11928974526717E-12,-1.));
#62860=DIRECTION('',(-1.,1.04067865436264E-11,-2.14618160365621E-12));
#62870=AXIS2_PLACEMENT_3D('',#62840,#62850,#62860);
#62880=CIRCLE('',#62870,0.25);
#62890=CARTESIAN_POINT('',(26.2463493720724,30.2318224008551,
-22.3347499217409));
#62900=VERTEX_POINT('',#62890);
#62910=EDGE_CURVE('',#18850,#62900,#62880,.T.);
#62920=ORIENTED_EDGE('',*,*,#62910,.F.);
#62930=EDGE_CURVE('',#62900,#62310,#42260,.T.);
#62940=ORIENTED_EDGE('',*,*,#62930,.F.);
#62950=EDGE_LOOP('',(#62940,#62920,#62830,#62820,#62800,#62790,#62780,
#62770,#62760,#62740,#62730,#62720,#62710,#62690,#62680,#62670,#62660,
#62650,#62590,#62580,#62560,#62470,#62390,#62350));
#62960=FACE_OUTER_BOUND('',#62950,.T.);
#62970=ADVANCED_FACE('',(#62960),#62240,.F.);
#62980=COLOUR_RGB('',1.,0.709803938865662,0.);
#62990=FILL_AREA_STYLE_COLOUR('',#62980);
#63000=FILL_AREA_STYLE('',(#62990));
#63010=SURFACE_STYLE_FILL_AREA(#63000);
#63020=SURFACE_SIDE_STYLE('',(#63010));
#63030=SURFACE_STYLE_USAGE(.BOTH.,#63020);
#63040=PRESENTATION_STYLE_ASSIGNMENT((#63030));
#63050=CARTESIAN_POINT('',(23.292150553027,29.8690923960517,
-25.6347499002839));
#63060=DIRECTION('',(0.121869343394874,-0.992546151642584,
5.25486278196536E-12));
#63070=DIRECTION('',(-3.1980229545923E-13,5.25505909984105E-12,1.));
#63080=AXIS2_PLACEMENT_3D('',#63050,#63060,#63070);
#63090=PLANE('',#63080);
#63100=CARTESIAN_POINT('',(25.3926224479176,30.1269979153149,
-28.9347498788209));
#63110=DIRECTION('',(2.14618160360293E-12,-5.11928974526717E-12,-1.));
#63120=VECTOR('',#63110,1.);
#63130=LINE('',#63100,#63120);
#63140=EDGE_CURVE('',#62310,#55090,#63130,.T.);
#63150=ORIENTED_EDGE('',*,*,#63140,.T.);
#63160=ORIENTED_EDGE('',*,*,#62930,.T.);
#63170=CARTESIAN_POINT('',(26.2463493720866,30.231822400821,
-28.9347498788196));
#63180=DIRECTION('',(2.14618160360293E-12,-5.11928974526717E-12,-1.));
#63190=VECTOR('',#63180,1.);
#63200=LINE('',#63170,#63190);
#63210=EDGE_CURVE('',#62900,#55170,#63200,.T.);
#63220=ORIENTED_EDGE('',*,*,#63210,.F.);
#63230=ORIENTED_EDGE('',*,*,#55180,.F.);
#63240=EDGE_LOOP('',(#63230,#63220,#63160,#63150));
#63250=FACE_OUTER_BOUND('',#63240,.T.);
#63260=ADVANCED_FACE('',(#63250),#63090,.T.);
#63270=COLOUR_RGB('',1.,0.709803938865662,0.);
#63280=FILL_AREA_STYLE_COLOUR('',#63270);
#63290=FILL_AREA_STYLE('',(#63280));
#63300=SURFACE_STYLE_FILL_AREA(#63290);
#63310=SURFACE_SIDE_STYLE('',(#63300));
#63320=SURFACE_STYLE_USAGE(.BOTH.,#63310);
#63330=PRESENTATION_STYLE_ASSIGNMENT((#63320));
#63340=CARTESIAN_POINT('',(25.144485910007,30.0965305794664,
-28.9347498788213));
#63350=DIRECTION('',(2.14618160360293E-12,-5.11928974526717E-12,-1.));
#63360=DIRECTION('',(-1.,1.04067865436264E-11,-2.14618160365621E-12));
#63370=AXIS2_PLACEMENT_3D('',#63340,#63350,#63360);
#63380=CYLINDRICAL_SURFACE('',#63370,0.25);
#63390=ORIENTED_EDGE('',*,*,#62380,.T.);
#63400=CARTESIAN_POINT('',(25.394485910007,30.0965305794638,
-28.9347498788208));
#63410=DIRECTION('',(2.14618160360293E-12,-5.11928974526717E-12,-1.));
#63420=VECTOR('',#63410,1.);
#63430=LINE('',#63400,#63420);
#63440=EDGE_CURVE('',#62330,#55050,#63430,.T.);
#63450=ORIENTED_EDGE('',*,*,#63440,.F.);
#63460=ORIENTED_EDGE('',*,*,#55060,.F.);
#63470=CARTESIAN_POINT('',(24.8963493720963,30.0660632436174,
-28.9347498788217));
#63480=DIRECTION('',(2.14618160360293E-12,-5.11928974526717E-12,-1.));
#63490=VECTOR('',#63480,1.);
#63500=LINE('',#63470,#63490);
#63510=EDGE_CURVE('',#62370,#54960,#63500,.T.);
#63520=ORIENTED_EDGE('',*,*,#63510,.T.);
#63530=EDGE_LOOP('',(#63520,#63460,#63450,#63390));
#63540=FACE_OUTER_BOUND('',#63530,.T.);
#63550=ADVANCED_FACE('',(#63540),#63380,.T.);
#63560=COLOUR_RGB('',1.,0.709803938865662,0.);
#63570=FILL_AREA_STYLE_COLOUR('',#63560);
#63580=FILL_AREA_STYLE('',(#63570));
#63590=SURFACE_STYLE_FILL_AREA(#63580);
#63600=SURFACE_SIDE_STYLE('',(#63590));
#63610=SURFACE_STYLE_USAGE(.BOTH.,#63600);
#63620=PRESENTATION_STYLE_ASSIGNMENT((#63610));
#63630=ORIENTED_EDGE('',*,*,#54970,.F.);
#63640=CARTESIAN_POINT('',(24.0426224479159,29.9612387581102,
-28.934749878823));
#63650=DIRECTION('',(2.14618160360293E-12,-5.11928974526717E-12,-1.));
#63660=VECTOR('',#63650,1.);
#63670=LINE('',#63640,#63660);
#63680=EDGE_CURVE('',#62450,#54880,#63670,.T.);
#63690=ORIENTED_EDGE('',*,*,#63680,.T.);
#63700=ORIENTED_EDGE('',*,*,#62460,.F.);
#63710=ORIENTED_EDGE('',*,*,#63510,.F.);
#63720=EDGE_LOOP('',(#63710,#63700,#63690,#63630));
#63730=FACE_OUTER_BOUND('',#63720,.T.);
#63740=ADVANCED_FACE('',(#63730),#63090,.T.);
#63750=COLOUR_RGB('',1.,0.709803938865662,0.);
#63760=FILL_AREA_STYLE_COLOUR('',#63750);
#63770=FILL_AREA_STYLE('',(#63760));
#63780=SURFACE_STYLE_FILL_AREA(#63770);
#63790=SURFACE_SIDE_STYLE('',(#63780));
#63800=SURFACE_STYLE_USAGE(.BOTH.,#63790);
#63810=PRESENTATION_STYLE_ASSIGNMENT((#63800));
#63820=CARTESIAN_POINT('',(23.7944859100052,29.9307714222614,
-28.9347498788233));
#63830=DIRECTION('',(2.14618160360293E-12,-5.11928974526717E-12,-1.));
#63840=DIRECTION('',(-1.,1.04067865436264E-11,-2.14618160365621E-12));
#63850=AXIS2_PLACEMENT_3D('',#63820,#63830,#63840);
#63860=CYLINDRICAL_SURFACE('',#63850,0.25);
#63870=ORIENTED_EDGE('',*,*,#42390,.T.);
#63880=ORIENTED_EDGE('',*,*,#62570,.T.);
#63890=CARTESIAN_POINT('',(24.0444859100052,29.9307714222588,
-28.9347498788228));
#63900=DIRECTION('',(2.14618160360293E-12,-5.11928974526717E-12,-1.));
#63910=VECTOR('',#63900,1.);
#63920=LINE('',#63890,#63910);
#63930=EDGE_CURVE('',#62540,#54840,#63920,.T.);
#63940=ORIENTED_EDGE('',*,*,#63930,.F.);
#63950=ORIENTED_EDGE('',*,*,#54850,.F.);
#63960=EDGE_LOOP('',(#63950,#63940,#63880,#63870));
#63970=FACE_OUTER_BOUND('',#63960,.T.);
#63980=ADVANCED_FACE('',(#63970),#63860,.T.);
#63990=COLOUR_RGB('',1.,0.709803938865662,0.);
#64000=FILL_AREA_STYLE_COLOUR('',#63990);
#64010=FILL_AREA_STYLE('',(#64000));
#64020=SURFACE_STYLE_FILL_AREA(#64010);
#64030=SURFACE_SIDE_STYLE('',(#64020));
#64040=SURFACE_STYLE_USAGE(.BOTH.,#64030);
#64050=PRESENTATION_STYLE_ASSIGNMENT((#64040));
#64060=CARTESIAN_POINT('',(23.2444859099788,23.8830139543168,
-50.6470191582712));
#64070=DIRECTION('',(-0.866025403784438,-0.500000000000001,
-3.72683711503356E-12));
#64080=DIRECTION('',(-0.500000000000001,0.866025403784438,
3.73034936274053E-14));
#64090=AXIS2_PLACEMENT_3D('',#64060,#64070,#64080);
#64100=PLANE('',#64090);
#64110=CARTESIAN_POINT('',(24.4667289183968,21.7660269643306,
-22.4047502234472));
#64120=CARTESIAN_POINT('',(24.1840469647848,22.2556464703693,
-22.404750223444));
#64130=CARTESIAN_POINT('',(23.5982130104634,23.2703406440555,
-22.7376731130517));
#64140=CARTESIAN_POINT('',(23.0027937132357,24.3016371186703,
-23.9957833341538));
#64150=CARTESIAN_POINT('',(22.7933577312998,24.6643908803285,
-25.6347498781856));
#64160=CARTESIAN_POINT('',(23.0027937132275,24.3016371187088,
-27.2737164222221));
#64170=CARTESIAN_POINT('',(23.598213010449,23.2703406441236,
-28.5318266433376));
#64180=CARTESIAN_POINT('',(24.1840469647688,22.2556464704452,
-28.8647495329586));
#64190=CARTESIAN_POINT('',(24.4667289183807,21.7660269644065,
-28.8647495329618));
#64200=B_SPLINE_CURVE_WITH_KNOTS('',3,(#64110,#64120,#64130,#64140,
#64150,#64160,#64170,#64180,#64190),.UNSPECIFIED.,.F.,.F.,(4,1,1,1,1,1,4
),(7.88522277752954,9.33863887062992,10.8973022053628,12.5545422128445,
14.2117822203262,15.7704455550591,17.2238616481595),.UNSPECIFIED.);
#64210=CARTESIAN_POINT('',(23.7944859096027,22.9303860102574,
-22.7042018062607));
#64220=VERTEX_POINT('',#64210);
#64230=CARTESIAN_POINT('',(22.9944859098871,24.316026656172,
-24.3602109729259));
#64240=VERTEX_POINT('',#64230);
#64250=EDGE_CURVE('',#64220,#64240,#64200,.T.);
#64260=ORIENTED_EDGE('',*,*,#64250,.T.);
#64270=CARTESIAN_POINT('',(23.7944859097849,22.9303860102256,
-15.1999999621631));
#64280=DIRECTION('',(9.04552778569693E-12,-8.21363947603596E-12,-1.));
#64290=VECTOR('',#64280,1.);
#64300=LINE('',#64270,#64290);
#64310=CARTESIAN_POINT('',(23.7944859096171,22.9303860106346,
-21.8847495328553));
#64320=VERTEX_POINT('',#64310);
#64330=EDGE_CURVE('',#64320,#64220,#64300,.T.);
#64340=ORIENTED_EDGE('',*,*,#64330,.T.);
#64350=CARTESIAN_POINT('',(23.7944859095469,22.9303860105931,0.));
#64360=DIRECTION('',(-3.20873895090958E-12,-1.89597533886647E-12,1.));
#64370=VECTOR('',#64360,1.);
#64380=LINE('',#64350,#64370);
#64390=CARTESIAN_POINT('',(23.7944859098705,22.9303860101919,
-21.3847499376646));
#64400=VERTEX_POINT('',#64390);
#64410=EDGE_CURVE('',#64320,#64400,#64380,.T.);
#64420=ORIENTED_EDGE('',*,*,#64410,.F.);
#64430=CARTESIAN_POINT('',(23.7944859097685,22.9303860102667,
-7.69999996216308));
#64440=DIRECTION('',(9.04552778569693E-12,-8.21363947603596E-12,-1.));
#64450=VECTOR('',#64440,1.);
#64460=LINE('',#64430,#64450);
#64470=EDGE_CURVE('',#38250,#64400,#64460,.T.);
#64480=ORIENTED_EDGE('',*,*,#64470,.T.);
#64490=ORIENTED_EDGE('',*,*,#38260,.T.);
#64500=CARTESIAN_POINT('',(22.9944859098042,24.3160266562474,
-15.1999999621631));
#64510=DIRECTION('',(9.04552778569693E-12,-8.21363947603596E-12,-1.));
#64520=VECTOR('',#64510,1.);
#64530=LINE('',#64500,#64520);
#64540=EDGE_CURVE('',#38110,#64240,#64530,.T.);
#64550=ORIENTED_EDGE('',*,*,#64540,.F.);
#64560=EDGE_LOOP('',(#64550,#64490,#64480,#64420,#64340,#64260));
#64570=FACE_OUTER_BOUND('',#64560,.T.);
#64580=ADVANCED_FACE('',(#64570),#64100,.F.);
#64590=COLOUR_RGB('',0.501960813999176,1.,0.501960813999176);
#64600=FILL_AREA_STYLE_COLOUR('',#64590);
#64610=FILL_AREA_STYLE('',(#64600));
#64620=SURFACE_STYLE_FILL_AREA(#64610);
#64630=SURFACE_SIDE_STYLE('',(#64620));
#64640=SURFACE_STYLE_USAGE(.BOTH.,#64630);
#64650=PRESENTATION_STYLE_ASSIGNMENT((#64640));
#64660=CARTESIAN_POINT('',(17.7944859098501,18.4660268568864,
-22.4047502235442));
#64670=DIRECTION('',(-9.04555523367187E-12,-1.3380163813169E-11,1.));
#64680=DIRECTION('',(-1.94345390721998E-16,1.,1.3380163813169E-11));
#64690=AXIS2_PLACEMENT_3D('',#64660,#64670,#64680);
#64700=PLANE('',#64690);
#64710=CARTESIAN_POINT('',(17.7944859098501,-2.6665093249031E-10,
-22.4047502237988));
#64720=DIRECTION('',(1.94345390721998E-16,-1.,-1.3380163813169E-11));
#64730=VECTOR('',#64720,1.);
#64740=LINE('',#64710,#64730);
#64750=CARTESIAN_POINT('',(17.7944859098501,21.7660269643306,
-22.4047502235076));
#64760=VERTEX_POINT('',#64750);
#64770=CARTESIAN_POINT('',(17.7944859098501,18.4660268568864,
-22.4047502235442));
#64780=VERTEX_POINT('',#64770);
#64790=EDGE_CURVE('',#64760,#64780,#64740,.T.);
#64800=ORIENTED_EDGE('',*,*,#64790,.F.);
#64810=CARTESIAN_POINT('',(17.7944859098501,18.4660268568864,
-22.4047502235442));
#64820=DIRECTION('',(1.,1.94345107485516E-16,9.04555523367188E-12));
#64830=VECTOR('',#64820,1.);
#64840=LINE('',#64810,#64830);
#64850=CARTESIAN_POINT('',(23.7944859096188,18.4660268568864,
-22.4047502234899));
#64860=VERTEX_POINT('',#64850);
#64870=EDGE_CURVE('',#64780,#64860,#64840,.T.);
#64880=ORIENTED_EDGE('',*,*,#64870,.F.);
#64890=CARTESIAN_POINT('',(23.7944859096188,-5.48183720638917E-11,
-22.404750223737));
#64900=DIRECTION('',(4.12071654370655E-23,-1.,-1.3380163813169E-11));
#64910=VECTOR('',#64900,1.);
#64920=LINE('',#64890,#64910);
#64930=CARTESIAN_POINT('',(23.7944859096188,21.7660269643306,
-22.4047502234457));
#64940=VERTEX_POINT('',#64930);
#64950=EDGE_CURVE('',#64940,#64860,#64920,.T.);
#64960=ORIENTED_EDGE('',*,*,#64950,.T.);
#64970=CARTESIAN_POINT('',(17.7944859098501,21.7660269643306,
-22.4047502235076));
#64980=DIRECTION('',(1.,1.94345107485516E-16,9.04555523367188E-12));
#64990=VECTOR('',#64980,1.);
#65000=LINE('',#64970,#64990);
#65010=EDGE_CURVE('',#64760,#64940,#65000,.T.);
#65020=ORIENTED_EDGE('',*,*,#65010,.T.);
#65030=EDGE_LOOP('',(#65020,#64960,#64880,#64800));
#65040=FACE_OUTER_BOUND('',#65030,.T.);
#65050=ADVANCED_FACE('',(#65040),#64700,.F.);
#65060=CARTESIAN_POINT('',(17.7944859099085,18.4660268569624,
-28.8647495330695));
#65070=CARTESIAN_POINT('',(17.7944859099085,17.9764073509236,
-28.8647495330753));
#65080=CARTESIAN_POINT('',(17.7944859099055,16.9617131772369,
-28.5318266434719));
#65090=CARTESIAN_POINT('',(17.7944859098941,15.9304167026225,
-27.273716422373));
#65100=CARTESIAN_POINT('',(17.7944859098793,15.5676629409646,
-25.6347498783409));
#65110=CARTESIAN_POINT('',(17.7944859098645,15.930416702584,
-23.9957833343003));
#65120=CARTESIAN_POINT('',(17.7944859098531,16.9617131771688,
-22.7376731131772));
#65130=CARTESIAN_POINT('',(17.7944859098501,17.9764073508477,
-22.4047502235499));
#65140=CARTESIAN_POINT('',(17.7944859098501,18.4660268568864,
-22.4047502235442));
#65150=B_SPLINE_CURVE_WITH_KNOTS('',3,(#65060,#65070,#65080,#65090,
#65100,#65110,#65120,#65130,#65140),.UNSPECIFIED.,.F.,.F.,(4,1,1,1,1,1,4
),(17.2238616481765,18.6772777412771,20.2359410760114,21.8931810834958,
23.5504210909801,25.1090844257145,26.562500518815),.UNSPECIFIED.);
#65160=DIRECTION('',(1.,1.94345107485516E-16,9.04555523367188E-12));
#65170=VECTOR('',#65160,1.);
#65180=SURFACE_OF_LINEAR_EXTRUSION('',#65150,#65170);
#65190=CARTESIAN_POINT('',(17.7944859099085,18.4660268569624,
-28.8647495330695));
#65200=CARTESIAN_POINT('',(17.7944859099085,17.9764073509236,
-28.8647495330753));
#65210=CARTESIAN_POINT('',(17.7944859099055,16.9617131772369,
-28.5318266434719));
#65220=CARTESIAN_POINT('',(17.7944859098941,15.9304167026225,
-27.273716422373));
#65230=CARTESIAN_POINT('',(17.7944859098793,15.5676629409646,
-25.6347498783409));
#65240=CARTESIAN_POINT('',(17.7944859098645,15.930416702584,
-23.9957833343003));
#65250=CARTESIAN_POINT('',(17.7944859098531,16.9617131771688,
-22.7376731131772));
#65260=CARTESIAN_POINT('',(17.7944859098501,17.9764073508477,
-22.4047502235499));
#65270=CARTESIAN_POINT('',(17.7944859098501,18.4660268568864,
-22.4047502235442));
#65280=B_SPLINE_CURVE_WITH_KNOTS('',3,(#65190,#65200,#65210,#65220,
#65230,#65240,#65250,#65260,#65270),.UNSPECIFIED.,.F.,.F.,(4,1,1,1,1,1,4
),(17.2238616481765,18.6772777412771,20.2359410760114,21.8931810834958,
23.5504210909801,25.1090844257145,26.562500518815),.UNSPECIFIED.);
#65290=EDGE_CURVE('',#14890,#64780,#65280,.T.);
#65300=ORIENTED_EDGE('',*,*,#65290,.T.);
#65310=ORIENTED_EDGE('',*,*,#15140,.F.);
#65320=CARTESIAN_POINT('',(23.7944859096584,18.4660268569624,
-28.8647495330153));
#65330=CARTESIAN_POINT('',(23.7944859096584,17.9764073509236,
-28.864749533021));
#65340=CARTESIAN_POINT('',(23.7944859096554,16.9617131772369,
-28.5318266434176));
#65350=CARTESIAN_POINT('',(23.794485909644,15.9304167026225,
-27.2737164223187));
#65360=CARTESIAN_POINT('',(23.7944859096292,15.5676629409646,
-25.6347498782866));
#65370=CARTESIAN_POINT('',(23.7944859096143,15.930416702584,
-23.995783334246));
#65380=CARTESIAN_POINT('',(23.794485909603,16.9617131771688,
-22.7376731131229));
#65390=CARTESIAN_POINT('',(23.7944859095999,17.9764073508477,
-22.4047502234957));
#65400=CARTESIAN_POINT('',(23.7944859095999,18.4660268568864,
-22.4047502234899));
#65410=B_SPLINE_CURVE_WITH_KNOTS('',3,(#65320,#65330,#65340,#65350,
#65360,#65370,#65380,#65390,#65400),.UNSPECIFIED.,.F.,.F.,(4,1,1,1,1,1,4
),(17.2238616481765,18.6772777412771,20.2359410760114,21.8931810834958,
23.5504210909801,25.1090844257145,26.562500518815),.UNSPECIFIED.);
#65420=EDGE_CURVE('',#15070,#64860,#65410,.T.);
#65430=ORIENTED_EDGE('',*,*,#65420,.F.);
#65440=ORIENTED_EDGE('',*,*,#64870,.T.);
#65450=EDGE_LOOP('',(#65440,#65430,#65310,#65300));
#65460=FACE_OUTER_BOUND('',#65450,.T.);
#65470=ADVANCED_FACE('',(#65460),#65180,.T.);
#65480=CARTESIAN_POINT('',(26.4944859099973,30.2622897366697,
-28.9347498788192));
#65490=DIRECTION('',(2.14618160360293E-12,-5.11928974526717E-12,-1.));
#65500=DIRECTION('',(-1.,1.04067865436264E-11,-2.14618160365621E-12));
#65510=AXIS2_PLACEMENT_3D('',#65480,#65490,#65500);
#65520=CYLINDRICAL_SURFACE('',#65510,0.25);
#65530=ORIENTED_EDGE('',*,*,#63210,.T.);
#65540=ORIENTED_EDGE('',*,*,#62910,.T.);
#65550=ORIENTED_EDGE('',*,*,#18860,.F.);
#65560=ORIENTED_EDGE('',*,*,#55250,.F.);
#65570=EDGE_LOOP('',(#65560,#65550,#65540,#65530));
#65580=FACE_OUTER_BOUND('',#65570,.T.);
#65590=ADVANCED_FACE('',(#65580),#65520,.T.);
#65600=COLOUR_RGB('',1.,0.709803938865662,0.);
#65610=FILL_AREA_STYLE_COLOUR('',#65600);
#65620=FILL_AREA_STYLE('',(#65610));
#65630=SURFACE_STYLE_FILL_AREA(#65620);
#65640=SURFACE_SIDE_STYLE('',(#65630));
#65650=SURFACE_STYLE_USAGE(.BOTH.,#65640);
#65660=PRESENTATION_STYLE_ASSIGNMENT((#65650));
#65670=CARTESIAN_POINT('',(20.6029579405306,33.931355012971,
-35.3347502166897));
#65680=DIRECTION('',(5.70357217027779E-11,-1.94252256029374E-11,-1.));
#65690=DIRECTION('',(-0.173648172469936,-0.984807753928578,
9.2259639563934E-12));
#65700=AXIS2_PLACEMENT_3D('',#65670,#65680,#65690);
#65710=PLANE('',#65700);
#65720=ORIENTED_EDGE('',*,*,#10610,.T.);
#65730=CARTESIAN_POINT('',(18.5944857178901,-9.98170435195789E-11,
-35.3347502161451));
#65740=DIRECTION('',(1.0449197063167E-11,-1.,1.94252256035333E-11));
#65750=VECTOR('',#65740,1.);
#65760=LINE('',#65730,#65750);
#65770=CARTESIAN_POINT('',(18.5944857175254,34.3987599930637,
-35.3347502168133));
#65780=VERTEX_POINT('',#65770);
#65790=EDGE_CURVE('',#10520,#65780,#65760,.T.);
#65800=ORIENTED_EDGE('',*,*,#65790,.F.);
#65810=CARTESIAN_POINT('',(1.45952139263272E-10,37.6774694162588,
-35.3347502179376));
#65820=DIRECTION('',(-0.984807753928578,0.173648172469936,
-5.95423710336718E-11));
#65830=VECTOR('',#65820,1.);
#65840=LINE('',#65810,#65830);
#65850=EDGE_CURVE('',#53890,#65780,#65840,.T.);
#65860=ORIENTED_EDGE('',*,*,#65850,.T.);
#65870=ORIENTED_EDGE('',*,*,#53900,.F.);
#65880=EDGE_LOOP('',(#65870,#65860,#65800,#65720));
#65890=FACE_OUTER_BOUND('',#65880,.T.);
#65900=ADVANCED_FACE('',(#65890),#65710,.T.);
#65910=CARTESIAN_POINT('',(22.9944859097871,28.2160267270546,
-12.4347502333781));
#65920=DIRECTION('',(1.,6.22638303893587E-23,9.04552778569693E-12));
#65930=DIRECTION('',(3.69046549511177E-23,1.,-1.09632613695891E-11));
#65940=AXIS2_PLACEMENT_3D('',#65910,#65920,#65930);
#65950=PLANE('',#65940);
#65960=CARTESIAN_POINT('',(22.9944859098693,21.7660269643306,
-22.4047502234605));
#65970=CARTESIAN_POINT('',(22.9944859098693,22.2556464703693,
-22.4047502234548));
#65980=CARTESIAN_POINT('',(22.9944859098723,23.2703406440555,
-22.7376731130572));
#65990=CARTESIAN_POINT('',(22.9944859098837,24.3016371186703,
-23.9957833341539));
#66000=CARTESIAN_POINT('',(22.9944859098985,24.6643908803285,
-25.6347498781838));
#66010=CARTESIAN_POINT('',(22.9944859099134,24.3016371187088,
-27.2737164222222));
#66020=CARTESIAN_POINT('',(22.9944859099248,23.2703406441236,
-28.5318266433431));
#66030=CARTESIAN_POINT('',(22.9944859099278,22.2556464704452,
-28.8647495329694));
#66040=CARTESIAN_POINT('',(22.9944859099278,21.7660269644065,
-28.8647495329751));
#66050=B_SPLINE_CURVE_WITH_KNOTS('',3,(#65960,#65970,#65980,#65990,
#66000,#66010,#66020,#66030,#66040),.UNSPECIFIED.,.F.,.F.,(4,1,1,1,1,1,4
),(7.88522277752954,9.33863887062992,10.8973022053628,12.5545422128445,
14.2117822203262,15.7704455550591,17.2238616481595),.UNSPECIFIED.);
#66060=CARTESIAN_POINT('',(22.9944859099102,24.316026656151,
-26.9092887835878));
#66070=VERTEX_POINT('',#66060);
#66080=EDGE_CURVE('',#64240,#66070,#66050,.T.);
#66090=ORIENTED_EDGE('',*,*,#66080,.T.);
#66100=ORIENTED_EDGE('',*,*,#64540,.T.);
#66110=ORIENTED_EDGE('',*,*,#38120,.T.);
#66120=ORIENTED_EDGE('',*,*,#12960,.T.);
#66130=ORIENTED_EDGE('',*,*,#1500,.T.);
#66140=ORIENTED_EDGE('',*,*,#6070,.T.);
#66150=ORIENTED_EDGE('',*,*,#3720,.T.);
#66160=ORIENTED_EDGE('',*,*,#9870,.F.);
#66170=ORIENTED_EDGE('',*,*,#22490,.T.);
#66180=ORIENTED_EDGE('',*,*,#25330,.T.);
#66190=ORIENTED_EDGE('',*,*,#25720,.T.);
#66200=ORIENTED_EDGE('',*,*,#18440,.F.);
#66210=ORIENTED_EDGE('',*,*,#39860,.T.);
#66220=ORIENTED_EDGE('',*,*,#40960,.F.);
#66230=ORIENTED_EDGE('',*,*,#29870,.F.);
#66240=ORIENTED_EDGE('',*,*,#48780,.F.);
#66250=ORIENTED_EDGE('',*,*,#62640,.T.);
#66260=ORIENTED_EDGE('',*,*,#42530,.F.);
#66270=ORIENTED_EDGE('',*,*,#54750,.F.);
#66280=ORIENTED_EDGE('',*,*,#48420,.F.);
#66290=CARTESIAN_POINT('',(22.9944859098851,-9.59303747549711E-11,
-29.8347499215931));
#66300=DIRECTION('',(-1.5957558018241E-23,1.,-5.11928974526717E-12));
#66310=VECTOR('',#66300,1.);
#66320=LINE('',#66290,#66310);
#66330=CARTESIAN_POINT('',(22.9944859098851,29.832543773525,
-29.8347499217459));
#66340=VERTEX_POINT('',#66330);
#66350=EDGE_CURVE('',#66340,#48330,#66320,.T.);
#66360=ORIENTED_EDGE('',*,*,#66350,.T.);
#66370=CARTESIAN_POINT('',(22.9944859098206,29.8325437735568,
-22.6999999621631));
#66380=DIRECTION('',(-9.04552778569693E-12,4.4473093437348E-12,1.));
#66390=VECTOR('',#66380,1.);
#66400=LINE('',#66370,#66390);
#66410=CARTESIAN_POINT('',(22.9944859099448,29.8325437734957,
-36.4347498787772));
#66420=VERTEX_POINT('',#66410);
#66430=EDGE_CURVE('',#66420,#66340,#66400,.T.);
#66440=ORIENTED_EDGE('',*,*,#66430,.T.);
#66450=CARTESIAN_POINT('',(22.9944859099448,-9.59303747549711E-11,
-36.4347498784501));
#66460=DIRECTION('',(-3.69048568995094E-23,-1.,1.09632613695891E-11));
#66470=VECTOR('',#66460,1.);
#66480=LINE('',#66450,#66470);
#66490=CARTESIAN_POINT('',(22.9944859099448,31.7160267270086,
-36.4347498787978));
#66500=VERTEX_POINT('',#66490);
#66510=EDGE_CURVE('',#66500,#66420,#66480,.T.);
#66520=ORIENTED_EDGE('',*,*,#66510,.T.);
#66530=CARTESIAN_POINT('',(22.9944859098206,31.7160267273882,
-22.6999999621631));
#66540=DIRECTION('',(9.04552778569693E-12,-2.76382066979186E-11,-1.));
#66550=VECTOR('',#66540,1.);
#66560=LINE('',#66530,#66550);
#66570=CARTESIAN_POINT('',(22.9944859099462,31.7160267270044,
-36.5847498998134));
#66580=VERTEX_POINT('',#66570);
#66590=EDGE_CURVE('',#66500,#66580,#66560,.T.);
#66600=ORIENTED_EDGE('',*,*,#66590,.F.);
#66610=CARTESIAN_POINT('',(22.9944859096785,31.7160267273689,
-29.6499999601646));
#66620=DIRECTION('',(1.10175052721625E-11,-3.49977268687901E-11,-1.));
#66630=VECTOR('',#66620,1.);
#66640=LINE('',#66610,#66630);
#66650=CARTESIAN_POINT('',(22.9944859097637,31.7160267270982,
-37.3847501952186));
#66660=VERTEX_POINT('',#66650);
#66670=EDGE_CURVE('',#66580,#66660,#66640,.T.);
#66680=ORIENTED_EDGE('',*,*,#66670,.F.);
#66690=CARTESIAN_POINT('',(22.9944859097637,-1.09999999955651,
-37.3847501946418));
#66700=DIRECTION('',(5.81223627289213E-23,1.,-1.75761370352246E-11));
#66710=VECTOR('',#66700,1.);
#66720=LINE('',#66690,#66710);
#66730=CARTESIAN_POINT('',(22.9944859097637,24.3160266565943,
-37.3847501950885));
#66740=VERTEX_POINT('',#66730);
#66750=EDGE_CURVE('',#66740,#66660,#66720,.T.);
#66760=ORIENTED_EDGE('',*,*,#66750,.T.);
#66770=CARTESIAN_POINT('',(22.9944859098206,24.3160266562062,
-22.6999999621631));
#66780=DIRECTION('',(-9.04552778569693E-12,8.21363947603596E-12,1.));
#66790=VECTOR('',#66780,1.);
#66800=LINE('',#66770,#66790);
#66810=CARTESIAN_POINT('',(22.9944859099266,24.3160266561099,
-34.4092887835878));
#66820=VERTEX_POINT('',#66810);
#66830=EDGE_CURVE('',#66740,#66820,#66800,.T.);
#66840=ORIENTED_EDGE('',*,*,#66830,.F.);
#66850=CARTESIAN_POINT('',(22.9944859098858,21.7660269642895,
-29.9047502234605));
#66860=CARTESIAN_POINT('',(22.9944859098858,22.2556464703282,
-29.9047502234548));
#66870=CARTESIAN_POINT('',(22.9944859098888,23.2703406440144,
-30.2376731130572));
#66880=CARTESIAN_POINT('',(22.9944859099001,24.3016371186292,
-31.4957833341539));
#66890=CARTESIAN_POINT('',(22.994485909915,24.6643908802874,
-33.1347498781838));
#66900=CARTESIAN_POINT('',(22.9944859099298,24.3016371186677,
-34.7737164222222));
#66910=CARTESIAN_POINT('',(22.9944859099412,23.2703406440825,
-36.0318266433431));
#66920=CARTESIAN_POINT('',(22.9944859099442,22.2556464704041,
-36.3647495329694));
#66930=CARTESIAN_POINT('',(22.9944859099442,21.7660269643654,
-36.3647495329751));
#66940=B_SPLINE_CURVE_WITH_KNOTS('',3,(#66850,#66860,#66870,#66880,
#66890,#66900,#66910,#66920,#66930),.UNSPECIFIED.,.F.,.F.,(4,1,1,1,1,1,4
),(7.88522277752954,9.33863887062992,10.8973022053628,12.5545422128445,
14.2117822203262,15.7704455550591,17.2238616481595),.UNSPECIFIED.);
#66950=CARTESIAN_POINT('',(22.9944859099035,24.3160266561308,
-31.8602109729259));
#66960=VERTEX_POINT('',#66950);
#66970=EDGE_CURVE('',#66960,#66820,#66940,.T.);
#66980=ORIENTED_EDGE('',*,*,#66970,.T.);
#66990=CARTESIAN_POINT('',(22.9944859098206,24.3160266562062,
-22.6999999621631));
#67000=DIRECTION('',(9.04552778569693E-12,-8.21363947603596E-12,-1.));
#67010=VECTOR('',#67000,1.);
#67020=LINE('',#66990,#67010);
#67030=EDGE_CURVE('',#66070,#66960,#67020,.T.);
#67040=ORIENTED_EDGE('',*,*,#67030,.T.);
#67050=EDGE_LOOP('',(#67040,#66980,#66840,#66760,#66680,#66600,#66520,
#66440,#66360,#66280,#66270,#66260,#66250,#66240,#66230,#66220,#66210,
#66200,#66190,#66180,#66170,#66160,#66150,#66140,#66130,#66120,#66110,
#66100,#66090));
#67060=FACE_OUTER_BOUND('',#67050,.T.);
#67070=ADVANCED_FACE('',(#67060),#65950,.T.);
#67080=CARTESIAN_POINT('',(13.6944871734621,26.6220600612885,
-31.2347499216644));
#67090=DIRECTION('',(0.382683432368623,-4.98106447614114E-12,
-0.923879532509823));
#67100=DIRECTION('',(-1.31145094783847E-13,1.,-5.445787415036E-12));
#67110=AXIS2_PLACEMENT_3D('',#67080,#67090,#67100);
#67120=PLANE('',#67110);
#67130=CARTESIAN_POINT('',(1.45952139263272E-10,37.6657549292388,
-36.9071922387172));
#67140=DIRECTION('',(0.911859297084429,-0.160785391722198,
0.37770448783332));
#67150=VECTOR('',#67140,1.);
#67160=LINE('',#67130,#67150);
#67170=CARTESIAN_POINT('',(15.5944859104323,34.9160263978636,
-30.4477446763558));
#67180=VERTEX_POINT('',#67170);
#67190=EDGE_CURVE('',#67180,#9260,#67160,.T.);
#67200=ORIENTED_EDGE('',*,*,#67190,.T.);
#67210=CARTESIAN_POINT('',(1.45952139263272E-10,34.9160263978017,
-36.9071922387024));
#67220=DIRECTION('',(-0.923879532509823,-4.19544954333162E-12,
-0.382683432368623));
#67230=VECTOR('',#67220,1.);
#67240=LINE('',#67210,#67230);
#67250=CARTESIAN_POINT('',(13.8668547137692,34.9160263978635,
-31.1633529488003));
#67260=VERTEX_POINT('',#67250);
#67270=EDGE_CURVE('',#67180,#67260,#67240,.T.);
#67280=ORIENTED_EDGE('',*,*,#67270,.F.);
#67290=CARTESIAN_POINT('',(1.45952139263272E-10,37.3611269459329,
-36.9071922387156));
#67300=DIRECTION('',(-0.911859297084655,0.160785391720697,
-0.377704487833414));
#67310=VECTOR('',#67300,1.);
#67320=LINE('',#67290,#67310);
#67330=EDGE_CURVE('',#9300,#67260,#67320,.T.);
#67340=ORIENTED_EDGE('',*,*,#67330,.T.);
#67350=ORIENTED_EDGE('',*,*,#9310,.F.);
#67360=EDGE_LOOP('',(#67350,#67340,#67280,#67200));
#67370=FACE_OUTER_BOUND('',#67360,.T.);
#67380=ADVANCED_FACE('',(#67370),#67120,.T.);
#67390=COLOUR_RGB('',0.501960813999176,1.,0.501960813999176);
#67400=FILL_AREA_STYLE_COLOUR('',#67390);
#67410=FILL_AREA_STYLE('',(#67400));
#67420=SURFACE_STYLE_FILL_AREA(#67410);
#67430=SURFACE_SIDE_STYLE('',(#67420));
#67440=SURFACE_STYLE_USAGE(.BOTH.,#67430);
#67450=PRESENTATION_STYLE_ASSIGNMENT((#67440));
#67460=CARTESIAN_POINT('',(22.7132492199692,32.7656163423379,
-33.1347498786399));
#67470=DIRECTION('',(0.965925826289069,0.25881904510252,
1.58401463471868E-12));
#67480=DIRECTION('',(-0.25881904510252,0.965925826289069,
-6.48591721427982E-12));
#67490=AXIS2_PLACEMENT_3D('',#67460,#67470,#67480);
#67500=PLANE('',#67490);
#67510=ORIENTED_EDGE('',*,*,#66590,.T.);
#67520=CARTESIAN_POINT('',(31.4927696585964,-9.59303747549711E-11,
-36.4347498783733));
#67530=DIRECTION('',(0.25881904510252,-0.965925826289069,
1.29308785901117E-11));
#67540=VECTOR('',#67530,1.);
#67550=LINE('',#67520,#67540);
#67560=CARTESIAN_POINT('',(22.4614917452359,33.7051880298399,
-36.4347498788245));
#67570=VERTEX_POINT('',#67560);
#67580=EDGE_CURVE('',#67570,#66500,#67550,.T.);
#67590=ORIENTED_EDGE('',*,*,#67580,.T.);
#67600=CARTESIAN_POINT('',(22.4614917449282,33.7051880303548,
-29.6499999601646));
#67610=DIRECTION('',(3.20873895090958E-12,-5.85501421344136E-12,-1.));
#67620=VECTOR('',#67610,1.);
#67630=LINE('',#67600,#67620);
#67640=CARTESIAN_POINT('',(22.461491744953,33.7051880303095,
-37.3847501952594));
#67650=VERTEX_POINT('',#67640);
#67660=EDGE_CURVE('',#67570,#67650,#67630,.T.);
#67670=ORIENTED_EDGE('',*,*,#67660,.F.);
#67680=CARTESIAN_POINT('',(31.787513769969,-1.09999999955651,
-37.3847501945449));
#67690=DIRECTION('',(0.25881904510252,-0.965925826289069,
1.98288052644102E-11));
#67700=VECTOR('',#67690,1.);
#67710=LINE('',#67680,#67700);
#67720=EDGE_CURVE('',#67650,#66660,#67710,.T.);
#67730=ORIENTED_EDGE('',*,*,#67720,.F.);
#67740=ORIENTED_EDGE('',*,*,#66670,.T.);
#67750=EDGE_LOOP('',(#67740,#67730,#67670,#67590,#67510));
#67760=FACE_OUTER_BOUND('',#67750,.T.);
#67770=ADVANCED_FACE('',(#67760),#67500,.T.);
#67780=COLOUR_RGB('',0.501960813999176,1.,0.501960813999176);
#67790=FILL_AREA_STYLE_COLOUR('',#67780);
#67800=FILL_AREA_STYLE('',(#67790));
#67810=SURFACE_STYLE_FILL_AREA(#67800);
#67820=SURFACE_SIDE_STYLE('',(#67810));
#67830=SURFACE_STYLE_USAGE(.BOTH.,#67820);
#67840=PRESENTATION_STYLE_ASSIGNMENT((#67830));
#67850=CARTESIAN_POINT('',(24.4667289184132,21.7660269642895,
-29.9047502234472));
#67860=CARTESIAN_POINT('',(24.1840469648013,22.2556464703282,
-29.904750223444));
#67870=CARTESIAN_POINT('',(23.5982130104798,23.2703406440144,
-30.2376731130517));
#67880=CARTESIAN_POINT('',(23.0027937132521,24.3016371186292,
-31.4957833341538));
#67890=CARTESIAN_POINT('',(22.7933577313162,24.6643908802874,
-33.1347498781856));
#67900=CARTESIAN_POINT('',(23.0027937132439,24.3016371186677,
-34.7737164222221));
#67910=CARTESIAN_POINT('',(23.5982130104654,23.2703406440825,
-36.0318266433376));
#67920=CARTESIAN_POINT('',(24.1840469647852,22.2556464704041,
-36.3647495329586));
#67930=CARTESIAN_POINT('',(24.4667289183972,21.7660269643654,
-36.3647495329618));
#67940=B_SPLINE_CURVE_WITH_KNOTS('',3,(#67850,#67860,#67870,#67880,
#67890,#67900,#67910,#67920,#67930),.UNSPECIFIED.,.F.,.F.,(4,1,1,1,1,1,4
),(7.88522277752954,9.33863887062992,10.8973022053628,12.5545422128445,
14.2117822203262,15.7704455550591,17.2238616481595),.UNSPECIFIED.);
#67950=CARTESIAN_POINT('',(23.7944859096191,22.9303860102163,
-30.2042018062607));
#67960=VERTEX_POINT('',#67950);
#67970=EDGE_CURVE('',#67960,#66960,#67940,.T.);
#67980=ORIENTED_EDGE('',*,*,#67970,.T.);
#67990=CARTESIAN_POINT('',(23.7944859098013,22.9303860101845,
-22.6999999621631));
#68000=DIRECTION('',(9.04552778569693E-12,-8.21363947603596E-12,-1.));
#68010=VECTOR('',#68000,1.);
#68020=LINE('',#67990,#68010);
#68030=CARTESIAN_POINT('',(23.7944859096336,22.9303860105935,
-29.3847495328553));
#68040=VERTEX_POINT('',#68030);
#68050=EDGE_CURVE('',#68040,#67960,#68020,.T.);
#68060=ORIENTED_EDGE('',*,*,#68050,.T.);
#68070=CARTESIAN_POINT('',(23.7944859095393,22.9303860105378,0.));
#68080=DIRECTION('',(-3.20873895090958E-12,-1.89597533886647E-12,1.));
#68090=VECTOR('',#68080,1.);
#68100=LINE('',#68070,#68090);
#68110=CARTESIAN_POINT('',(23.794485909887,22.9303860101508,
-28.8847499376646));
#68120=VERTEX_POINT('',#68110);
#68130=EDGE_CURVE('',#68040,#68120,#68100,.T.);
#68140=ORIENTED_EDGE('',*,*,#68130,.F.);
#68150=CARTESIAN_POINT('',(23.7944859097849,22.9303860102256,
-15.1999999621631));
#68160=DIRECTION('',(9.04552778569693E-12,-8.21363947603596E-12,-1.));
#68170=VECTOR('',#68160,1.);
#68180=LINE('',#68150,#68170);
#68190=CARTESIAN_POINT('',(23.7944859099074,22.9303860101131,
-28.5652979502466));
#68200=VERTEX_POINT('',#68190);
#68210=EDGE_CURVE('',#68200,#68120,#68180,.T.);
#68220=ORIENTED_EDGE('',*,*,#68210,.T.);
#68230=CARTESIAN_POINT('',(24.4667289183968,21.7660269643306,
-22.4047502234472));
#68240=CARTESIAN_POINT('',(24.1840469647848,22.2556464703693,
-22.404750223444));
#68250=CARTESIAN_POINT('',(23.5982130104634,23.2703406440555,
-22.7376731130517));
#68260=CARTESIAN_POINT('',(23.0027937132357,24.3016371186703,
-23.9957833341538));
#68270=CARTESIAN_POINT('',(22.7933577312998,24.6643908803285,
-25.6347498781856));
#68280=CARTESIAN_POINT('',(23.0027937132275,24.3016371187088,
-27.2737164222221));
#68290=CARTESIAN_POINT('',(23.598213010449,23.2703406441236,
-28.5318266433376));
#68300=CARTESIAN_POINT('',(24.1840469647688,22.2556464704452,
-28.8647495329586));
#68310=CARTESIAN_POINT('',(24.4667289183807,21.7660269644065,
-28.8647495329618));
#68320=B_SPLINE_CURVE_WITH_KNOTS('',3,(#68230,#68240,#68250,#68260,
#68270,#68280,#68290,#68300,#68310),.UNSPECIFIED.,.F.,.F.,(4,1,1,1,1,1,4
),(7.88522277752954,9.33863887062992,10.8973022053628,12.5545422128445,
14.2117822203262,15.7704455550591,17.2238616481595),.UNSPECIFIED.);
#68330=EDGE_CURVE('',#66070,#68200,#68320,.T.);
#68340=ORIENTED_EDGE('',*,*,#68330,.T.);
#68350=ORIENTED_EDGE('',*,*,#67030,.F.);
#68360=EDGE_LOOP('',(#68350,#68340,#68220,#68140,#68060,#67980));
#68370=FACE_OUTER_BOUND('',#68360,.T.);
#68380=ADVANCED_FACE('',(#68370),#64100,.F.);
#68390=COLOUR_RGB('',0.501960813999176,1.,0.501960813999176);
#68400=FILL_AREA_STYLE_COLOUR('',#68390);
#68410=FILL_AREA_STYLE('',(#68400));
#68420=SURFACE_STYLE_FILL_AREA(#68410);
#68430=SURFACE_SIDE_STYLE('',(#68420));
#68440=SURFACE_STYLE_USAGE(.BOTH.,#68430);
#68450=PRESENTATION_STYLE_ASSIGNMENT((#68440));
#68460=CARTESIAN_POINT('',(17.7944859098793,20.1160269106465,
-25.6347498784137));
#68470=DIRECTION('',(1.,1.94345269691354E-16,9.04552778569694E-12));
#68480=DIRECTION('',(9.04552778569695E-12,-1.67677449009172E-11,-1.));
#68490=AXIS2_PLACEMENT_3D('',#68460,#68470,#68480);
#68500=PLANE('',#68490);
#68510=CARTESIAN_POINT('',(17.7944859098501,21.7660269643306,
-22.4047502235076));
#68520=CARTESIAN_POINT('',(17.7944859098501,22.2556464703693,
-22.4047502235018));
#68530=CARTESIAN_POINT('',(17.7944859098531,23.2703406440555,
-22.7376731131042));
#68540=CARTESIAN_POINT('',(17.7944859098645,24.3016371186703,
-23.9957833342009));
#68550=CARTESIAN_POINT('',(17.7944859098793,24.6643908803285,
-25.6347498782308));
#68560=CARTESIAN_POINT('',(17.7944859098941,24.3016371187088,
-27.2737164222692));
#68570=CARTESIAN_POINT('',(17.7944859099055,23.2703406441236,
-28.5318266433901));
#68580=CARTESIAN_POINT('',(17.7944859099085,22.2556464704452,
-28.8647495330164));
#68590=CARTESIAN_POINT('',(17.7944859099085,21.7660269644065,
-28.8647495330222));
#68600=B_SPLINE_CURVE_WITH_KNOTS('',3,(#68510,#68520,#68530,#68540,
#68550,#68560,#68570,#68580,#68590),.UNSPECIFIED.,.F.,.F.,(4,1,1,1,1,1,4
),(7.88522277752954,9.33863887062992,10.8973022053628,12.5545422128445,
14.2117822203262,15.7704455550591,17.2238616481595),.UNSPECIFIED.);
#68610=EDGE_CURVE('',#64760,#14910,#68600,.T.);
#68620=ORIENTED_EDGE('',*,*,#68610,.F.);
#68630=ORIENTED_EDGE('',*,*,#14920,.T.);
#68640=ORIENTED_EDGE('',*,*,#65290,.F.);
#68650=ORIENTED_EDGE('',*,*,#64790,.T.);
#68660=EDGE_LOOP('',(#68650,#68640,#68630,#68620));
#68670=FACE_OUTER_BOUND('',#68660,.T.);
#68680=ADVANCED_FACE('',(#68670),#68500,.T.);
#68690=CARTESIAN_POINT('',(3.99448590992546,10.8160266561891,
-27.6347501955223));
#68700=DIRECTION('',(-7.33693763477367E-23,-1.,1.09632613695891E-11));
#68710=DIRECTION('',(1.,2.57991089927397E-23,9.04552778569693E-12));
#68720=AXIS2_PLACEMENT_3D('',#68690,#68700,#68710);
#68730=PLANE('',#68720);
#68740=ORIENTED_EDGE('',*,*,#25030,.F.);
#68750=CARTESIAN_POINT('',(-2.00000000022366,10.8160266568613,
-37.3847501951266));
#68760=DIRECTION('',(-1.,-8.5796642778281E-23,-1.10175052721625E-11));
#68770=VECTOR('',#68760,1.);
#68780=LINE('',#68750,#68770);
#68790=CARTESIAN_POINT('',(3.99448590968916,10.81602665669,
-37.3847501950605));
#68800=VERTEX_POINT('',#68790);
#68810=EDGE_CURVE('',#24940,#68800,#68780,.T.);
#68820=ORIENTED_EDGE('',*,*,#68810,.F.);
#68830=CARTESIAN_POINT('',(3.99448590970386,10.8160266566915,
-29.6499999601646));
#68840=DIRECTION('',(-1.89951491415782E-12,-1.93034791596791E-13,-1.));
#68850=VECTOR('',#68840,1.);
#68860=LINE('',#68830,#68850);
#68870=CARTESIAN_POINT('',(3.9944859099187,10.8160266561628,
-33.7847498997848));
#68880=VERTEX_POINT('',#68870);
#68890=EDGE_CURVE('',#68880,#68800,#68860,.T.);
#68900=ORIENTED_EDGE('',*,*,#68890,.T.);
#68910=CARTESIAN_POINT('',(3.99448590992692,10.8160266562843,
-22.6999999621631));
#68920=DIRECTION('',(7.41573785290573E-13,1.09632613695891E-11,1.));
#68930=VECTOR('',#68920,1.);
#68940=LINE('',#68910,#68930);
#68950=EDGE_CURVE('',#68880,#4110,#68940,.T.);
#68960=ORIENTED_EDGE('',*,*,#68950,.F.);
#68970=ORIENTED_EDGE('',*,*,#4120,.T.);
#68980=ORIENTED_EDGE('',*,*,#25090,.F.);
#68990=EDGE_LOOP('',(#68980,#68970,#68960,#68900,#68820,#68740));
#69000=FACE_OUTER_BOUND('',#68990,.T.);
#69010=ORIENTED_EDGE('',*,*,#48000,.F.);
#69020=ORIENTED_EDGE('',*,*,#49080,.T.);
#69030=ORIENTED_EDGE('',*,*,#8220,.F.);
#69040=ORIENTED_EDGE('',*,*,#5270,.F.);
#69050=ORIENTED_EDGE('',*,*,#380,.F.);
#69060=ORIENTED_EDGE('',*,*,#38840,.F.);
#69070=ORIENTED_EDGE('',*,*,#28030,.T.);
#69080=ORIENTED_EDGE('',*,*,#2920,.T.);
#69090=EDGE_LOOP('',(#69080,#69070,#69060,#69050,#69040,#69030,#69020,
#69010));
#69100=FACE_BOUND('',#69090,.T.);
#69110=ORIENTED_EDGE('',*,*,#52410,.F.);
#69120=ORIENTED_EDGE('',*,*,#50570,.F.);
#69130=ORIENTED_EDGE('',*,*,#47490,.F.);
#69140=ORIENTED_EDGE('',*,*,#53570,.F.);
#69150=ORIENTED_EDGE('',*,*,#52910,.T.);
#69160=ORIENTED_EDGE('',*,*,#47000,.F.);
#69170=ORIENTED_EDGE('',*,*,#51020,.F.);
#69180=ORIENTED_EDGE('',*,*,#52040,.F.);
#69190=EDGE_LOOP('',(#69180,#69170,#69160,#69150,#69140,#69130,#69120,
#69110));
#69200=FACE_BOUND('',#69190,.T.);
#69210=CARTESIAN_POINT('',(19.0944858427438,10.8160266564921,0.));
#69220=DIRECTION('',(-1.52694996434032E-10,1.09632613695891E-11,1.));
#69230=VECTOR('',#69220,1.);
#69240=LINE('',#69210,#69230);
#69250=CARTESIAN_POINT('',(19.0944860356924,10.8160266562061,
-26.0847501477165));
#69260=VERTEX_POINT('',#69250);
#69270=CARTESIAN_POINT('',(19.0944858465893,10.816026656216,
-25.1847497697825));
#69280=VERTEX_POINT('',#69270);
#69290=EDGE_CURVE('',#69260,#69280,#69240,.T.);
#69300=ORIENTED_EDGE('',*,*,#69290,.F.);
#69310=CARTESIAN_POINT('',(0.,10.8160266564253,-6.09026373950797));
#69320=DIRECTION('',(-0.707106781284438,7.75218778059639E-12,
0.707106781088657));
#69330=VECTOR('',#69320,1.);
#69340=LINE('',#69310,#69330);
#69350=CARTESIAN_POINT('',(18.7944862244918,10.8160266562192,
-24.8847499587961));
#69360=VERTEX_POINT('',#69350);
#69370=EDGE_CURVE('',#69280,#69360,#69340,.T.);
#69380=ORIENTED_EDGE('',*,*,#69370,.F.);
#69390=CARTESIAN_POINT('',(0.,10.8160266562192,-24.8847499613979));
#69400=DIRECTION('',(-1.,-1.44436074709416E-21,-1.38438404642903E-10));
#69410=VECTOR('',#69400,1.);
#69420=LINE('',#69390,#69410);
#69430=CARTESIAN_POINT('',(18.1944862244779,10.8160266562192,
-24.8847499588791));
#69440=VERTEX_POINT('',#69430);
#69450=EDGE_CURVE('',#69360,#69440,#69420,.T.);
#69460=ORIENTED_EDGE('',*,*,#69450,.F.);
#69470=CARTESIAN_POINT('',(43.079236176467,10.8160266564921,0.));
#69480=DIRECTION('',(-0.707106781088657,-7.75218778059639E-12,
-0.707106781284438));
#69490=VECTOR('',#69480,1.);
#69500=LINE('',#69470,#69490);
#69510=CARTESIAN_POINT('',(17.8944860355563,10.816026656216,
-25.1847501478838));
#69520=VERTEX_POINT('',#69510);
#69530=EDGE_CURVE('',#69440,#69520,#69500,.T.);
#69540=ORIENTED_EDGE('',*,*,#69530,.F.);
#69550=CARTESIAN_POINT('',(17.894485843032,10.8160266564921,0.));
#69560=DIRECTION('',(1.41398534316824E-10,-1.09632613695892E-11,-1.));
#69570=VECTOR('',#69560,1.);
#69580=LINE('',#69550,#69570);
#69590=CARTESIAN_POINT('',(17.8944858467203,10.8160266562061,
-26.0847497699551));
#69600=VERTEX_POINT('',#69590);
#69610=EDGE_CURVE('',#69520,#69600,#69580,.T.);
#69620=ORIENTED_EDGE('',*,*,#69610,.F.);
#69630=CARTESIAN_POINT('',(0.,10.8160266564023,-8.19026373922749));
#69640=DIRECTION('',(0.707106781284438,-7.75218778059639E-12,
-0.707106781088657));
#69650=VECTOR('',#69640,1.);
#69660=LINE('',#69630,#69650);
#69670=CARTESIAN_POINT('',(18.1944862246856,10.8160266562028,
-26.3847499588754));
#69680=VERTEX_POINT('',#69670);
#69690=EDGE_CURVE('',#69600,#69680,#69660,.T.);
#69700=ORIENTED_EDGE('',*,*,#69690,.F.);
#69710=CARTESIAN_POINT('',(0.,10.8160266562028,-26.3847499613943));
#69720=DIRECTION('',(1.,1.44436074709416E-21,1.38438404642903E-10));
#69730=VECTOR('',#69720,1.);
#69740=LINE('',#69710,#69730);
#69750=CARTESIAN_POINT('',(18.7944862244637,10.8160266562028,
-26.3847499590281));
#69760=VERTEX_POINT('',#69750);
#69770=EDGE_CURVE('',#69680,#69760,#69740,.T.);
#69780=ORIENTED_EDGE('',*,*,#69770,.F.);
#69790=CARTESIAN_POINT('',(45.1792361761865,10.8160266564921,0.));
#69800=DIRECTION('',(-0.707106781088657,-7.75218778059639E-12,
-0.707106781284438));
#69810=VECTOR('',#69800,1.);
#69820=LINE('',#69790,#69810);
#69830=EDGE_CURVE('',#69260,#69760,#69820,.T.);
#69840=ORIENTED_EDGE('',*,*,#69830,.T.);
#69850=EDGE_LOOP('',(#69840,#69780,#69700,#69620,#69540,#69460,#69380,
#69300));
#69860=FACE_BOUND('',#69850,.T.);
#69870=CARTESIAN_POINT('',(0.,10.8160266561206,-33.8847499616509));
#69880=DIRECTION('',(1.,1.31901703489823E-21,1.27003681934284E-10));
#69890=VECTOR('',#69880,1.);
#69900=LINE('',#69870,#69890);
#69910=CARTESIAN_POINT('',(5.69448622479864,10.8160266561206,
-33.8847499609276));
#69920=VERTEX_POINT('',#69910);
#69930=CARTESIAN_POINT('',(6.29448622481256,10.8160266561206,
-33.8847499608514));
#69940=VERTEX_POINT('',#69930);
#69950=EDGE_CURVE('',#69920,#69940,#69900,.T.);
#69960=ORIENTED_EDGE('',*,*,#69950,.F.);
#69970=CARTESIAN_POINT('',(40.179236177057,10.8160266564921,0.));
#69980=DIRECTION('',(-0.707106781096742,-7.75216002502077E-12,
-0.707106781276353));
#69990=VECTOR('',#69980,1.);
#70000=LINE('',#69970,#69990);
#70010=CARTESIAN_POINT('',(6.59448603580043,10.8160266561239,
-33.5847499608133));
#70020=VERTEX_POINT('',#70010);
#70030=EDGE_CURVE('',#70020,#69940,#70000,.T.);
#70040=ORIENTED_EDGE('',*,*,#70030,.T.);
#70050=CARTESIAN_POINT('',(6.59448603105624,10.8160266564921,0.));
#70060=DIRECTION('',(1.41260273725405E-10,-1.09632613695891E-11,-1.));
#70070=VECTOR('',#70060,1.);
#70080=LINE('',#70050,#70070);
#70090=CARTESIAN_POINT('',(6.5944860356733,10.8160266561337,
-32.684749960817));
#70100=VERTEX_POINT('',#70090);
#70110=EDGE_CURVE('',#70100,#70020,#70080,.T.);
#70120=ORIENTED_EDGE('',*,*,#70110,.T.);
#70130=CARTESIAN_POINT('',(0.,10.816026656206,-26.0902637378319));
#70140=DIRECTION('',(-0.707106781276353,7.75216002502077E-12,
0.707106781096742));
#70150=VECTOR('',#70140,1.);
#70160=LINE('',#70130,#70150);
#70170=CARTESIAN_POINT('',(6.29448622462253,10.816026656137,
-32.3847499608556));
#70180=VERTEX_POINT('',#70170);
#70190=EDGE_CURVE('',#70100,#70180,#70160,.T.);
#70200=ORIENTED_EDGE('',*,*,#70190,.F.);
#70210=CARTESIAN_POINT('',(0.,10.816026656137,-32.3847499617447));
#70220=DIRECTION('',(1.,1.47530247188247E-21,1.41260273725428E-10));
#70230=VECTOR('',#70220,1.);
#70240=LINE('',#70210,#70230);
#70250=CARTESIAN_POINT('',(5.69448622459911,10.816026656137,
-32.3847499609403));
#70260=VERTEX_POINT('',#70250);
#70270=EDGE_CURVE('',#70260,#70180,#70240,.T.);
#70280=ORIENTED_EDGE('',*,*,#70270,.T.);
#70290=CARTESIAN_POINT('',(38.0792361773135,10.8160266564921,0.));
#70300=DIRECTION('',(-0.707106781096742,-7.75216002502077E-12,
-0.707106781276353));
#70310=VECTOR('',#70300,1.);
#70320=LINE('',#70290,#70310);
#70330=CARTESIAN_POINT('',(5.39448622464623,10.8160266561337,
-32.6847499609694));
#70340=VERTEX_POINT('',#70330);
#70350=EDGE_CURVE('',#70260,#70340,#70320,.T.);
#70360=ORIENTED_EDGE('',*,*,#70350,.F.);
#70370=CARTESIAN_POINT('',(5.39448622003312,10.8160266564921,0.));
#70380=DIRECTION('',(1.41260273725405E-10,-1.09632613695891E-11,-1.));
#70390=VECTOR('',#70380,1.);
#70400=LINE('',#70370,#70390);
#70410=CARTESIAN_POINT('',(5.39448622477731,10.8160266561239,
-33.5847499609657));
#70420=VERTEX_POINT('',#70410);
#70430=EDGE_CURVE('',#70340,#70420,#70400,.T.);
#70440=ORIENTED_EDGE('',*,*,#70430,.F.);
#70450=CARTESIAN_POINT('',(0.,10.816026656183,-28.1902637375754));
#70460=DIRECTION('',(0.707106781276353,-7.75216002502077E-12,
-0.707106781096742));
#70470=VECTOR('',#70460,1.);
#70480=LINE('',#70450,#70470);
#70490=EDGE_CURVE('',#70420,#69920,#70480,.T.);
#70500=ORIENTED_EDGE('',*,*,#70490,.F.);
#70510=EDGE_LOOP('',(#70500,#70440,#70360,#70280,#70200,#70120,#70040,
#69960));
#70520=FACE_BOUND('',#70510,.T.);
#70530=ADVANCED_FACE('',(#69000,#69100,#69200,#69860,#70520),#68730,.T.)
;
#70540=CARTESIAN_POINT('',(16.5739110353004,20.2287372001032,
-30.9347499004005));
#70550=DIRECTION('',(-4.13775374325647E-11,-1.62988306776861E-11,-1.));
#70560=DIRECTION('',(-1.,-2.76408288625059E-11,4.13775374330152E-11));
#70570=AXIS2_PLACEMENT_3D('',#70540,#70550,#70560);
#70580=PLANE('',#70570);
#70590=CARTESIAN_POINT('',(18.5944857178903,-9.59303747549711E-11,
-30.9347499006303));
#70600=DIRECTION('',(-1.04491970631727E-11,1.,-2.5012942213716E-12));
#70610=VECTOR('',#70600,1.);
#70620=LINE('',#70590,#70610);
#70630=CARTESIAN_POINT('',(18.5944857172745,34.3987599931312,
-30.9347499007151));
#70640=VERTEX_POINT('',#70630);
#70650=EDGE_CURVE('',#70640,#10840,#70620,.T.);
#70660=ORIENTED_EDGE('',*,*,#70650,.F.);
#70670=ORIENTED_EDGE('',*,*,#10850,.T.);
#70680=ORIENTED_EDGE('',*,*,#53800,.F.);
#70690=CARTESIAN_POINT('',(1.45952139263272E-10,37.6774694162821,
-30.9347498999991));
#70700=DIRECTION('',(0.984807753928578,-0.173648172469936,
-3.79186543275623E-11));
#70710=VECTOR('',#70700,1.);
#70720=LINE('',#70690,#70710);
#70730=EDGE_CURVE('',#70640,#53790,#70720,.T.);
#70740=ORIENTED_EDGE('',*,*,#70730,.T.);
#70750=EDGE_LOOP('',(#70740,#70680,#70670,#70660));
#70760=FACE_OUTER_BOUND('',#70750,.T.);
#70770=ADVANCED_FACE('',(#70760),#70580,.F.);
#70780=CARTESIAN_POINT('',(26.7444859100211,32.2520743162559,
-30.1513218722993));
#70790=DIRECTION('',(-1.,-2.59625654310325E-13,-3.29887159557721E-13));
#70800=DIRECTION('',(-2.59625654308593E-13,1.,-5.25153085039076E-12));
#70810=AXIS2_PLACEMENT_3D('',#70780,#70790,#70800);
#70820=PLANE('',#70810);
#70830=CARTESIAN_POINT('',(26.7444859100156,31.1660264434846,
-29.1267475260037));
#70840=DIRECTION('',(2.14618160360293E-12,-5.11928974526717E-12,-1.));
#70850=VECTOR('',#70840,1.);
#70860=LINE('',#70830,#70850);
#70870=CARTESIAN_POINT('',(26.7444859100226,31.166026443481,
-29.8347499217446));
#70880=VERTEX_POINT('',#70870);
#70890=CARTESIAN_POINT('',(26.7444859100235,31.1660264434472,
-36.4347498787579));
#70900=VERTEX_POINT('',#70890);
#70910=EDGE_CURVE('',#70880,#70900,#70860,.T.);
#70920=ORIENTED_EDGE('',*,*,#70910,.F.);
#70930=CARTESIAN_POINT('',(26.7444859100252,24.3209931857954,
-36.4347498786829));
#70940=DIRECTION('',(-2.59681165459824E-13,1.,-1.09632489027278E-11));
#70950=VECTOR('',#70940,1.);
#70960=LINE('',#70930,#70950);
#70970=CARTESIAN_POINT('',(26.7444859100137,30.262289736626,
-36.4347498787497));
#70980=VERTEX_POINT('',#70970);
#70990=EDGE_CURVE('',#70980,#70900,#70960,.T.);
#71000=ORIENTED_EDGE('',*,*,#70990,.T.);
#71010=CARTESIAN_POINT('',(26.7444859100137,30.262289736626,
-36.4347498788187));
#71020=DIRECTION('',(2.14618160360293E-12,-5.11928974526717E-12,-1.));
#71030=VECTOR('',#71020,1.);
#71040=LINE('',#71010,#71030);
#71050=CARTESIAN_POINT('',(26.7444859099995,30.2622897366598,
-29.83474992174));
#71060=VERTEX_POINT('',#71050);
#71070=EDGE_CURVE('',#71060,#70980,#71040,.T.);
#71080=ORIENTED_EDGE('',*,*,#71070,.T.);
#71090=CARTESIAN_POINT('',(26.7444859100231,24.3209931858298,
-29.8347499217096));
#71100=DIRECTION('',(-2.59681165459824E-13,1.,-5.11928470128153E-12));
#71110=VECTOR('',#71100,1.);
#71120=LINE('',#71090,#71110);
#71130=EDGE_CURVE('',#71060,#70880,#71120,.T.);
#71140=ORIENTED_EDGE('',*,*,#71130,.F.);
#71150=EDGE_LOOP('',(#71140,#71080,#71000,#70920));
#71160=FACE_OUTER_BOUND('',#71150,.T.);
#71170=ADVANCED_FACE('',(#71160),#70820,.F.);
#71180=COLOUR_RGB('',1.,0.709803938865662,0.);
#71190=FILL_AREA_STYLE_COLOUR('',#71180);
#71200=FILL_AREA_STYLE('',(#71190));
#71210=SURFACE_STYLE_FILL_AREA(#71200);
#71220=SURFACE_SIDE_STYLE('',(#71210));
#71230=SURFACE_STYLE_USAGE(.BOTH.,#71220);
#71240=PRESENTATION_STYLE_ASSIGNMENT((#71230));
#71250=CARTESIAN_POINT('',(17.7944859098501,21.7660269643306,
-22.4047502235076));
#71260=CARTESIAN_POINT('',(17.7944859098501,22.2556464703693,
-22.4047502235018));
#71270=CARTESIAN_POINT('',(17.7944859098531,23.2703406440555,
-22.7376731131042));
#71280=CARTESIAN_POINT('',(17.7944859098645,24.3016371186703,
-23.9957833342009));
#71290=CARTESIAN_POINT('',(17.7944859098793,24.6643908803285,
-25.6347498782308));
#71300=CARTESIAN_POINT('',(17.7944859098941,24.3016371187088,
-27.2737164222692));
#71310=CARTESIAN_POINT('',(17.7944859099055,23.2703406441236,
-28.5318266433901));
#71320=CARTESIAN_POINT('',(17.7944859099085,22.2556464704452,
-28.8647495330164));
#71330=CARTESIAN_POINT('',(17.7944859099085,21.7660269644065,
-28.8647495330222));
#71340=B_SPLINE_CURVE_WITH_KNOTS('',3,(#71250,#71260,#71270,#71280,
#71290,#71300,#71310,#71320,#71330),.UNSPECIFIED.,.F.,.F.,(4,1,1,1,1,1,4
),(7.88522277752954,9.33863887062992,10.8973022053628,12.5545422128445,
14.2117822203262,15.7704455550591,17.2238616481595),.UNSPECIFIED.);
#71350=DIRECTION('',(1.,1.94345107485516E-16,9.04555523367188E-12));
#71360=VECTOR('',#71350,1.);
#71370=SURFACE_OF_LINEAR_EXTRUSION('',#71340,#71360);
#71380=ORIENTED_EDGE('',*,*,#68610,.T.);
#71390=ORIENTED_EDGE('',*,*,#65010,.F.);
#71400=CARTESIAN_POINT('',(23.7944859095999,21.7660269643306,
-22.4047502234533));
#71410=CARTESIAN_POINT('',(23.7944859095999,22.2556464703693,
-22.4047502234475));
#71420=CARTESIAN_POINT('',(23.794485909603,23.2703406440555,
-22.73767311305));
#71430=CARTESIAN_POINT('',(23.7944859096143,24.3016371186703,
-23.9957833341467));
#71440=CARTESIAN_POINT('',(23.7944859096292,24.6643908803285,
-25.6347498781765));
#71450=CARTESIAN_POINT('',(23.794485909644,24.3016371187088,
-27.2737164222149));
#71460=CARTESIAN_POINT('',(23.7944859096554,23.2703406441236,
-28.5318266433358));
#71470=CARTESIAN_POINT('',(23.7944859096584,22.2556464704452,
-28.8647495329621));
#71480=CARTESIAN_POINT('',(23.7944859096584,21.7660269644065,
-28.8647495329679));
#71490=B_SPLINE_CURVE_WITH_KNOTS('',3,(#71400,#71410,#71420,#71430,
#71440,#71450,#71460,#71470,#71480),.UNSPECIFIED.,.F.,.F.,(4,1,1,1,1,1,4
),(7.88522277752954,9.33863887062992,10.8973022053628,12.5545422128445,
14.2117822203262,15.7704455550591,17.2238616481595),.UNSPECIFIED.);
#71500=EDGE_CURVE('',#64940,#64220,#71490,.T.);
#71510=ORIENTED_EDGE('',*,*,#71500,.F.);
#71520=ORIENTED_EDGE('',*,*,#64250,.F.);
#71530=ORIENTED_EDGE('',*,*,#66080,.F.);
#71540=ORIENTED_EDGE('',*,*,#68330,.F.);
#71550=EDGE_CURVE('',#68200,#14990,#71490,.T.);
#71560=ORIENTED_EDGE('',*,*,#71550,.F.);
#71570=ORIENTED_EDGE('',*,*,#15000,.T.);
#71580=EDGE_LOOP('',(#71570,#71560,#71540,#71530,#71520,#71510,#71390,
#71380));
#71590=FACE_OUTER_BOUND('',#71580,.T.);
#71600=ADVANCED_FACE('',(#71590),#71370,.T.);
#71610=CARTESIAN_POINT('',(21.994485909924,16.766026856881,
-22.2797495331851));
#71620=DIRECTION('',(1.11022307159033E-16,-1.,-1.43490456506508E-12));
#71630=DIRECTION('',(1.,1.11022306869664E-16,2.01664496198233E-13));
#71640=AXIS2_PLACEMENT_3D('',#71610,#71620,#71630);
#71650=PLANE('',#71640);
#71660=CARTESIAN_POINT('',(21.1944859099067,16.7660268568809,
-22.2072954083185));
#71670=DIRECTION('',(-1.,-3.60878563434073E-16,-3.20873895090958E-12));
#71680=VECTOR('',#71670,1.);
#71690=LINE('',#71660,#71680);
#71700=CARTESIAN_POINT('',(23.7944859098568,16.7660268568809,
-22.2072954083101));
#71710=VERTEX_POINT('',#71700);
#71720=EDGE_CURVE('',#71710,#24220,#71690,.T.);
#71730=ORIENTED_EDGE('',*,*,#71720,.F.);
#71740=ORIENTED_EDGE('',*,*,#24230,.T.);
#71750=ORIENTED_EDGE('',*,*,#20440,.T.);
#71760=CARTESIAN_POINT('',(23.7944859095469,16.7660268569009,0.));
#71770=DIRECTION('',(-3.20873895090958E-12,-1.43490456506508E-12,1.));
#71780=VECTOR('',#71770,1.);
#71790=LINE('',#71760,#71780);
#71800=CARTESIAN_POINT('',(23.7944859096171,16.7660268569323,
-21.8847495327469));
#71810=VERTEX_POINT('',#71800);
#71820=EDGE_CURVE('',#71810,#20370,#71790,.T.);
#71830=ORIENTED_EDGE('',*,*,#71820,.T.);
#71840=CARTESIAN_POINT('',(23.7944859097849,16.7660268568709,
-15.1999999621631));
#71850=DIRECTION('',(9.04552778569693E-12,1.43490456506508E-12,-1.));
#71860=VECTOR('',#71850,1.);
#71870=LINE('',#71840,#71860);
#71880=EDGE_CURVE('',#71810,#71710,#71870,.T.);
#71890=ORIENTED_EDGE('',*,*,#71880,.F.);
#71900=EDGE_LOOP('',(#71890,#71830,#71750,#71740,#71730));
#71910=FACE_OUTER_BOUND('',#71900,.T.);
#71920=ADVANCED_FACE('',(#71910),#71650,.T.);
#71930=COLOUR_RGB('',0.501960813999176,1.,0.501960813999176);
#71940=FILL_AREA_STYLE_COLOUR('',#71930);
#71950=FILL_AREA_STYLE('',(#71940));
#71960=SURFACE_STYLE_FILL_AREA(#71950);
#71970=SURFACE_SIDE_STYLE('',(#71960));
#71980=SURFACE_STYLE_USAGE(.BOTH.,#71970);
#71990=PRESENTATION_STYLE_ASSIGNMENT((#71980));
#72000=CARTESIAN_POINT('',(18.5944857175226,34.0824175227549,
-35.1347501956453));
#72010=DIRECTION('',(0.173648172469936,0.984807753928578,
-9.22596543610473E-12));
#72020=DIRECTION('',(-0.984807753928578,0.173648172469936,
-1.08118562028701E-11));
#72030=AXIS2_PLACEMENT_3D('',#72000,#72010,#72020);
#72040=PLANE('',#72030);
#72050=ORIENTED_EDGE('',*,*,#9390,.F.);
#72060=ORIENTED_EDGE('',*,*,#67330,.F.);
#72070=CARTESIAN_POINT('',(13.8668547142097,34.9160263978651,
-22.6999999621631));
#72080=DIRECTION('',(5.20354642841209E-11,1.93034791596792E-13,1.));
#72090=VECTOR('',#72080,1.);
#72100=LINE('',#72070,#72090);
#72110=CARTESIAN_POINT('',(13.8668547135642,34.9160263978627,
-35.1061468517568));
#72120=VERTEX_POINT('',#72110);
#72130=EDGE_CURVE('',#72120,#67260,#72100,.T.);
#72140=ORIENTED_EDGE('',*,*,#72130,.T.);
#72150=CARTESIAN_POINT('',(1.45952139263272E-10,37.3611269460036,
-29.3623075620609));
#72160=DIRECTION('',(-0.911859297086664,0.160785391728128,
0.377704487825399));
#72170=VECTOR('',#72160,1.);
#72180=LINE('',#72150,#72170);
#72190=EDGE_CURVE('',#9380,#72120,#72180,.T.);
#72200=ORIENTED_EDGE('',*,*,#72190,.T.);
#72210=EDGE_LOOP('',(#72200,#72140,#72060,#72050));
#72220=FACE_OUTER_BOUND('',#72210,.T.);
#72230=ADVANCED_FACE('',(#72220),#72040,.T.);
#72240=CARTESIAN_POINT('',(13.6944871734384,26.6220600612731,
-35.0347498788841));
#72250=DIRECTION('',(-0.382683432362398,-4.49459508293818E-12,
-0.923879532512402));
#72260=DIRECTION('',(-1.03173025678416E-12,-1.,5.29227132630612E-12));
#72270=AXIS2_PLACEMENT_3D('',#72240,#72250,#72260);
#72280=PLANE('',#72270);
#72290=ORIENTED_EDGE('',*,*,#9470,.T.);
#72300=ORIENTED_EDGE('',*,*,#72190,.F.);
#72310=CARTESIAN_POINT('',(1.45952139263272E-10,34.9160263978638,
-29.362307562049));
#72320=DIRECTION('',(-0.923879532512402,7.38853422888042E-14,
0.382683432362398));
#72330=VECTOR('',#72320,1.);
#72340=LINE('',#72310,#72330);
#72350=CARTESIAN_POINT('',(15.5944859103523,34.9160263978625,
-35.8217551242394));
#72360=VERTEX_POINT('',#72350);
#72370=EDGE_CURVE('',#72360,#72120,#72340,.T.);
#72380=ORIENTED_EDGE('',*,*,#72370,.T.);
#72390=CARTESIAN_POINT('',(1.45952139263272E-10,37.6657549292787,
-29.3623075620624));
#72400=DIRECTION('',(-0.91185929708689,0.160785391726627,
0.377704487825493));
#72410=VECTOR('',#72400,1.);
#72420=LINE('',#72390,#72410);
#72430=EDGE_CURVE('',#9460,#72360,#72420,.T.);
#72440=ORIENTED_EDGE('',*,*,#72430,.T.);
#72450=EDGE_LOOP('',(#72440,#72380,#72300,#72290));
#72460=FACE_OUTER_BOUND('',#72450,.T.);
#72470=ADVANCED_FACE('',(#72460),#72280,.F.);
#72480=CARTESIAN_POINT('',(3.994485909696,11.3160266566907,
-33.7847498613156));
#72490=DIRECTION('',(-1.,5.84288634719919E-25,1.89951491415782E-12));
#72500=DIRECTION('',(2.17616169130465E-25,1.,-1.93034791596792E-13));
#72510=AXIS2_PLACEMENT_3D('',#72480,#72490,#72500);
#72520=PLANE('',#72510);
#72530=ORIENTED_EDGE('',*,*,#4200,.T.);
#72540=ORIENTED_EDGE('',*,*,#68950,.T.);
#72550=ORIENTED_EDGE('',*,*,#68890,.F.);
#72560=CARTESIAN_POINT('',(3.99448590958021,-1.09999999931287,
-37.3847501948511));
#72570=DIRECTION('',(-5.58303347523768E-13,-1.,1.75761370352184E-11));
#72580=VECTOR('',#72570,1.);
#72590=LINE('',#72560,#72580);
#72600=CARTESIAN_POINT('',(3.99448590966565,33.5500009945499,
-37.3847501954601));
#72610=VERTEX_POINT('',#72600);
#72620=EDGE_CURVE('',#72610,#68800,#72590,.T.);
#72630=ORIENTED_EDGE('',*,*,#72620,.T.);
#72640=CARTESIAN_POINT('',(3.99448590966355,33.5500009947627,
-29.6499999601646));
#72650=DIRECTION('',(7.41573785290573E-13,2.92654870659836E-11,1.));
#72660=VECTOR('',#72650,1.);
#72670=LINE('',#72640,#72660);
#72680=EDGE_CURVE('',#72610,#4190,#72670,.T.);
#72690=ORIENTED_EDGE('',*,*,#72680,.F.);
#72700=EDGE_LOOP('',(#72690,#72630,#72550,#72540,#72530));
#72710=FACE_OUTER_BOUND('',#72700,.T.);
#72720=ADVANCED_FACE('',(#72710),#72520,.T.);
#72730=COLOUR_RGB('',0.501960813999176,1.,0.501960813999176);
#72740=FILL_AREA_STYLE_COLOUR('',#72730);
#72750=FILL_AREA_STYLE('',(#72740));
#72760=SURFACE_STYLE_FILL_AREA(#72750);
#72770=SURFACE_SIDE_STYLE('',(#72760));
#72780=SURFACE_STYLE_USAGE(.BOTH.,#72770);
#72790=PRESENTATION_STYLE_ASSIGNMENT((#72780));
#72800=CARTESIAN_POINT('',(26.494485910036,33.0057767969841,
-36.4347498788333));
#72810=DIRECTION('',(2.14618160360293E-12,-5.11928974526717E-12,-1.));
#72820=DIRECTION('',(-1.,1.04067865436264E-11,-2.14618160365621E-12));
#72830=AXIS2_PLACEMENT_3D('',#72800,#72810,#72820);
#72840=CYLINDRICAL_SURFACE('',#72830,0.25);
#72850=CARTESIAN_POINT('',(26.744485910036,33.0057767969815,
-36.4347498788327));
#72860=DIRECTION('',(2.14618160360293E-12,-5.11928974526717E-12,-1.));
#72870=VECTOR('',#72860,1.);
#72880=LINE('',#72850,#72870);
#72890=CARTESIAN_POINT('',(26.7444859100218,33.0057767970153,
-29.834749921754));
#72900=VERTEX_POINT('',#72890);
#72910=CARTESIAN_POINT('',(26.744485910036,33.0057767969815,
-36.4347498787781));
#72920=VERTEX_POINT('',#72910);
#72930=EDGE_CURVE('',#72900,#72920,#72880,.T.);
#72940=ORIENTED_EDGE('',*,*,#72930,.T.);
#72950=CARTESIAN_POINT('',(26.4944859100218,33.0057767970179,
-29.8347499217546));
#72960=DIRECTION('',(2.14618160360293E-12,-5.11928974526717E-12,-1.));
#72970=DIRECTION('',(-1.,1.04067865436264E-11,-2.14618160365621E-12));
#72980=AXIS2_PLACEMENT_3D('',#72950,#72960,#72970);
#72990=CIRCLE('',#72980,0.25);
#73000=CARTESIAN_POINT('',(26.2482839813698,33.0491888958845,
-29.8347499217553));
#73010=VERTEX_POINT('',#73000);
#73020=EDGE_CURVE('',#73010,#72900,#72990,.T.);
#73030=ORIENTED_EDGE('',*,*,#73020,.T.);
#73040=CARTESIAN_POINT('',(26.2482839813903,33.049188895887,
-36.434749878834));
#73050=DIRECTION('',(2.14618160360293E-12,-5.11928974526717E-12,-1.));
#73060=VECTOR('',#73050,1.);
#73070=LINE('',#73040,#73060);
#73080=CARTESIAN_POINT('',(26.24828398139,33.0491888958851,
-36.434749878783));
#73090=VERTEX_POINT('',#73080);
#73100=EDGE_CURVE('',#73010,#73090,#73070,.T.);
#73110=ORIENTED_EDGE('',*,*,#73100,.F.);
#73120=CARTESIAN_POINT('',(26.494485910036,33.0057767969841,
-36.4347498787803));
#73130=DIRECTION('',(2.14618160360293E-12,-5.11928974526717E-12,-1.));
#73140=DIRECTION('',(-1.,1.04067865436264E-11,-2.14618160365621E-12));
#73150=AXIS2_PLACEMENT_3D('',#73120,#73130,#73140);
#73160=CIRCLE('',#73150,0.25);
#73170=EDGE_CURVE('',#73090,#72920,#73160,.T.);
#73180=ORIENTED_EDGE('',*,*,#73170,.F.);
#73190=EDGE_LOOP('',(#73180,#73110,#73030,#72940));
#73200=FACE_OUTER_BOUND('',#73190,.T.);
#73210=ADVANCED_FACE('',(#73200),#72840,.T.);
#73220=COLOUR_RGB('',1.,0.709803938865662,0.);
#73230=FILL_AREA_STYLE_COLOUR('',#73220);
#73240=FILL_AREA_STYLE('',(#73230));
#73250=SURFACE_STYLE_FILL_AREA(#73240);
#73260=SURFACE_SIDE_STYLE('',(#73250));
#73270=SURFACE_STYLE_USAGE(.BOTH.,#73260);
#73280=PRESENTATION_STYLE_ASSIGNMENT((#73270));
#73290=CARTESIAN_POINT('',(13.6944871734621,26.6220600612885,
-31.2347499216644));
#73300=DIRECTION('',(0.382683432368623,-4.98106447614114E-12,
-0.923879532509823));
#73310=DIRECTION('',(-1.31145094783847E-13,1.,-5.445787415036E-12));
#73320=AXIS2_PLACEMENT_3D('',#73290,#73300,#73310);
#73330=PLANE('',#73320);
#73340=ORIENTED_EDGE('',*,*,#9270,.F.);
#73350=CARTESIAN_POINT('',(1.45952139263272E-10,37.6774694162505,
-36.9071922387173));
#73360=DIRECTION('',(-0.911859297084429,0.160785391722198,
-0.37770448783332));
#73370=VECTOR('',#73360,1.);
#73380=LINE('',#73350,#73370);
#73390=EDGE_CURVE('',#57800,#9180,#73380,.T.);
#73400=ORIENTED_EDGE('',*,*,#73390,.T.);
#73410=ORIENTED_EDGE('',*,*,#57810,.F.);
#73420=EDGE_CURVE('',#9260,#57720,#67160,.T.);
#73430=ORIENTED_EDGE('',*,*,#73420,.T.);
#73440=EDGE_LOOP('',(#73430,#73410,#73400,#73340));
#73450=FACE_OUTER_BOUND('',#73440,.T.);
#73460=ADVANCED_FACE('',(#73450),#73330,.F.);
#73470=COLOUR_RGB('',1.,0.709803938865662,0.);
#73480=FILL_AREA_STYLE_COLOUR('',#73470);
#73490=FILL_AREA_STYLE('',(#73480));
#73500=SURFACE_STYLE_FILL_AREA(#73490);
#73510=SURFACE_SIDE_STYLE('',(#73500));
#73520=SURFACE_STYLE_USAGE(.BOTH.,#73510);
#73530=PRESENTATION_STYLE_ASSIGNMENT((#73520));
#73540=CARTESIAN_POINT('',(23.5944859100413,33.5171250410688,
-36.4347498788423));
#73550=DIRECTION('',(2.14618160360293E-12,-5.11928974526717E-12,-1.));
#73560=DIRECTION('',(-1.,1.04067865436264E-11,-2.14618160365621E-12));
#73570=AXIS2_PLACEMENT_3D('',#73540,#73550,#73560);
#73580=CYLINDRICAL_SURFACE('',#73570,0.25);
#73590=CARTESIAN_POINT('',(23.5944859100271,33.5171250411026,
-29.8347499217634));
#73600=DIRECTION('',(2.14618160360293E-12,-5.11928974526717E-12,-1.));
#73610=DIRECTION('',(-1.,1.04067865436264E-11,-2.14618160365621E-12));
#73620=AXIS2_PLACEMENT_3D('',#73590,#73600,#73610);
#73630=CIRCLE('',#73620,0.25);
#73640=CARTESIAN_POINT('',(23.8444859100271,33.5171250411,
-29.8347499217629));
#73650=VERTEX_POINT('',#73640);
#73660=CARTESIAN_POINT('',(23.8406878556419,33.4737130384364,
-29.8347499217627));
#73670=VERTEX_POINT('',#73660);
#73680=EDGE_CURVE('',#73650,#73670,#73630,.T.);
#73690=ORIENTED_EDGE('',*,*,#73680,.T.);
#73700=CARTESIAN_POINT('',(23.8444859100413,33.5171250410662,
-36.4347498788418));
#73710=DIRECTION('',(2.14618160360293E-12,-5.11928974526717E-12,-1.));
#73720=VECTOR('',#73710,1.);
#73730=LINE('',#73700,#73720);
#73740=CARTESIAN_POINT('',(23.8444859100413,33.5171250410662,
-36.4347498788116));
#73750=VERTEX_POINT('',#73740);
#73760=EDGE_CURVE('',#73650,#73750,#73730,.T.);
#73770=ORIENTED_EDGE('',*,*,#73760,.F.);
#73780=CARTESIAN_POINT('',(23.5944859100413,33.5171250410688,
-36.4347498788122));
#73790=DIRECTION('',(2.14618160360293E-12,-5.11928974526717E-12,-1.));
#73800=DIRECTION('',(-1.,1.04067865436264E-11,-2.14618160365621E-12));
#73810=AXIS2_PLACEMENT_3D('',#73780,#73790,#73800);
#73820=CIRCLE('',#73810,0.25);
#73830=CARTESIAN_POINT('',(23.8406878556558,33.4737130384009,
-36.4347498788095));
#73840=VERTEX_POINT('',#73830);
#73850=EDGE_CURVE('',#73750,#73840,#73820,.T.);
#73860=ORIENTED_EDGE('',*,*,#73850,.F.);
#73870=CARTESIAN_POINT('',(23.8406878556558,33.4737130384009,
-36.4347498788415));
#73880=DIRECTION('',(2.14618160360293E-12,-5.11928974526717E-12,-1.));
#73890=VECTOR('',#73880,1.);
#73900=LINE('',#73870,#73890);
#73910=EDGE_CURVE('',#73670,#73840,#73900,.T.);
#73920=ORIENTED_EDGE('',*,*,#73910,.T.);
#73930=EDGE_LOOP('',(#73920,#73860,#73770,#73690));
#73940=FACE_OUTER_BOUND('',#73930,.T.);
#73950=ADVANCED_FACE('',(#73940),#73580,.T.);
#73960=COLOUR_RGB('',1.,0.709803938865662,0.);
#73970=FILL_AREA_STYLE_COLOUR('',#73960);
#73980=FILL_AREA_STYLE('',(#73970));
#73990=SURFACE_STYLE_FILL_AREA(#73980);
#74000=SURFACE_SIDE_STYLE('',(#73990));
#74010=SURFACE_STYLE_USAGE(.BOTH.,#74000);
#74020=PRESENTATION_STYLE_ASSIGNMENT((#74010));
#74030=CARTESIAN_POINT('',(16.8357398906594,34.7088743249904,
-33.1347499003134));
#74040=DIRECTION('',(0.173648172469936,0.984807753928578,
-5.20887174200054E-12));
#74050=DIRECTION('',(5.6377453040902E-13,-5.38863563748507E-12,-1.));
#74060=AXIS2_PLACEMENT_3D('',#74030,#74040,#74050);
#74070=PLANE('',#74060);
#74080=CARTESIAN_POINT('',(24.7982839800411,33.3048630102622,
-36.4347498788384));
#74090=DIRECTION('',(2.14618160360293E-12,-5.11928974526717E-12,-1.));
#74100=VECTOR('',#74090,1.);
#74110=LINE('',#74080,#74100);
#74120=CARTESIAN_POINT('',(24.7982839800269,33.304863010296,
-29.8347499217598));
#74130=VERTEX_POINT('',#74120);
#74140=CARTESIAN_POINT('',(24.7982839800407,33.3048630102604,
-36.434749878797));
#74150=VERTEX_POINT('',#74140);
#74160=EDGE_CURVE('',#74130,#74150,#74110,.T.);
#74170=ORIENTED_EDGE('',*,*,#74160,.T.);
#74180=CARTESIAN_POINT('',(14.2278011936736,35.1687242671297,
-29.834749921792));
#74190=DIRECTION('',(0.984807753928579,-0.173648172469936,
3.00253159317649E-12));
#74200=VECTOR('',#74190,1.);
#74210=LINE('',#74180,#74200);
#74220=EDGE_CURVE('',#73670,#74130,#74210,.T.);
#74230=ORIENTED_EDGE('',*,*,#74220,.T.);
#74240=ORIENTED_EDGE('',*,*,#73910,.F.);
#74250=CARTESIAN_POINT('',(14.2278011936725,35.168724267095,
-36.434749878915));
#74260=DIRECTION('',(0.984807753928579,-0.173648172469936,
1.08118562028697E-11));
#74270=VECTOR('',#74260,1.);
#74280=LINE('',#74250,#74270);
#74290=EDGE_CURVE('',#73840,#74150,#74280,.T.);
#74300=ORIENTED_EDGE('',*,*,#74290,.F.);
#74310=EDGE_LOOP('',(#74300,#74240,#74230,#74170));
#74320=FACE_OUTER_BOUND('',#74310,.T.);
#74330=ADVANCED_FACE('',(#74320),#74070,.T.);
#74340=COLOUR_RGB('',1.,0.709803938865662,0.);
#74350=FILL_AREA_STYLE_COLOUR('',#74340);
#74360=FILL_AREA_STYLE('',(#74350));
#74370=SURFACE_STYLE_FILL_AREA(#74360);
#74380=SURFACE_SIDE_STYLE('',(#74370));
#74390=SURFACE_STYLE_USAGE(.BOTH.,#74380);
#74400=PRESENTATION_STYLE_ASSIGNMENT((#74390));
#74410=CARTESIAN_POINT('',(6.70701061956708,34.9160263978626,
-35.5560093859741));
#74420=DIRECTION('',(2.18080209649677E-25,1.,-1.93034791596792E-13));
#74430=DIRECTION('',(1.,-5.8475267523913E-25,-1.89951491415782E-12));
#74440=AXIS2_PLACEMENT_3D('',#74410,#74420,#74430);
#74450=PLANE('',#74440);
#74460=CARTESIAN_POINT('',(-2.00000000010243,34.9160263982623,
-37.3847501955502));
#74470=DIRECTION('',(-1.,-1.90881619869414E-24,-1.10175052721625E-11));
#74480=VECTOR('',#74470,1.);
#74490=LINE('',#74460,#74480);
#74500=CARTESIAN_POINT('',(15.5944859103794,34.9160263982623,
-37.3847501953563));
#74510=VERTEX_POINT('',#74500);
#74520=CARTESIAN_POINT('',(4.78316104422092,34.9160263982623,
-37.3847501954754));
#74530=VERTEX_POINT('',#74520);
#74540=EDGE_CURVE('',#74510,#74530,#74490,.T.);
#74550=ORIENTED_EDGE('',*,*,#74540,.T.);
#74560=CARTESIAN_POINT('',(15.5944859106029,34.9160263982638,
-29.6499999601646));
#74570=DIRECTION('',(-2.89019429981444E-11,-1.93034791596792E-13,-1.));
#74580=VECTOR('',#74570,1.);
#74590=LINE('',#74560,#74580);
#74600=EDGE_CURVE('',#72360,#74510,#74590,.T.);
#74610=ORIENTED_EDGE('',*,*,#74600,.T.);
#74620=ORIENTED_EDGE('',*,*,#72370,.F.);
#74630=ORIENTED_EDGE('',*,*,#72130,.F.);
#74640=ORIENTED_EDGE('',*,*,#67270,.T.);
#74650=CARTESIAN_POINT('',(15.5944859106634,34.9160263978651,
-22.6999999621631));
#74660=DIRECTION('',(-2.89019429981444E-11,-1.93034791596792E-13,-1.));
#74670=VECTOR('',#74660,1.);
#74680=LINE('',#74650,#74670);
#74690=EDGE_CURVE('',#57100,#67180,#74680,.T.);
#74700=ORIENTED_EDGE('',*,*,#74690,.T.);
#74710=ORIENTED_EDGE('',*,*,#57110,.F.);
#74720=ORIENTED_EDGE('',*,*,#46350,.F.);
#74730=ORIENTED_EDGE('',*,*,#56230,.T.);
#74740=ORIENTED_EDGE('',*,*,#45070,.T.);
#74750=ORIENTED_EDGE('',*,*,#35060,.F.);
#74760=ORIENTED_EDGE('',*,*,#34750,.F.);
#74770=ORIENTED_EDGE('',*,*,#34290,.T.);
#74780=ORIENTED_EDGE('',*,*,#41230,.T.);
#74790=ORIENTED_EDGE('',*,*,#15750,.F.);
#74800=ORIENTED_EDGE('',*,*,#7770,.F.);
#74810=ORIENTED_EDGE('',*,*,#2000,.T.);
#74820=ORIENTED_EDGE('',*,*,#4560,.T.);
#74830=ORIENTED_EDGE('',*,*,#4360,.T.);
#74840=CARTESIAN_POINT('',(4.78316104409683,34.9160263982638,
-29.6499999601646));
#74850=DIRECTION('',(-1.60434143613725E-11,1.93034791596792E-13,1.));
#74860=VECTOR('',#74850,1.);
#74870=LINE('',#74840,#74860);
#74880=EDGE_CURVE('',#74530,#4270,#74870,.T.);
#74890=ORIENTED_EDGE('',*,*,#74880,.T.);
#74900=EDGE_LOOP('',(#74890,#74830,#74820,#74810,#74800,#74790,#74780,
#74770,#74760,#74750,#74740,#74730,#74720,#74710,#74700,#74640,#74630,
#74620,#74610,#74550));
#74910=FACE_OUTER_BOUND('',#74900,.T.);
#74920=ADVANCED_FACE('',(#74910),#74450,.T.);
#74930=COLOUR_RGB('',0.501960813999176,1.,0.501960813999176);
#74940=FILL_AREA_STYLE_COLOUR('',#74930);
#74950=FILL_AREA_STYLE('',(#74940));
#74960=SURFACE_STYLE_FILL_AREA(#74950);
#74970=SURFACE_SIDE_STYLE('',(#74960));
#74980=SURFACE_STYLE_USAGE(.BOTH.,#74970);
#74990=PRESENTATION_STYLE_ASSIGNMENT((#74980));
#75000=CARTESIAN_POINT('',(16.808404616852,34.7019797846315,
-18.1347498824728));
#75010=DIRECTION('',(0.173648172469936,0.984807753928578,
-5.20887174200054E-12));
#75020=DIRECTION('',(5.6377453040902E-13,-5.38863563748507E-12,-1.));
#75030=AXIS2_PLACEMENT_3D('',#75000,#75010,#75020);
#75040=PLANE('',#75030);
#75050=CARTESIAN_POINT('',(1.45952139263272E-10,37.6657549292413,
-36.4347498790711));
#75060=DIRECTION('',(0.984807753928578,-0.173648172469936,
1.0811837536373E-11));
#75070=VECTOR('',#75060,1.);
#75080=LINE('',#75050,#75070);
#75090=CARTESIAN_POINT('',(17.2732985280201,34.6200064469335,
-36.4347498788613));
#75100=VERTEX_POINT('',#75090);
#75110=EDGE_CURVE('',#75100,#67570,#75080,.T.);
#75120=ORIENTED_EDGE('',*,*,#75110,.T.);
#75130=CARTESIAN_POINT('',(17.273298528018,34.6200064469391,
-35.4347498788613));
#75140=DIRECTION('',(0.173648172469936,0.984807753928578,
-5.20887174200054E-12));
#75150=DIRECTION('',(-0.984807753928578,0.173648172469936,
6.0130045807541E-14));
#75160=AXIS2_PLACEMENT_3D('',#75130,#75140,#75150);
#75170=ELLIPSE('',#75160,1.01542661094077,1.);
#75180=EDGE_CURVE('',#75100,#19430,#75170,.T.);
#75190=ORIENTED_EDGE('',*,*,#75180,.F.);
#75200=ORIENTED_EDGE('',*,*,#19440,.T.);
#75210=ORIENTED_EDGE('',*,*,#72430,.F.);
#75220=ORIENTED_EDGE('',*,*,#74600,.F.);
#75230=CARTESIAN_POINT('',(-2.00000000010243,38.0184088802394,
-37.3847501956047));
#75240=DIRECTION('',(0.984807753928578,-0.173648172469936,
1.39021849587806E-11));
#75250=VECTOR('',#75240,1.);
#75260=LINE('',#75230,#75250);
#75270=EDGE_CURVE('',#74510,#67650,#75260,.T.);
#75280=ORIENTED_EDGE('',*,*,#75270,.F.);
#75290=ORIENTED_EDGE('',*,*,#67660,.T.);
#75300=EDGE_LOOP('',(#75290,#75280,#75220,#75210,#75200,#75190,#75120));
#75310=FACE_OUTER_BOUND('',#75300,.T.);
#75320=ADVANCED_FACE('',(#75310),#75040,.T.);
#75330=COLOUR_RGB('',0.501960813999176,1.,0.501960813999176);
#75340=FILL_AREA_STYLE_COLOUR('',#75330);
#75350=FILL_AREA_STYLE('',(#75340));
#75360=SURFACE_STYLE_FILL_AREA(#75350);
#75370=SURFACE_SIDE_STYLE('',(#75360));
#75380=SURFACE_STYLE_USAGE(.BOTH.,#75370);
#75390=PRESENTATION_STYLE_ASSIGNMENT((#75380));
#75400=CARTESIAN_POINT('',(26.7444859100132,31.6660264434846,
-29.1267475260063));
#75410=DIRECTION('',(2.14618160360293E-12,-5.11928974526717E-12,-1.));
#75420=DIRECTION('',(-1.,1.04067865436264E-11,-2.14618160365621E-12));
#75430=AXIS2_PLACEMENT_3D('',#75400,#75410,#75420);
#75440=CYLINDRICAL_SURFACE('',#75430,0.5);
#75450=CARTESIAN_POINT('',(26.2444859100132,31.6660264434898,
-29.1267475260074));
#75460=DIRECTION('',(2.14618160360293E-12,-5.11928974526717E-12,-1.));
#75470=VECTOR('',#75460,1.);
#75480=LINE('',#75450,#75470);
#75490=CARTESIAN_POINT('',(26.2444859100147,31.6660264434862,
-29.8347499217483));
#75500=VERTEX_POINT('',#75490);
#75510=CARTESIAN_POINT('',(26.2444859100289,31.6660264434524,
-36.4347498787645));
#75520=VERTEX_POINT('',#75510);
#75530=EDGE_CURVE('',#75500,#75520,#75480,.T.);
#75540=ORIENTED_EDGE('',*,*,#75530,.T.);
#75550=CARTESIAN_POINT('',(26.7444859100147,31.666026443481,
-29.8347499217472));
#75560=DIRECTION('',(2.14618160360293E-12,-5.11928974526717E-12,-1.));
#75570=DIRECTION('',(-1.,1.04067865436264E-11,-2.14618160365621E-12));
#75580=AXIS2_PLACEMENT_3D('',#75550,#75560,#75570);
#75590=CIRCLE('',#75580,0.5);
#75600=CARTESIAN_POINT('',(26.7444859100223,32.166026443481,
-29.8347499217498));
#75610=VERTEX_POINT('',#75600);
#75620=EDGE_CURVE('',#75500,#75610,#75590,.T.);
#75630=ORIENTED_EDGE('',*,*,#75620,.F.);
#75640=CARTESIAN_POINT('',(26.7444859100153,32.1660264434846,
-29.1267475260088));
#75650=DIRECTION('',(2.14618160360293E-12,-5.11928974526717E-12,-1.));
#75660=VECTOR('',#75650,1.);
#75670=LINE('',#75640,#75660);
#75680=CARTESIAN_POINT('',(26.7444859100232,32.1660264434472,
-36.4347498787689));
#75690=VERTEX_POINT('',#75680);
#75700=EDGE_CURVE('',#75610,#75690,#75670,.T.);
#75710=ORIENTED_EDGE('',*,*,#75700,.F.);
#75720=CARTESIAN_POINT('',(26.7444859100289,31.6660264434472,
-36.4347498787634));
#75730=DIRECTION('',(2.14618160360293E-12,-5.11928974526717E-12,-1.));
#75740=DIRECTION('',(-1.,1.04067865436264E-11,-2.14618160365621E-12));
#75750=AXIS2_PLACEMENT_3D('',#75720,#75730,#75740);
#75760=CIRCLE('',#75750,0.5);
#75770=EDGE_CURVE('',#75520,#75690,#75760,.T.);
#75780=ORIENTED_EDGE('',*,*,#75770,.T.);
#75790=EDGE_LOOP('',(#75780,#75710,#75630,#75540));
#75800=FACE_OUTER_BOUND('',#75790,.T.);
#75810=ADVANCED_FACE('',(#75800),#75440,.F.);
#75820=COLOUR_RGB('',1.,0.709803938865662,0.);
#75830=FILL_AREA_STYLE_COLOUR('',#75820);
#75840=FILL_AREA_STYLE('',(#75830));
#75850=SURFACE_STYLE_FILL_AREA(#75840);
#75860=SURFACE_SIDE_STYLE('',(#75850));
#75870=SURFACE_STYLE_USAGE(.BOTH.,#75860);
#75880=PRESENTATION_STYLE_ASSIGNMENT((#75870));
#75890=CARTESIAN_POINT('',(21.9944859099404,16.7660268568399,
-29.7797495331851));
#75900=DIRECTION('',(1.11022307159033E-16,-1.,-1.43490456506508E-12));
#75910=DIRECTION('',(1.,1.11022306869664E-16,2.01664496198233E-13));
#75920=AXIS2_PLACEMENT_3D('',#75890,#75900,#75910);
#75930=PLANE('',#75920);
#75940=CARTESIAN_POINT('',(21.1944859099231,16.7660268568398,
-29.7072954083185));
#75950=DIRECTION('',(-1.,-3.60878563434073E-16,-3.20873895090958E-12));
#75960=VECTOR('',#75950,1.);
#75970=LINE('',#75940,#75960);
#75980=CARTESIAN_POINT('',(23.7944859098733,16.7660268568398,
-29.7072954083101));
#75990=VERTEX_POINT('',#75980);
#76000=EDGE_CURVE('',#75990,#24540,#75970,.T.);
#76010=ORIENTED_EDGE('',*,*,#76000,.F.);
#76020=ORIENTED_EDGE('',*,*,#24550,.T.);
#76030=ORIENTED_EDGE('',*,*,#27400,.T.);
#76040=CARTESIAN_POINT('',(23.7944859095393,16.7660268568491,0.));
#76050=DIRECTION('',(-3.20873895090958E-12,-1.43490456506508E-12,1.));
#76060=VECTOR('',#76050,1.);
#76070=LINE('',#76040,#76060);
#76080=CARTESIAN_POINT('',(23.7944859096336,16.7660268568912,
-29.3847495327469));
#76090=VERTEX_POINT('',#76080);
#76100=EDGE_CURVE('',#76090,#27330,#76070,.T.);
#76110=ORIENTED_EDGE('',*,*,#76100,.T.);
#76120=CARTESIAN_POINT('',(23.7944859098013,16.7660268568298,
-22.6999999621631));
#76130=DIRECTION('',(9.04552778569693E-12,1.43490456506508E-12,-1.));
#76140=VECTOR('',#76130,1.);
#76150=LINE('',#76120,#76140);
#76160=EDGE_CURVE('',#76090,#75990,#76150,.T.);
#76170=ORIENTED_EDGE('',*,*,#76160,.F.);
#76180=EDGE_LOOP('',(#76170,#76110,#76030,#76020,#76010));
#76190=FACE_OUTER_BOUND('',#76180,.T.);
#76200=ADVANCED_FACE('',(#76190),#75930,.T.);
#76210=COLOUR_RGB('',0.501960813999176,1.,0.501960813999176);
#76220=FILL_AREA_STYLE_COLOUR('',#76210);
#76230=FILL_AREA_STYLE('',(#76220));
#76240=SURFACE_STYLE_FILL_AREA(#76230);
#76250=SURFACE_SIDE_STYLE('',(#76240));
#76260=SURFACE_STYLE_USAGE(.BOTH.,#76250);
#76270=PRESENTATION_STYLE_ASSIGNMENT((#76260));
#76280=CARTESIAN_POINT('',(4.06147320791806,33.666026398078,
-25.2058228861597));
#76290=DIRECTION('',(0.86602540378388,-0.500000000000967,
1.39905217961783E-11));
#76300=DIRECTION('',(0.500000000000967,0.86602540378388,
-1.23313428517392E-12));
#76310=AXIS2_PLACEMENT_3D('',#76280,#76290,#76300);
#76320=PLANE('',#76310);
#76330=ORIENTED_EDGE('',*,*,#4280,.T.);
#76340=ORIENTED_EDGE('',*,*,#72680,.T.);
#76350=CARTESIAN_POINT('',(-16.0107014917541,-1.09999999955651,
-37.3847501950715));
#76360=DIRECTION('',(-0.500000000000967,-0.86602540378388,
9.7126473530551E-12));
#76370=VECTOR('',#76360,1.);
#76380=LINE('',#76350,#76370);
#76390=EDGE_CURVE('',#74530,#72610,#76380,.T.);
#76400=ORIENTED_EDGE('',*,*,#76390,.T.);
#76410=ORIENTED_EDGE('',*,*,#74880,.F.);
#76420=EDGE_LOOP('',(#76410,#76400,#76340,#76330));
#76430=FACE_OUTER_BOUND('',#76420,.T.);
#76440=ADVANCED_FACE('',(#76430),#76320,.F.);
#76450=COLOUR_RGB('',0.501960813999176,1.,0.501960813999176);
#76460=FILL_AREA_STYLE_COLOUR('',#76450);
#76470=FILL_AREA_STYLE('',(#76460));
#76480=SURFACE_STYLE_FILL_AREA(#76470);
#76490=SURFACE_SIDE_STYLE('',(#76480));
#76500=SURFACE_STYLE_USAGE(.BOTH.,#76490);
#76510=PRESENTATION_STYLE_ASSIGNMENT((#76500));
#76520=CARTESIAN_POINT('',(13.2944859096245,23.5160265278226,
-37.3847501951813));
#76530=DIRECTION('',(1.10175052721625E-11,-1.75761370352246E-11,-1.));
#76540=DIRECTION('',(1.11660669495057E-12,1.,-1.75761370352123E-11));
#76550=AXIS2_PLACEMENT_3D('',#76520,#76530,#76540);
#76560=PLANE('',#76550);
#76570=CARTESIAN_POINT('',(37.6684357414231,-1.09999999955651,
-37.3847501944801));
#76580=DIRECTION('',(-0.500000000000001,0.866025403784438,
-2.07301675825278E-11));
#76590=VECTOR('',#76580,1.);
#76600=LINE('',#76570,#76590);
#76610=CARTESIAN_POINT('',(23.7944859096592,22.9303860107202,
-37.3847501950553));
#76620=VERTEX_POINT('',#76610);
#76630=EDGE_CURVE('',#76620,#66740,#76600,.T.);
#76640=ORIENTED_EDGE('',*,*,#76630,.F.);
#76650=ORIENTED_EDGE('',*,*,#66750,.F.);
#76660=ORIENTED_EDGE('',*,*,#67720,.T.);
#76670=ORIENTED_EDGE('',*,*,#75270,.T.);
#76680=ORIENTED_EDGE('',*,*,#74540,.F.);
#76690=ORIENTED_EDGE('',*,*,#76390,.F.);
#76700=ORIENTED_EDGE('',*,*,#72620,.F.);
#76710=ORIENTED_EDGE('',*,*,#68810,.T.);
#76720=ORIENTED_EDGE('',*,*,#24950,.T.);
#76730=CARTESIAN_POINT('',(-2.00000000010243,16.7660268572387,
-37.3847501952312));
#76740=DIRECTION('',(1.,1.11022291350507E-16,1.10175052721625E-11));
#76750=VECTOR('',#76740,1.);
#76760=LINE('',#76730,#76750);
#76770=CARTESIAN_POINT('',(23.7944859096592,16.7660268572387,
-37.384750194947));
#76780=VERTEX_POINT('',#76770);
#76790=EDGE_CURVE('',#24860,#76780,#76760,.T.);
#76800=ORIENTED_EDGE('',*,*,#76790,.F.);
#76810=CARTESIAN_POINT('',(23.7944859096592,-1.09999999955651,
-37.384750194633));
#76820=DIRECTION('',(-5.81223627289213E-23,-1.,1.75761370352246E-11));
#76830=VECTOR('',#76820,1.);
#76840=LINE('',#76810,#76830);
#76850=EDGE_CURVE('',#76620,#76780,#76840,.T.);
#76860=ORIENTED_EDGE('',*,*,#76850,.T.);
#76870=EDGE_LOOP('',(#76860,#76800,#76720,#76710,#76700,#76690,#76680,
#76670,#76660,#76650,#76640));
#76880=FACE_OUTER_BOUND('',#76870,.T.);
#76890=CARTESIAN_POINT('',(-2.00000000010243,33.0500009941396,
-37.3847501955174));
#76900=DIRECTION('',(1.,-5.58303347385139E-13,1.10175052721723E-11));
#76910=VECTOR('',#76900,1.);
#76920=LINE('',#76890,#76910);
#76930=CARTESIAN_POINT('',(4.70528172253779,33.0500009941359,
-37.3847501954435));
#76940=VERTEX_POINT('',#76930);
#76950=CARTESIAN_POINT('',(7.28369009738179,33.0500009941344,
-37.3847501954151));
#76960=VERTEX_POINT('',#76950);
#76970=EDGE_CURVE('',#76940,#76960,#76920,.T.);
#76980=ORIENTED_EDGE('',*,*,#76970,.F.);
#76990=CARTESIAN_POINT('',(7.28369009738168,32.8392051815565,
-37.3847501954114));
#77000=DIRECTION('',(1.10175052721625E-11,-1.75761370352246E-11,-1.));
#77010=DIRECTION('',(-1.,5.5830334738514E-13,-1.10175052721723E-11));
#77020=AXIS2_PLACEMENT_3D('',#76990,#77000,#77010);
#77030=CIRCLE('',#77020,0.210795812577921);
#77040=CARTESIAN_POINT('',(7.4944859099596,32.8392051815564,
-37.3847501954091));
#77050=VERTEX_POINT('',#77040);
#77060=EDGE_CURVE('',#76960,#77050,#77030,.T.);
#77070=ORIENTED_EDGE('',*,*,#77060,.F.);
#77080=CARTESIAN_POINT('',(7.49448590994073,-1.09999999955651,
-37.3847501948125));
#77090=DIRECTION('',(-5.58303347578785E-13,-1.,1.75761370352184E-11));
#77100=VECTOR('',#77090,1.);
#77110=LINE('',#77080,#77100);
#77120=CARTESIAN_POINT('',(7.49448590995824,30.2607968067122,
-37.3847501953637));
#77130=VERTEX_POINT('',#77120);
#77140=EDGE_CURVE('',#77050,#77130,#77110,.T.);
#77150=ORIENTED_EDGE('',*,*,#77140,.F.);
#77160=CARTESIAN_POINT('',(7.28369009738024,30.2607968067123,
-37.3847501953661));
#77170=DIRECTION('',(1.10175052721625E-11,-1.75761370352246E-11,-1.));
#77180=DIRECTION('',(-1.,5.5830334738514E-13,-1.10175052721723E-11));
#77190=AXIS2_PLACEMENT_3D('',#77160,#77170,#77180);
#77200=CIRCLE('',#77190,0.210795812577999);
#77210=CARTESIAN_POINT('',(7.28369009738012,30.0500009941344,
-37.3847501953624));
#77220=VERTEX_POINT('',#77210);
#77230=EDGE_CURVE('',#77130,#77220,#77200,.T.);
#77240=ORIENTED_EDGE('',*,*,#77230,.F.);
#77250=CARTESIAN_POINT('',(-2.00000000010243,30.0500009941396,
-37.3847501954646));
#77260=DIRECTION('',(-1.,5.58303347385139E-13,-1.10175052721723E-11));
#77270=VECTOR('',#77260,1.);
#77280=LINE('',#77250,#77270);
#77290=CARTESIAN_POINT('',(4.70528172253612,30.0500009941359,
-37.3847501953908));
#77300=VERTEX_POINT('',#77290);
#77310=EDGE_CURVE('',#77220,#77300,#77280,.T.);
#77320=ORIENTED_EDGE('',*,*,#77310,.F.);
#77330=CARTESIAN_POINT('',(4.70528172253624,30.2607968067138,
-37.3847501953945));
#77340=DIRECTION('',(1.10175052721625E-11,-1.75761370352246E-11,-1.));
#77350=DIRECTION('',(-1.,5.5830334738514E-13,-1.10175052721723E-11));
#77360=AXIS2_PLACEMENT_3D('',#77330,#77340,#77350);
#77370=CIRCLE('',#77360,0.210795812577921);
#77380=CARTESIAN_POINT('',(4.49448590995832,30.2607968067139,
-37.3847501953968));
#77390=VERTEX_POINT('',#77380);
#77400=EDGE_CURVE('',#77300,#77390,#77370,.T.);
#77410=ORIENTED_EDGE('',*,*,#77400,.F.);
#77420=CARTESIAN_POINT('',(4.49448590994073,-1.09999999955651,
-37.3847501948456));
#77430=DIRECTION('',(5.58303347578785E-13,1.,-1.75761370352184E-11));
#77440=VECTOR('',#77430,1.);
#77450=LINE('',#77420,#77440);
#77460=CARTESIAN_POINT('',(4.49448590995968,32.8392051815581,
-37.3847501954421));
#77470=VERTEX_POINT('',#77460);
#77480=EDGE_CURVE('',#77390,#77470,#77450,.T.);
#77490=ORIENTED_EDGE('',*,*,#77480,.F.);
#77500=CARTESIAN_POINT('',(4.70528172253768,32.8392051815579,
-37.3847501954398));
#77510=DIRECTION('',(1.10175052721625E-11,-1.75761370352246E-11,-1.));
#77520=DIRECTION('',(-1.,5.5830334738514E-13,-1.10175052721723E-11));
#77530=AXIS2_PLACEMENT_3D('',#77500,#77510,#77520);
#77540=CIRCLE('',#77530,0.210795812577999);
#77550=EDGE_CURVE('',#77470,#76940,#77540,.T.);
#77560=ORIENTED_EDGE('',*,*,#77550,.F.);
#77570=EDGE_LOOP('',(#77560,#77490,#77410,#77320,#77240,#77150,#77070,
#76980));
#77580=FACE_BOUND('',#77570,.T.);
#77590=ADVANCED_FACE('',(#76880,#77580),#76560,.T.);
#77600=COLOUR_RGB('',0.501960813999176,1.,0.501960813999176);
#77610=FILL_AREA_STYLE_COLOUR('',#77600);
#77620=FILL_AREA_STYLE('',(#77610));
#77630=SURFACE_STYLE_FILL_AREA(#77620);
#77640=SURFACE_SIDE_STYLE('',(#77630));
#77650=SURFACE_STYLE_USAGE(.BOTH.,#77640);
#77660=PRESENTATION_STYLE_ASSIGNMENT((#77650));
#77670=CARTESIAN_POINT('',(4.49448590995824,30.2607968067139,
-37.3847501953968));
#77680=DIRECTION('',(-1.,5.5830334738514E-13,-1.10175052721723E-11));
#77690=DIRECTION('',(-5.58303347578785E-13,-1.,1.75761370352184E-11));
#77700=AXIS2_PLACEMENT_3D('',#77670,#77680,#77690);
#77710=PLANE('',#77700);
#77720=ORIENTED_EDGE('',*,*,#77480,.T.);
#77730=CARTESIAN_POINT('',(4.49448590995832,30.2607968067139,
-37.3847501953968));
#77740=DIRECTION('',(1.10175052721625E-11,-1.75761370352246E-11,-1.));
#77750=VECTOR('',#77740,1.);
#77760=LINE('',#77730,#77750);
#77770=CARTESIAN_POINT('',(4.49448590995721,30.2607968067157,
-37.2847501953968));
#77780=VERTEX_POINT('',#77770);
#77790=EDGE_CURVE('',#77780,#77390,#77760,.T.);
#77800=ORIENTED_EDGE('',*,*,#77790,.T.);
#77810=CARTESIAN_POINT('',(4.49448590995858,32.8392051815598,
-37.2847501954421));
#77820=DIRECTION('',(-5.58303347578785E-13,-1.,1.75761370352184E-11));
#77830=VECTOR('',#77820,1.);
#77840=LINE('',#77810,#77830);
#77850=CARTESIAN_POINT('',(4.49448590995858,32.8392051815598,
-37.2847501954421));
#77860=VERTEX_POINT('',#77850);
#77870=EDGE_CURVE('',#77860,#77780,#77840,.T.);
#77880=ORIENTED_EDGE('',*,*,#77870,.T.);
#77890=CARTESIAN_POINT('',(4.49448590995968,32.8392051815581,
-37.3847501954421));
#77900=DIRECTION('',(1.10175052721625E-11,-1.75761370352246E-11,-1.));
#77910=VECTOR('',#77900,1.);
#77920=LINE('',#77890,#77910);
#77930=EDGE_CURVE('',#77860,#77470,#77920,.T.);
#77940=ORIENTED_EDGE('',*,*,#77930,.F.);
#77950=EDGE_LOOP('',(#77940,#77880,#77800,#77720));
#77960=FACE_OUTER_BOUND('',#77950,.T.);
#77970=ADVANCED_FACE('',(#77960),#77710,.F.);
#77980=COLOUR_RGB('',0.501960813999176,1.,0.501960813999176);
#77990=FILL_AREA_STYLE_COLOUR('',#77980);
#78000=FILL_AREA_STYLE('',(#77990));
#78010=SURFACE_STYLE_FILL_AREA(#78000);
#78020=SURFACE_SIDE_STYLE('',(#78010));
#78030=SURFACE_STYLE_USAGE(.BOTH.,#78020);
#78040=PRESENTATION_STYLE_ASSIGNMENT((#78030));
#78050=CARTESIAN_POINT('',(4.70528172253624,30.2607968067138,
-37.3847501953945));
#78060=DIRECTION('',(1.10175052721625E-11,-1.75761370352246E-11,-1.));
#78070=DIRECTION('',(-1.,5.5830334738514E-13,-1.10175052721723E-11));
#78080=AXIS2_PLACEMENT_3D('',#78050,#78060,#78070);
#78090=CYLINDRICAL_SURFACE('',#78080,0.210795812577921);
#78100=ORIENTED_EDGE('',*,*,#77400,.T.);
#78110=CARTESIAN_POINT('',(4.70528172253612,30.0500009941359,
-37.3847501953908));
#78120=DIRECTION('',(-1.10175052721625E-11,1.75761370352246E-11,1.));
#78130=VECTOR('',#78120,1.);
#78140=LINE('',#78110,#78130);
#78150=CARTESIAN_POINT('',(4.70528172253501,30.0500009941376,
-37.2847501953908));
#78160=VERTEX_POINT('',#78150);
#78170=EDGE_CURVE('',#77300,#78160,#78140,.T.);
#78180=ORIENTED_EDGE('',*,*,#78170,.F.);
#78190=CARTESIAN_POINT('',(4.70528172253514,30.2607968067155,
-37.2847501953945));
#78200=DIRECTION('',(1.10175052721625E-11,-1.75761370352246E-11,-1.));
#78210=DIRECTION('',(-1.,5.5830334738514E-13,-1.10175052721723E-11));
#78220=AXIS2_PLACEMENT_3D('',#78190,#78200,#78210);
#78230=CIRCLE('',#78220,0.210795812577921);
#78240=EDGE_CURVE('',#78160,#77780,#78230,.T.);
#78250=ORIENTED_EDGE('',*,*,#78240,.F.);
#78260=ORIENTED_EDGE('',*,*,#77790,.F.);
#78270=EDGE_LOOP('',(#78260,#78250,#78180,#78100));
#78280=FACE_OUTER_BOUND('',#78270,.T.);
#78290=ADVANCED_FACE('',(#78280),#78090,.F.);
#78300=COLOUR_RGB('',0.501960813999176,1.,0.501960813999176);
#78310=FILL_AREA_STYLE_COLOUR('',#78300);
#78320=FILL_AREA_STYLE('',(#78310));
#78330=SURFACE_STYLE_FILL_AREA(#78320);
#78340=SURFACE_SIDE_STYLE('',(#78330));
#78350=SURFACE_STYLE_USAGE(.BOTH.,#78340);
#78360=PRESENTATION_STYLE_ASSIGNMENT((#78350));
#78370=CARTESIAN_POINT('',(7.28369009738012,30.0500009941344,
-37.3847501953624));
#78380=DIRECTION('',(-5.58303347578785E-13,-1.,1.75761370352184E-11));
#78390=DIRECTION('',(1.,-5.5830334738514E-13,1.10175052721723E-11));
#78400=AXIS2_PLACEMENT_3D('',#78370,#78380,#78390);
#78410=PLANE('',#78400);
#78420=ORIENTED_EDGE('',*,*,#77310,.T.);
#78430=CARTESIAN_POINT('',(7.28369009738012,30.0500009941344,
-37.3847501953624));
#78440=DIRECTION('',(-1.10175052721625E-11,1.75761370352246E-11,1.));
#78450=VECTOR('',#78440,1.);
#78460=LINE('',#78430,#78450);
#78470=CARTESIAN_POINT('',(7.28369009737902,30.0500009941362,
-37.2847501953624));
#78480=VERTEX_POINT('',#78470);
#78490=EDGE_CURVE('',#77220,#78480,#78460,.T.);
#78500=ORIENTED_EDGE('',*,*,#78490,.F.);
#78510=CARTESIAN_POINT('',(4.70528172253501,30.0500009941376,
-37.2847501953908));
#78520=DIRECTION('',(1.,-5.5830334738514E-13,1.10175052721723E-11));
#78530=VECTOR('',#78520,1.);
#78540=LINE('',#78510,#78530);
#78550=EDGE_CURVE('',#78160,#78480,#78540,.T.);
#78560=ORIENTED_EDGE('',*,*,#78550,.T.);
#78570=ORIENTED_EDGE('',*,*,#78170,.T.);
#78580=EDGE_LOOP('',(#78570,#78560,#78500,#78420));
#78590=FACE_OUTER_BOUND('',#78580,.T.);
#78600=ADVANCED_FACE('',(#78590),#78410,.F.);
#78610=COLOUR_RGB('',0.501960813999176,1.,0.501960813999176);
#78620=FILL_AREA_STYLE_COLOUR('',#78610);
#78630=FILL_AREA_STYLE('',(#78620));
#78640=SURFACE_STYLE_FILL_AREA(#78630);
#78650=SURFACE_SIDE_STYLE('',(#78640));
#78660=SURFACE_STYLE_USAGE(.BOTH.,#78650);
#78670=PRESENTATION_STYLE_ASSIGNMENT((#78660));
#78680=CARTESIAN_POINT('',(7.28369009738024,30.2607968067123,
-37.3847501953661));
#78690=DIRECTION('',(1.10175052721625E-11,-1.75761370352246E-11,-1.));
#78700=DIRECTION('',(-1.,5.5830334738514E-13,-1.10175052721723E-11));
#78710=AXIS2_PLACEMENT_3D('',#78680,#78690,#78700);
#78720=CYLINDRICAL_SURFACE('',#78710,0.210795812577999);
#78730=ORIENTED_EDGE('',*,*,#77230,.T.);
#78740=CARTESIAN_POINT('',(7.49448590995824,30.2607968067122,
-37.3847501953637));
#78750=DIRECTION('',(1.10175052721625E-11,-1.75761370352246E-11,-1.));
#78760=VECTOR('',#78750,1.);
#78770=LINE('',#78740,#78760);
#78780=CARTESIAN_POINT('',(7.49448590995714,30.260796806714,
-37.2847501953637));
#78790=VERTEX_POINT('',#78780);
#78800=EDGE_CURVE('',#78790,#77130,#78770,.T.);
#78810=ORIENTED_EDGE('',*,*,#78800,.T.);
#78820=CARTESIAN_POINT('',(7.28369009737914,30.2607968067141,
-37.2847501953661));
#78830=DIRECTION('',(1.10175052721625E-11,-1.75761370352246E-11,-1.));
#78840=DIRECTION('',(-1.,5.5830334738514E-13,-1.10175052721723E-11));
#78850=AXIS2_PLACEMENT_3D('',#78820,#78830,#78840);
#78860=CIRCLE('',#78850,0.210795812577999);
#78870=EDGE_CURVE('',#78790,#78480,#78860,.T.);
#78880=ORIENTED_EDGE('',*,*,#78870,.F.);
#78890=ORIENTED_EDGE('',*,*,#78490,.T.);
#78900=EDGE_LOOP('',(#78890,#78880,#78810,#78730));
#78910=FACE_OUTER_BOUND('',#78900,.T.);
#78920=ADVANCED_FACE('',(#78910),#78720,.F.);
#78930=COLOUR_RGB('',0.501960813999176,1.,0.501960813999176);
#78940=FILL_AREA_STYLE_COLOUR('',#78930);
#78950=FILL_AREA_STYLE('',(#78940));
#78960=SURFACE_STYLE_FILL_AREA(#78950);
#78970=SURFACE_SIDE_STYLE('',(#78960));
#78980=SURFACE_STYLE_USAGE(.BOTH.,#78970);
#78990=PRESENTATION_STYLE_ASSIGNMENT((#78980));
#79000=CARTESIAN_POINT('',(7.49448590995968,32.8392051815564,
-37.3847501954091));
#79010=DIRECTION('',(1.,-5.5830334738514E-13,1.10175052721723E-11));
#79020=DIRECTION('',(5.58303347578785E-13,1.,-1.75761370352184E-11));
#79030=AXIS2_PLACEMENT_3D('',#79000,#79010,#79020);
#79040=PLANE('',#79030);
#79050=ORIENTED_EDGE('',*,*,#77140,.T.);
#79060=CARTESIAN_POINT('',(7.4944859099596,32.8392051815564,
-37.3847501954091));
#79070=DIRECTION('',(1.10175052721625E-11,-1.75761370352246E-11,-1.));
#79080=VECTOR('',#79070,1.);
#79090=LINE('',#79060,#79080);
#79100=CARTESIAN_POINT('',(7.4944859099585,32.8392051815581,
-37.2847501954091));
#79110=VERTEX_POINT('',#79100);
#79120=EDGE_CURVE('',#79110,#77050,#79090,.T.);
#79130=ORIENTED_EDGE('',*,*,#79120,.T.);
#79140=CARTESIAN_POINT('',(7.49448590995858,32.8392051815581,
-37.2847501954091));
#79150=DIRECTION('',(-5.58303347578785E-13,-1.,1.75761370352184E-11));
#79160=VECTOR('',#79150,1.);
#79170=LINE('',#79140,#79160);
#79180=EDGE_CURVE('',#79110,#78790,#79170,.T.);
#79190=ORIENTED_EDGE('',*,*,#79180,.F.);
#79200=ORIENTED_EDGE('',*,*,#78800,.F.);
#79210=EDGE_LOOP('',(#79200,#79190,#79130,#79050));
#79220=FACE_OUTER_BOUND('',#79210,.T.);
#79230=ADVANCED_FACE('',(#79220),#79040,.F.);
#79240=COLOUR_RGB('',0.501960813999176,1.,0.501960813999176);
#79250=FILL_AREA_STYLE_COLOUR('',#79240);
#79260=FILL_AREA_STYLE('',(#79250));
#79270=SURFACE_STYLE_FILL_AREA(#79260);
#79280=SURFACE_SIDE_STYLE('',(#79270));
#79290=SURFACE_STYLE_USAGE(.BOTH.,#79280);
#79300=PRESENTATION_STYLE_ASSIGNMENT((#79290));
#79310=CARTESIAN_POINT('',(7.28369009738168,32.8392051815565,
-37.3847501954114));
#79320=DIRECTION('',(1.10175052721625E-11,-1.75761370352246E-11,-1.));
#79330=DIRECTION('',(-1.,5.5830334738514E-13,-1.10175052721723E-11));
#79340=AXIS2_PLACEMENT_3D('',#79310,#79320,#79330);
#79350=CYLINDRICAL_SURFACE('',#79340,0.210795812577921);
#79360=ORIENTED_EDGE('',*,*,#77060,.T.);
#79370=CARTESIAN_POINT('',(7.28369009738179,33.0500009941344,
-37.3847501954151));
#79380=DIRECTION('',(-1.10175052721625E-11,1.75761370352246E-11,1.));
#79390=VECTOR('',#79380,1.);
#79400=LINE('',#79370,#79390);
#79410=CARTESIAN_POINT('',(7.28369009738069,33.0500009941362,
-37.2847501954151));
#79420=VERTEX_POINT('',#79410);
#79430=EDGE_CURVE('',#76960,#79420,#79400,.T.);
#79440=ORIENTED_EDGE('',*,*,#79430,.F.);
#79450=CARTESIAN_POINT('',(7.28369009738058,32.8392051815583,
-37.2847501954114));
#79460=DIRECTION('',(1.10175052721625E-11,-1.75761370352246E-11,-1.));
#79470=DIRECTION('',(-1.,5.5830334738514E-13,-1.10175052721723E-11));
#79480=AXIS2_PLACEMENT_3D('',#79450,#79460,#79470);
#79490=CIRCLE('',#79480,0.210795812577921);
#79500=EDGE_CURVE('',#79420,#79110,#79490,.T.);
#79510=ORIENTED_EDGE('',*,*,#79500,.F.);
#79520=ORIENTED_EDGE('',*,*,#79120,.F.);
#79530=EDGE_LOOP('',(#79520,#79510,#79440,#79360));
#79540=FACE_OUTER_BOUND('',#79530,.T.);
#79550=ADVANCED_FACE('',(#79540),#79350,.F.);
#79560=COLOUR_RGB('',0.501960813999176,1.,0.501960813999176);
#79570=FILL_AREA_STYLE_COLOUR('',#79560);
#79580=FILL_AREA_STYLE('',(#79570));
#79590=SURFACE_STYLE_FILL_AREA(#79580);
#79600=SURFACE_SIDE_STYLE('',(#79590));
#79610=SURFACE_STYLE_USAGE(.BOTH.,#79600);
#79620=PRESENTATION_STYLE_ASSIGNMENT((#79610));
#79630=CARTESIAN_POINT('',(4.70528172253779,33.0500009941359,
-37.3847501954435));
#79640=DIRECTION('',(5.58303347578785E-13,1.,-1.75761370352184E-11));
#79650=DIRECTION('',(-1.,5.5830334738514E-13,-1.10175052721723E-11));
#79660=AXIS2_PLACEMENT_3D('',#79630,#79640,#79650);
#79670=PLANE('',#79660);
#79680=ORIENTED_EDGE('',*,*,#76970,.T.);
#79690=CARTESIAN_POINT('',(4.70528172253779,33.0500009941359,
-37.3847501954435));
#79700=DIRECTION('',(-1.10175052721625E-11,1.75761370352246E-11,1.));
#79710=VECTOR('',#79700,1.);
#79720=LINE('',#79690,#79710);
#79730=CARTESIAN_POINT('',(4.70528172253669,33.0500009941376,
-37.2847501954435));
#79740=VERTEX_POINT('',#79730);
#79750=EDGE_CURVE('',#76940,#79740,#79720,.T.);
#79760=ORIENTED_EDGE('',*,*,#79750,.F.);
#79770=CARTESIAN_POINT('',(7.28369009738069,33.0500009941362,
-37.2847501954151));
#79780=DIRECTION('',(-1.,5.5830334738514E-13,-1.10175052721723E-11));
#79790=VECTOR('',#79780,1.);
#79800=LINE('',#79770,#79790);
#79810=EDGE_CURVE('',#79420,#79740,#79800,.T.);
#79820=ORIENTED_EDGE('',*,*,#79810,.T.);
#79830=ORIENTED_EDGE('',*,*,#79430,.T.);
#79840=EDGE_LOOP('',(#79830,#79820,#79760,#79680));
#79850=FACE_OUTER_BOUND('',#79840,.T.);
#79860=ADVANCED_FACE('',(#79850),#79670,.F.);
#79870=COLOUR_RGB('',0.501960813999176,1.,0.501960813999176);
#79880=FILL_AREA_STYLE_COLOUR('',#79870);
#79890=FILL_AREA_STYLE('',(#79880));
#79900=SURFACE_STYLE_FILL_AREA(#79890);
#79910=SURFACE_SIDE_STYLE('',(#79900));
#79920=SURFACE_STYLE_USAGE(.BOTH.,#79910);
#79930=PRESENTATION_STYLE_ASSIGNMENT((#79920));
#79940=CARTESIAN_POINT('',(4.70528172253768,32.8392051815579,
-37.3847501954398));
#79950=DIRECTION('',(1.10175052721625E-11,-1.75761370352246E-11,-1.));
#79960=DIRECTION('',(-1.,5.5830334738514E-13,-1.10175052721723E-11));
#79970=AXIS2_PLACEMENT_3D('',#79940,#79950,#79960);
#79980=CYLINDRICAL_SURFACE('',#79970,0.210795812577999);
#79990=ORIENTED_EDGE('',*,*,#77550,.T.);
#80000=ORIENTED_EDGE('',*,*,#77930,.T.);
#80010=CARTESIAN_POINT('',(4.70528172253658,32.8392051815597,
-37.2847501954398));
#80020=DIRECTION('',(1.10175052721625E-11,-1.75761370352246E-11,-1.));
#80030=DIRECTION('',(-1.,5.5830334738514E-13,-1.10175052721723E-11));
#80040=AXIS2_PLACEMENT_3D('',#80010,#80020,#80030);
#80050=CIRCLE('',#80040,0.210795812577999);
#80060=EDGE_CURVE('',#77860,#79740,#80050,.T.);
#80070=ORIENTED_EDGE('',*,*,#80060,.F.);
#80080=ORIENTED_EDGE('',*,*,#79750,.T.);
#80090=EDGE_LOOP('',(#80080,#80070,#80000,#79990));
#80100=FACE_OUTER_BOUND('',#80090,.T.);
#80110=ADVANCED_FACE('',(#80100),#79980,.F.);
#80120=COLOUR_RGB('',0.501960813999176,1.,0.501960813999176);
#80130=FILL_AREA_STYLE_COLOUR('',#80120);
#80140=FILL_AREA_STYLE('',(#80130));
#80150=SURFACE_STYLE_FILL_AREA(#80140);
#80160=SURFACE_SIDE_STYLE('',(#80150));
#80170=SURFACE_STYLE_USAGE(.BOTH.,#80160);
#80180=PRESENTATION_STYLE_ASSIGNMENT((#80170));
#80190=CARTESIAN_POINT('',(9.41010998164252,19.4522451154753,
-37.2847501951527));
#80200=DIRECTION('',(1.10175052721625E-11,-1.75761370352246E-11,-1.));
#80210=DIRECTION('',(-1.,5.5830334738514E-13,-1.10175052721723E-11));
#80220=AXIS2_PLACEMENT_3D('',#80190,#80200,#80210);
#80230=PLANE('',#80220);
#80240=ORIENTED_EDGE('',*,*,#79500,.T.);
#80250=ORIENTED_EDGE('',*,*,#79810,.F.);
#80260=ORIENTED_EDGE('',*,*,#80060,.T.);
#80270=ORIENTED_EDGE('',*,*,#77870,.F.);
#80280=ORIENTED_EDGE('',*,*,#78240,.T.);
#80290=ORIENTED_EDGE('',*,*,#78550,.F.);
#80300=ORIENTED_EDGE('',*,*,#78870,.T.);
#80310=ORIENTED_EDGE('',*,*,#79180,.T.);
#80320=EDGE_LOOP('',(#80310,#80300,#80290,#80280,#80270,#80260,#80250,
#80240));
#80330=FACE_OUTER_BOUND('',#80320,.T.);
#80340=CARTESIAN_POINT('',(5.93932962286233,30.9807221792994,
-37.2847501953935));
#80350=DIRECTION('',(5.58303347578785E-13,1.,-1.75761370352184E-11));
#80360=VECTOR('',#80350,1.);
#80370=LINE('',#80340,#80360);
#80380=CARTESIAN_POINT('',(5.93932962286233,30.9807221792994,
-37.2847501953935));
#80390=VERTEX_POINT('',#80380);
#80400=CARTESIAN_POINT('',(5.93932962286253,31.2206711302723,
-37.2847501953977));
#80410=VERTEX_POINT('',#80400);
#80420=EDGE_CURVE('',#80390,#80410,#80370,.T.);
#80430=ORIENTED_EDGE('',*,*,#80420,.T.);
#80440=CARTESIAN_POINT('',(5.78123276342895,30.9807221792994,
-37.2847501953953));
#80450=DIRECTION('',(1.10175052721625E-11,-1.75761370352246E-11,-1.));
#80460=DIRECTION('',(-1.,5.5830334738514E-13,-1.10175052721723E-11));
#80470=AXIS2_PLACEMENT_3D('',#80440,#80450,#80460);
#80480=CIRCLE('',#80470,0.158096859433385);
#80490=CARTESIAN_POINT('',(5.78123276342886,30.822625319866,
-37.2847501953925));
#80500=VERTEX_POINT('',#80490);
#80510=EDGE_CURVE('',#80390,#80500,#80480,.T.);
#80520=ORIENTED_EDGE('',*,*,#80510,.F.);
#80530=CARTESIAN_POINT('',(5.76858111361484,30.822625319866,
-37.2847501953926));
#80540=DIRECTION('',(1.,-5.5830334738514E-13,1.10175052721723E-11));
#80550=VECTOR('',#80540,1.);
#80560=LINE('',#80530,#80550);
#80570=CARTESIAN_POINT('',(5.76858111361484,30.822625319866,
-37.2847501953926));
#80580=VERTEX_POINT('',#80570);
#80590=EDGE_CURVE('',#80580,#80500,#80560,.T.);
#80600=ORIENTED_EDGE('',*,*,#80590,.T.);
#80610=CARTESIAN_POINT('',(5.76858111361537,31.7738088939112,
-37.2847501954094));
#80620=DIRECTION('',(1.10175052721625E-11,-1.75761370352246E-11,-1.));
#80630=DIRECTION('',(-1.,5.5830334738514E-13,-1.10175052721723E-11));
#80640=AXIS2_PLACEMENT_3D('',#80610,#80620,#80630);
#80650=CIRCLE('',#80640,0.951183574045199);
#80660=CARTESIAN_POINT('',(4.81739753957017,31.7738088939117,
-37.2847501954198));
#80670=VERTEX_POINT('',#80660);
#80680=EDGE_CURVE('',#80580,#80670,#80650,.T.);
#80690=ORIENTED_EDGE('',*,*,#80680,.F.);
#80700=CARTESIAN_POINT('',(5.76858111361591,32.7249924679564,
-37.2847501954261));
#80710=VERTEX_POINT('',#80700);
#80720=EDGE_CURVE('',#80670,#80710,#80650,.T.);
#80730=ORIENTED_EDGE('',*,*,#80720,.F.);
#80740=CARTESIAN_POINT('',(5.76858111361591,32.7249924679564,
-37.2847501954261));
#80750=DIRECTION('',(1.,-5.5830334738514E-13,1.10175052721723E-11));
#80760=VECTOR('',#80750,1.);
#80770=LINE('',#80740,#80760);
#80780=CARTESIAN_POINT('',(5.78123276342993,32.7249924679564,
-37.2847501954259));
#80790=VERTEX_POINT('',#80780);
#80800=EDGE_CURVE('',#80710,#80790,#80770,.T.);
#80810=ORIENTED_EDGE('',*,*,#80800,.F.);
#80820=CARTESIAN_POINT('',(5.78123276342984,32.5668956085229,
-37.2847501954232));
#80830=DIRECTION('',(1.10175052721625E-11,-1.75761370352246E-11,-1.));
#80840=DIRECTION('',(-1.,5.5830334738514E-13,-1.10175052721723E-11));
#80850=AXIS2_PLACEMENT_3D('',#80820,#80830,#80840);
#80860=CIRCLE('',#80850,0.15809685943344);
#80870=CARTESIAN_POINT('',(5.93932962286328,32.5668956085228,
-37.2847501954214));
#80880=VERTEX_POINT('',#80870);
#80890=EDGE_CURVE('',#80790,#80880,#80860,.T.);
#80900=ORIENTED_EDGE('',*,*,#80890,.F.);
#80910=CARTESIAN_POINT('',(5.93932962286329,32.32694665755,
-37.2847501954172));
#80920=DIRECTION('',(5.58303347578785E-13,1.,-1.75761370352184E-11));
#80930=VECTOR('',#80920,1.);
#80940=LINE('',#80910,#80930);
#80950=CARTESIAN_POINT('',(5.93932962286329,32.32694665755,
-37.2847501954172));
#80960=VERTEX_POINT('',#80950);
#80970=EDGE_CURVE('',#80960,#80880,#80940,.T.);
#80980=ORIENTED_EDGE('',*,*,#80970,.T.);
#80990=CARTESIAN_POINT('',(5.7812327634297,32.3269466575501,
-37.2847501954189));
#81000=DIRECTION('',(1.10175052721625E-11,-1.75761370352246E-11,-1.));
#81010=DIRECTION('',(-1.,5.5830334738514E-13,-1.10175052721723E-11));
#81020=AXIS2_PLACEMENT_3D('',#80990,#81000,#81010);
#81030=CIRCLE('',#81020,0.158096859433584);
#81040=CARTESIAN_POINT('',(5.8502523320756,32.1847112326144,
-37.2847501954157));
#81050=VERTEX_POINT('',#81040);
#81060=EDGE_CURVE('',#80960,#81050,#81030,.T.);
#81070=ORIENTED_EDGE('',*,*,#81060,.F.);
#81080=CARTESIAN_POINT('',(6.04964219705258,31.773808893911,
-37.2847501954063));
#81090=DIRECTION('',(1.10175052721625E-11,-1.75761370352246E-11,-1.));
#81100=DIRECTION('',(-1.,5.5830334738514E-13,-1.10175052721723E-11));
#81110=AXIS2_PLACEMENT_3D('',#81080,#81090,#81100);
#81120=CIRCLE('',#81110,0.456724260585462);
#81130=CARTESIAN_POINT('',(5.59291793646712,31.7738088939113,
-37.2847501954113));
#81140=VERTEX_POINT('',#81130);
#81150=EDGE_CURVE('',#81140,#81050,#81120,.T.);
#81160=ORIENTED_EDGE('',*,*,#81150,.T.);
#81170=CARTESIAN_POINT('',(5.85025233207515,31.362906555208,
-37.2847501954012));
#81180=VERTEX_POINT('',#81170);
#81190=EDGE_CURVE('',#81180,#81140,#81120,.T.);
#81200=ORIENTED_EDGE('',*,*,#81190,.T.);
#81210=CARTESIAN_POINT('',(5.78123276342909,31.2206711302724,
-37.2847501953995));
#81220=DIRECTION('',(1.10175052721625E-11,-1.75761370352246E-11,-1.));
#81230=DIRECTION('',(-1.,5.5830334738514E-13,-1.10175052721723E-11));
#81240=AXIS2_PLACEMENT_3D('',#81210,#81220,#81230);
#81250=CIRCLE('',#81240,0.15809685943344);
#81260=EDGE_CURVE('',#81180,#80410,#81250,.T.);
#81270=ORIENTED_EDGE('',*,*,#81260,.F.);
#81280=EDGE_LOOP('',(#81270,#81200,#81160,#81070,#80980,#80900,#80810,
#80730,#80690,#80600,#80520,#80430));
#81290=FACE_BOUND('',#81280,.T.);
#81300=CARTESIAN_POINT('',(6.04964219705258,31.773808893911,
-37.2847501954063));
#81310=DIRECTION('',(1.10175052721625E-11,-1.75761370352246E-11,-1.));
#81320=DIRECTION('',(-1.,5.5830334738514E-13,-1.10175052721723E-11));
#81330=AXIS2_PLACEMENT_3D('',#81300,#81310,#81320);
#81340=CIRCLE('',#81330,0.228362130292794);
#81350=CARTESIAN_POINT('',(5.82128006675979,31.7738088939112,
-37.2847501954088));
#81360=VERTEX_POINT('',#81350);
#81370=CARTESIAN_POINT('',(6.27800432734537,31.7738088939109,
-37.2847501954037));
#81380=VERTEX_POINT('',#81370);
#81390=EDGE_CURVE('',#81360,#81380,#81340,.T.);
#81400=ORIENTED_EDGE('',*,*,#81390,.F.);
#81410=EDGE_CURVE('',#81380,#81360,#81340,.T.);
#81420=ORIENTED_EDGE('',*,*,#81410,.F.);
#81430=EDGE_LOOP('',(#81420,#81400));
#81440=FACE_BOUND('',#81430,.T.);
#81450=CARTESIAN_POINT('',(7.15276793895074,32.5668956085222,
-37.284750195408));
#81460=DIRECTION('',(-5.58303347578785E-13,-1.,1.75761370352184E-11));
#81470=VECTOR('',#81460,1.);
#81480=LINE('',#81450,#81470);
#81490=CARTESIAN_POINT('',(7.15276793895069,32.5668956085222,
-37.284750195408));
#81500=VERTEX_POINT('',#81490);
#81510=CARTESIAN_POINT('',(7.15276793894961,30.5331063797581,
-37.2847501953723));
#81520=VERTEX_POINT('',#81510);
#81530=EDGE_CURVE('',#81500,#81520,#81480,.T.);
#81540=ORIENTED_EDGE('',*,*,#81530,.F.);
#81550=CARTESIAN_POINT('',(6.99467107951611,30.5331063797582,
-37.284750195374));
#81560=DIRECTION('',(1.10175052721625E-11,-1.75761370352246E-11,-1.));
#81570=DIRECTION('',(-1.,5.5830334738514E-13,-1.10175052721723E-11));
#81580=AXIS2_PLACEMENT_3D('',#81550,#81560,#81570);
#81590=CIRCLE('',#81580,0.158096859433499);
#81600=CARTESIAN_POINT('',(6.99467107951602,30.3750095203248,
-37.2847501953713));
#81610=VERTEX_POINT('',#81600);
#81620=EDGE_CURVE('',#81520,#81610,#81590,.T.);
#81630=ORIENTED_EDGE('',*,*,#81620,.F.);
#81640=CARTESIAN_POINT('',(6.31805163067491,30.3750095203252,
-37.2847501953787));
#81650=DIRECTION('',(1.,-5.5830334738514E-13,1.10175052721723E-11));
#81660=VECTOR('',#81650,1.);
#81670=LINE('',#81640,#81660);
#81680=CARTESIAN_POINT('',(6.31805163067491,30.3750095203252,
-37.2847501953787));
#81690=VERTEX_POINT('',#81680);
#81700=EDGE_CURVE('',#81690,#81610,#81670,.T.);
#81710=ORIENTED_EDGE('',*,*,#81700,.T.);
#81720=CARTESIAN_POINT('',(6.318051630675,30.5331063797586,
-37.2847501953815));
#81730=DIRECTION('',(1.10175052721625E-11,-1.75761370352246E-11,-1.));
#81740=DIRECTION('',(-1.,5.5830334738514E-13,-1.10175052721723E-11));
#81750=AXIS2_PLACEMENT_3D('',#81720,#81730,#81740);
#81760=CIRCLE('',#81750,0.158096859433439);
#81770=CARTESIAN_POINT('',(6.15995477124156,30.5331063797587,
-37.2847501953832));
#81780=VERTEX_POINT('',#81770);
#81790=EDGE_CURVE('',#81690,#81780,#81760,.T.);
#81800=ORIENTED_EDGE('',*,*,#81790,.F.);
#81810=CARTESIAN_POINT('',(6.15995477124208,31.2206711302721,
-37.2847501953953));
#81820=DIRECTION('',(-5.58303347578785E-13,-1.,1.75761370352184E-11));
#81830=VECTOR('',#81820,1.);
#81840=LINE('',#81810,#81830);
#81850=CARTESIAN_POINT('',(6.15995477124208,31.2206711302721,
-37.2847501953953));
#81860=VERTEX_POINT('',#81850);
#81870=EDGE_CURVE('',#81860,#81780,#81840,.T.);
#81880=ORIENTED_EDGE('',*,*,#81870,.T.);
#81890=CARTESIAN_POINT('',(6.31805163067538,31.2206711302721,
-37.2847501953936));
#81900=DIRECTION('',(1.10175052721625E-11,-1.75761370352246E-11,-1.));
#81910=DIRECTION('',(-1.,5.5830334738514E-13,-1.10175052721723E-11));
#81920=AXIS2_PLACEMENT_3D('',#81890,#81900,#81910);
#81930=CIRCLE('',#81920,0.1580968594333);
#81940=CARTESIAN_POINT('',(6.24903206202957,31.3629065552078,
-37.2847501953968));
#81950=VERTEX_POINT('',#81940);
#81960=EDGE_CURVE('',#81860,#81950,#81930,.T.);
#81970=ORIENTED_EDGE('',*,*,#81960,.F.);
#81980=CARTESIAN_POINT('',(6.04964219705258,31.773808893911,
-37.2847501954063));
#81990=DIRECTION('',(1.10175052721625E-11,-1.75761370352246E-11,-1.));
#82000=DIRECTION('',(-1.,5.5830334738514E-13,-1.10175052721723E-11));
#82010=AXIS2_PLACEMENT_3D('',#81980,#81990,#82000);
#82020=CIRCLE('',#82010,0.456724260585518);
#82030=CARTESIAN_POINT('',(6.5063664576381,31.7738088939108,
-37.2847501954012));
#82040=VERTEX_POINT('',#82030);
#82050=EDGE_CURVE('',#82040,#81950,#82020,.T.);
#82060=ORIENTED_EDGE('',*,*,#82050,.T.);
#82070=CARTESIAN_POINT('',(6.24903206203002,32.1847112326141,
-37.2847501954113));
#82080=VERTEX_POINT('',#82070);
#82090=EDGE_CURVE('',#82080,#82040,#82020,.T.);
#82100=ORIENTED_EDGE('',*,*,#82090,.T.);
#82110=CARTESIAN_POINT('',(6.318051630676,32.3269466575498,
-37.284750195413));
#82120=DIRECTION('',(1.10175052721625E-11,-1.75761370352246E-11,-1.));
#82130=DIRECTION('',(-1.,5.5830334738514E-13,-1.10175052721723E-11));
#82140=AXIS2_PLACEMENT_3D('',#82110,#82120,#82130);
#82150=CIRCLE('',#82140,0.158096859433421);
#82160=CARTESIAN_POINT('',(6.15995477124258,32.3269466575499,
-37.2847501954148));
#82170=VERTEX_POINT('',#82160);
#82180=EDGE_CURVE('',#82080,#82170,#82150,.T.);
#82190=ORIENTED_EDGE('',*,*,#82180,.F.);
#82200=CARTESIAN_POINT('',(6.15995477124252,32.5668956085226,
-37.284750195419));
#82210=DIRECTION('',(-5.58303347578785E-13,-1.,1.75761370352184E-11));
#82220=VECTOR('',#82210,1.);
#82230=LINE('',#82200,#82220);
#82240=CARTESIAN_POINT('',(6.15995477124252,32.5668956085227,
-37.284750195419));
#82250=VERTEX_POINT('',#82240);
#82260=EDGE_CURVE('',#82250,#82170,#82230,.T.);
#82270=ORIENTED_EDGE('',*,*,#82260,.T.);
#82280=CARTESIAN_POINT('',(6.31805163067614,32.5668956085226,
-37.2847501954172));
#82290=DIRECTION('',(1.10175052721625E-11,-1.75761370352246E-11,-1.));
#82300=DIRECTION('',(-1.,5.5830334738514E-13,-1.10175052721723E-11));
#82310=AXIS2_PLACEMENT_3D('',#82280,#82290,#82300);
#82320=CIRCLE('',#82310,0.158096859433613);
#82330=CARTESIAN_POINT('',(6.31805163067622,32.7249924679561,
-37.28475019542));
#82340=VERTEX_POINT('',#82330);
#82350=EDGE_CURVE('',#82250,#82340,#82320,.T.);
#82360=ORIENTED_EDGE('',*,*,#82350,.F.);
#82370=CARTESIAN_POINT('',(6.99467107951733,32.7249924679557,
-37.2847501954126));
#82380=DIRECTION('',(-1.,5.29424595426605E-13,-1.10175052721718E-11));
#82390=VECTOR('',#82380,1.);
#82400=LINE('',#82370,#82390);
#82410=CARTESIAN_POINT('',(6.99467107951733,32.7249924679557,
-37.2847501954126));
#82420=VERTEX_POINT('',#82410);
#82430=EDGE_CURVE('',#82420,#82340,#82400,.T.);
#82440=ORIENTED_EDGE('',*,*,#82430,.T.);
#82450=CARTESIAN_POINT('',(6.99467107951724,32.5668956085223,
-37.2847501954098));
#82460=DIRECTION('',(1.10175052721625E-11,-1.75761370352246E-11,-1.));
#82470=DIRECTION('',(-1.,5.5830334738514E-13,-1.10175052721723E-11));
#82480=AXIS2_PLACEMENT_3D('',#82450,#82460,#82470);
#82490=CIRCLE('',#82480,0.15809685943344);
#82500=EDGE_CURVE('',#82420,#81500,#82490,.T.);
#82510=ORIENTED_EDGE('',*,*,#82500,.F.);
#82520=EDGE_LOOP('',(#82510,#82440,#82360,#82270,#82190,#82100,#82060,
#81970,#81880,#81800,#81710,#81630,#81540));
#82530=FACE_BOUND('',#82520,.T.);
#82540=ADVANCED_FACE('',(#80330,#81290,#81440,#82530),#80230,.T.);
#82550=COLOUR_RGB('',0.501960813999176,1.,0.501960813999176);
#82560=FILL_AREA_STYLE_COLOUR('',#82550);
#82570=FILL_AREA_STYLE('',(#82560));
#82580=SURFACE_STYLE_FILL_AREA(#82570);
#82590=SURFACE_SIDE_STYLE('',(#82580));
#82600=SURFACE_STYLE_USAGE(.BOTH.,#82590);
#82610=PRESENTATION_STYLE_ASSIGNMENT((#82600));
#82620=CARTESIAN_POINT('',(5.78123276343019,31.2206711302706,
-37.3847501953995));
#82630=DIRECTION('',(1.10175052721625E-11,-1.75761370352246E-11,-1.));
#82640=DIRECTION('',(-1.,5.5830334738514E-13,-1.10175052721723E-11));
#82650=AXIS2_PLACEMENT_3D('',#82620,#82630,#82640);
#82660=CYLINDRICAL_SURFACE('',#82650,0.15809685943344);
#82670=CARTESIAN_POINT('',(5.78123276343019,31.2206711302706,
-37.3847501953995));
#82680=DIRECTION('',(1.10175052721625E-11,-1.75761370352246E-11,-1.));
#82690=DIRECTION('',(-1.,5.5830334738514E-13,-1.10175052721723E-11));
#82700=AXIS2_PLACEMENT_3D('',#82670,#82680,#82690);
#82710=CIRCLE('',#82700,0.15809685943344);
#82720=CARTESIAN_POINT('',(5.85025233207625,31.3629065552063,
-37.3847501954012));
#82730=VERTEX_POINT('',#82720);
#82740=CARTESIAN_POINT('',(5.93932962286363,31.2206711302705,
-37.3847501953978));
#82750=VERTEX_POINT('',#82740);
#82760=EDGE_CURVE('',#82730,#82750,#82710,.T.);
#82770=ORIENTED_EDGE('',*,*,#82760,.F.);
#82780=CARTESIAN_POINT('',(5.93932962286363,31.2206711302705,
-37.3847501953978));
#82790=DIRECTION('',(1.10175052721625E-11,-1.75761370352246E-11,-1.));
#82800=VECTOR('',#82790,1.);
#82810=LINE('',#82780,#82800);
#82820=EDGE_CURVE('',#80410,#82750,#82810,.T.);
#82830=ORIENTED_EDGE('',*,*,#82820,.T.);
#82840=ORIENTED_EDGE('',*,*,#81260,.T.);
#82850=CARTESIAN_POINT('',(5.85025233207625,31.3629065552063,
-37.3847501954012));
#82860=DIRECTION('',(-1.10175052721625E-11,1.75761370352246E-11,1.));
#82870=VECTOR('',#82860,1.);
#82880=LINE('',#82850,#82870);
#82890=EDGE_CURVE('',#82730,#81180,#82880,.T.);
#82900=ORIENTED_EDGE('',*,*,#82890,.T.);
#82910=EDGE_LOOP('',(#82900,#82840,#82830,#82770));
#82920=FACE_OUTER_BOUND('',#82910,.T.);
#82930=ADVANCED_FACE('',(#82920),#82660,.T.);
#82940=COLOUR_RGB('',0.501960813999176,1.,0.501960813999176);
#82950=FILL_AREA_STYLE_COLOUR('',#82940);
#82960=FILL_AREA_STYLE('',(#82950));
#82970=SURFACE_STYLE_FILL_AREA(#82960);
#82980=SURFACE_SIDE_STYLE('',(#82970));
#82990=SURFACE_STYLE_USAGE(.BOTH.,#82980);
#83000=PRESENTATION_STYLE_ASSIGNMENT((#82990));
#83010=CARTESIAN_POINT('',(5.93932962286343,30.9807221792977,
-37.3847501953935));
#83020=DIRECTION('',(-1.,5.5830334738514E-13,-1.10175052721723E-11));
#83030=DIRECTION('',(-5.58303347578785E-13,-1.,1.75761370352184E-11));
#83040=AXIS2_PLACEMENT_3D('',#83010,#83020,#83030);
#83050=PLANE('',#83040);
#83060=CARTESIAN_POINT('',(5.93932962284553,-1.09999999955651,
-37.3847501948297));
#83070=DIRECTION('',(5.58303347578785E-13,1.,-1.75761370352184E-11));
#83080=VECTOR('',#83070,1.);
#83090=LINE('',#83060,#83080);
#83100=CARTESIAN_POINT('',(5.93932962286343,30.9807221792976,
-37.3847501953935));
#83110=VERTEX_POINT('',#83100);
#83120=EDGE_CURVE('',#83110,#82750,#83090,.T.);
#83130=ORIENTED_EDGE('',*,*,#83120,.T.);
#83140=CARTESIAN_POINT('',(5.93932962286343,30.9807221792976,
-37.3847501953935));
#83150=DIRECTION('',(1.10175052721625E-11,-1.75761370352246E-11,-1.));
#83160=VECTOR('',#83150,1.);
#83170=LINE('',#83140,#83160);
#83180=EDGE_CURVE('',#80390,#83110,#83170,.T.);
#83190=ORIENTED_EDGE('',*,*,#83180,.T.);
#83200=ORIENTED_EDGE('',*,*,#80420,.F.);
#83210=ORIENTED_EDGE('',*,*,#82820,.F.);
#83220=EDGE_LOOP('',(#83210,#83200,#83190,#83130));
#83230=FACE_OUTER_BOUND('',#83220,.T.);
#83240=ADVANCED_FACE('',(#83230),#83050,.F.);
#83250=COLOUR_RGB('',0.501960813999176,1.,0.501960813999176);
#83260=FILL_AREA_STYLE_COLOUR('',#83250);
#83270=FILL_AREA_STYLE('',(#83260));
#83280=SURFACE_STYLE_FILL_AREA(#83270);
#83290=SURFACE_SIDE_STYLE('',(#83280));
#83300=SURFACE_STYLE_USAGE(.BOTH.,#83290);
#83310=PRESENTATION_STYLE_ASSIGNMENT((#83300));
#83320=CARTESIAN_POINT('',(5.78123276343005,30.9807221792977,
-37.3847501953953));
#83330=DIRECTION('',(1.10175052721625E-11,-1.75761370352246E-11,-1.));
#83340=DIRECTION('',(-1.,5.5830334738514E-13,-1.10175052721723E-11));
#83350=AXIS2_PLACEMENT_3D('',#83320,#83330,#83340);
#83360=CYLINDRICAL_SURFACE('',#83350,0.158096859433385);
#83370=CARTESIAN_POINT('',(5.78123276343005,30.9807221792977,
-37.3847501953953));
#83380=DIRECTION('',(1.10175052721625E-11,-1.75761370352246E-11,-1.));
#83390=DIRECTION('',(-1.,5.5830334738514E-13,-1.10175052721723E-11));
#83400=AXIS2_PLACEMENT_3D('',#83370,#83380,#83390);
#83410=CIRCLE('',#83400,0.158096859433385);
#83420=CARTESIAN_POINT('',(5.78123276342996,30.8226253198643,
-37.3847501953925));
#83430=VERTEX_POINT('',#83420);
#83440=EDGE_CURVE('',#83110,#83430,#83410,.T.);
#83450=ORIENTED_EDGE('',*,*,#83440,.F.);
#83460=CARTESIAN_POINT('',(5.78123276342996,30.8226253198642,
-37.3847501953925));
#83470=DIRECTION('',(-1.10175052721625E-11,1.75761370352246E-11,1.));
#83480=VECTOR('',#83470,1.);
#83490=LINE('',#83460,#83480);
#83500=EDGE_CURVE('',#83430,#80500,#83490,.T.);
#83510=ORIENTED_EDGE('',*,*,#83500,.F.);
#83520=ORIENTED_EDGE('',*,*,#80510,.T.);
#83530=ORIENTED_EDGE('',*,*,#83180,.F.);
#83540=EDGE_LOOP('',(#83530,#83520,#83510,#83450));
#83550=FACE_OUTER_BOUND('',#83540,.T.);
#83560=ADVANCED_FACE('',(#83550),#83360,.T.);
#83570=COLOUR_RGB('',0.501960813999176,1.,0.501960813999176);
#83580=FILL_AREA_STYLE_COLOUR('',#83570);
#83590=FILL_AREA_STYLE('',(#83580));
#83600=SURFACE_STYLE_FILL_AREA(#83590);
#83610=SURFACE_SIDE_STYLE('',(#83600));
#83620=SURFACE_STYLE_USAGE(.BOTH.,#83610);
#83630=PRESENTATION_STYLE_ASSIGNMENT((#83620));
#83640=CARTESIAN_POINT('',(5.76858111361594,30.8226253198642,
-37.3847501953926));
#83650=DIRECTION('',(5.58303347578785E-13,1.,-1.75761370352184E-11));
#83660=DIRECTION('',(-1.,5.5830334738514E-13,-1.10175052721723E-11));
#83670=AXIS2_PLACEMENT_3D('',#83640,#83650,#83660);
#83680=PLANE('',#83670);
#83690=CARTESIAN_POINT('',(-2.00000000010243,30.8226253198686,
-37.3847501954782));
#83700=DIRECTION('',(1.,-5.58303347385139E-13,1.10175052721723E-11));
#83710=VECTOR('',#83700,1.);
#83720=LINE('',#83690,#83710);
#83730=CARTESIAN_POINT('',(5.76858111361594,30.8226253198642,
-37.3847501953926));
#83740=VERTEX_POINT('',#83730);
#83750=EDGE_CURVE('',#83740,#83430,#83720,.T.);
#83760=ORIENTED_EDGE('',*,*,#83750,.T.);
#83770=CARTESIAN_POINT('',(5.76858111361594,30.8226253198642,
-37.3847501953926));
#83780=DIRECTION('',(-1.10175052721625E-11,1.75761370352246E-11,1.));
#83790=VECTOR('',#83780,1.);
#83800=LINE('',#83770,#83790);
#83810=EDGE_CURVE('',#83740,#80580,#83800,.T.);
#83820=ORIENTED_EDGE('',*,*,#83810,.F.);
#83830=ORIENTED_EDGE('',*,*,#80590,.F.);
#83840=ORIENTED_EDGE('',*,*,#83500,.T.);
#83850=EDGE_LOOP('',(#83840,#83830,#83820,#83760));
#83860=FACE_OUTER_BOUND('',#83850,.T.);
#83870=ADVANCED_FACE('',(#83860),#83680,.F.);
#83880=COLOUR_RGB('',0.501960813999176,1.,0.501960813999176);
#83890=FILL_AREA_STYLE_COLOUR('',#83880);
#83900=FILL_AREA_STYLE('',(#83890));
#83910=SURFACE_STYLE_FILL_AREA(#83900);
#83920=SURFACE_SIDE_STYLE('',(#83910));
#83930=SURFACE_STYLE_USAGE(.BOTH.,#83920);
#83940=PRESENTATION_STYLE_ASSIGNMENT((#83930));
#83950=CARTESIAN_POINT('',(5.76858111361647,31.7738088939094,
-37.3847501954094));
#83960=DIRECTION('',(1.10175052721625E-11,-1.75761370352246E-11,-1.));
#83970=DIRECTION('',(-1.,5.5830334738514E-13,-1.10175052721723E-11));
#83980=AXIS2_PLACEMENT_3D('',#83950,#83960,#83970);
#83990=CYLINDRICAL_SURFACE('',#83980,0.951183574045199);
#84000=CARTESIAN_POINT('',(5.76858111361647,31.7738088939094,
-37.3847501954094));
#84010=DIRECTION('',(1.10175052721625E-11,-1.75761370352246E-11,-1.));
#84020=DIRECTION('',(-1.,5.5830334738514E-13,-1.10175052721723E-11));
#84030=AXIS2_PLACEMENT_3D('',#84000,#84010,#84020);
#84040=CIRCLE('',#84030,0.951183574045199);
#84050=CARTESIAN_POINT('',(4.81739753957127,31.77380889391,
-37.3847501954198));
#84060=VERTEX_POINT('',#84050);
#84070=EDGE_CURVE('',#83740,#84060,#84040,.T.);
#84080=ORIENTED_EDGE('',*,*,#84070,.F.);
#84090=CARTESIAN_POINT('',(4.81739753957127,31.77380889391,
-37.3847501954198));
#84100=DIRECTION('',(1.10175052721625E-11,-1.75761370352246E-11,-1.));
#84110=VECTOR('',#84100,1.);
#84120=LINE('',#84090,#84110);
#84130=EDGE_CURVE('',#80670,#84060,#84120,.T.);
#84140=ORIENTED_EDGE('',*,*,#84130,.T.);
#84150=ORIENTED_EDGE('',*,*,#80680,.T.);
#84160=ORIENTED_EDGE('',*,*,#83810,.T.);
#84170=EDGE_LOOP('',(#84160,#84150,#84140,#84080));
#84180=FACE_OUTER_BOUND('',#84170,.T.);
#84190=ADVANCED_FACE('',(#84180),#83990,.T.);
#84200=COLOUR_RGB('',0.501960813999176,1.,0.501960813999176);
#84210=FILL_AREA_STYLE_COLOUR('',#84200);
#84220=FILL_AREA_STYLE('',(#84210));
#84230=SURFACE_STYLE_FILL_AREA(#84220);
#84240=SURFACE_SIDE_STYLE('',(#84230));
#84250=SURFACE_STYLE_USAGE(.BOTH.,#84240);
#84260=PRESENTATION_STYLE_ASSIGNMENT((#84250));
#84270=CARTESIAN_POINT('',(5.78123276343103,32.7249924679546,
-37.3847501954259));
#84280=DIRECTION('',(-5.58303347578785E-13,-1.,1.75761370352184E-11));
#84290=DIRECTION('',(1.,-5.5830334738514E-13,1.10175052721723E-11));
#84300=AXIS2_PLACEMENT_3D('',#84270,#84280,#84290);
#84310=PLANE('',#84300);
#84320=CARTESIAN_POINT('',(-2.00000000010243,32.724992467959,
-37.3847501955117));
#84330=DIRECTION('',(-1.,5.58303347385139E-13,-1.10175052721723E-11));
#84340=VECTOR('',#84330,1.);
#84350=LINE('',#84320,#84340);
#84360=CARTESIAN_POINT('',(5.78123276343103,32.7249924679546,
-37.3847501954259));
#84370=VERTEX_POINT('',#84360);
#84380=CARTESIAN_POINT('',(5.76858111361701,32.7249924679546,
-37.3847501954261));
#84390=VERTEX_POINT('',#84380);
#84400=EDGE_CURVE('',#84370,#84390,#84350,.T.);
#84410=ORIENTED_EDGE('',*,*,#84400,.T.);
#84420=CARTESIAN_POINT('',(5.78123276343103,32.7249924679546,
-37.3847501954259));
#84430=DIRECTION('',(-1.10175052721625E-11,1.75761370352246E-11,1.));
#84440=VECTOR('',#84430,1.);
#84450=LINE('',#84420,#84440);
#84460=EDGE_CURVE('',#84370,#80790,#84450,.T.);
#84470=ORIENTED_EDGE('',*,*,#84460,.F.);
#84480=ORIENTED_EDGE('',*,*,#80800,.T.);
#84490=CARTESIAN_POINT('',(5.76858111361701,32.7249924679546,
-37.3847501954261));
#84500=DIRECTION('',(-1.10175052721625E-11,1.75761370352246E-11,1.));
#84510=VECTOR('',#84500,1.);
#84520=LINE('',#84490,#84510);
#84530=EDGE_CURVE('',#84390,#80710,#84520,.T.);
#84540=ORIENTED_EDGE('',*,*,#84530,.T.);
#84550=EDGE_LOOP('',(#84540,#84480,#84470,#84410));
#84560=FACE_OUTER_BOUND('',#84550,.T.);
#84570=ADVANCED_FACE('',(#84560),#84310,.F.);
#84580=COLOUR_RGB('',0.501960813999176,1.,0.501960813999176);
#84590=FILL_AREA_STYLE_COLOUR('',#84580);
#84600=FILL_AREA_STYLE('',(#84590));
#84610=SURFACE_STYLE_FILL_AREA(#84600);
#84620=SURFACE_SIDE_STYLE('',(#84610));
#84630=SURFACE_STYLE_USAGE(.BOTH.,#84620);
#84640=PRESENTATION_STYLE_ASSIGNMENT((#84630));
#84650=CARTESIAN_POINT('',(5.78123276343094,32.5668956085212,
-37.3847501954232));
#84660=DIRECTION('',(1.10175052721625E-11,-1.75761370352246E-11,-1.));
#84670=DIRECTION('',(-1.,5.5830334738514E-13,-1.10175052721723E-11));
#84680=AXIS2_PLACEMENT_3D('',#84650,#84660,#84670);
#84690=CYLINDRICAL_SURFACE('',#84680,0.15809685943344);
#84700=CARTESIAN_POINT('',(5.78123276343094,32.5668956085212,
-37.3847501954232));
#84710=DIRECTION('',(1.10175052721625E-11,-1.75761370352246E-11,-1.));
#84720=DIRECTION('',(-1.,5.5830334738514E-13,-1.10175052721723E-11));
#84730=AXIS2_PLACEMENT_3D('',#84700,#84710,#84720);
#84740=CIRCLE('',#84730,0.15809685943344);
#84750=CARTESIAN_POINT('',(5.93932962286438,32.5668956085211,
-37.3847501954214));
#84760=VERTEX_POINT('',#84750);
#84770=EDGE_CURVE('',#84370,#84760,#84740,.T.);
#84780=ORIENTED_EDGE('',*,*,#84770,.F.);
#84790=CARTESIAN_POINT('',(5.93932962286438,32.5668956085211,
-37.3847501954214));
#84800=DIRECTION('',(1.10175052721625E-11,-1.75761370352246E-11,-1.));
#84810=VECTOR('',#84800,1.);
#84820=LINE('',#84790,#84810);
#84830=EDGE_CURVE('',#80880,#84760,#84820,.T.);
#84840=ORIENTED_EDGE('',*,*,#84830,.T.);
#84850=ORIENTED_EDGE('',*,*,#80890,.T.);
#84860=ORIENTED_EDGE('',*,*,#84460,.T.);
#84870=EDGE_LOOP('',(#84860,#84850,#84840,#84780));
#84880=FACE_OUTER_BOUND('',#84870,.T.);
#84890=ADVANCED_FACE('',(#84880),#84690,.T.);
#84900=COLOUR_RGB('',0.501960813999176,1.,0.501960813999176);
#84910=FILL_AREA_STYLE_COLOUR('',#84900);
#84920=FILL_AREA_STYLE('',(#84910));
#84930=SURFACE_STYLE_FILL_AREA(#84920);
#84940=SURFACE_SIDE_STYLE('',(#84930));
#84950=SURFACE_STYLE_USAGE(.BOTH.,#84940);
#84960=PRESENTATION_STYLE_ASSIGNMENT((#84950));
#84970=CARTESIAN_POINT('',(5.93932962286439,32.3269466575483,
-37.3847501954172));
#84980=DIRECTION('',(-1.,5.5830334738514E-13,-1.10175052721723E-11));
#84990=DIRECTION('',(-5.58303347578785E-13,-1.,1.75761370352184E-11));
#85000=AXIS2_PLACEMENT_3D('',#84970,#84980,#84990);
#85010=PLANE('',#85000);
#85020=CARTESIAN_POINT('',(5.93932962284573,-1.09999999955651,
-37.3847501948297));
#85030=DIRECTION('',(5.58303347578785E-13,1.,-1.75761370352184E-11));
#85040=VECTOR('',#85030,1.);
#85050=LINE('',#85020,#85040);
#85060=CARTESIAN_POINT('',(5.93932962286439,32.3269466575483,
-37.3847501954172));
#85070=VERTEX_POINT('',#85060);
#85080=EDGE_CURVE('',#85070,#84760,#85050,.T.);
#85090=ORIENTED_EDGE('',*,*,#85080,.T.);
#85100=CARTESIAN_POINT('',(5.93932962286439,32.3269466575483,
-37.3847501954172));
#85110=DIRECTION('',(1.10175052721625E-11,-1.75761370352246E-11,-1.));
#85120=VECTOR('',#85110,1.);
#85130=LINE('',#85100,#85120);
#85140=EDGE_CURVE('',#80960,#85070,#85130,.T.);
#85150=ORIENTED_EDGE('',*,*,#85140,.T.);
#85160=ORIENTED_EDGE('',*,*,#80970,.F.);
#85170=ORIENTED_EDGE('',*,*,#84830,.F.);
#85180=EDGE_LOOP('',(#85170,#85160,#85150,#85090));
#85190=FACE_OUTER_BOUND('',#85180,.T.);
#85200=ADVANCED_FACE('',(#85190),#85010,.F.);
#85210=COLOUR_RGB('',0.501960813999176,1.,0.501960813999176);
#85220=FILL_AREA_STYLE_COLOUR('',#85210);
#85230=FILL_AREA_STYLE('',(#85220));
#85240=SURFACE_STYLE_FILL_AREA(#85230);
#85250=SURFACE_SIDE_STYLE('',(#85240));
#85260=SURFACE_STYLE_USAGE(.BOTH.,#85250);
#85270=PRESENTATION_STYLE_ASSIGNMENT((#85260));
#85280=CARTESIAN_POINT('',(5.7812327634308,32.3269466575484,
-37.3847501954189));
#85290=DIRECTION('',(1.10175052721625E-11,-1.75761370352246E-11,-1.));
#85300=DIRECTION('',(-1.,5.5830334738514E-13,-1.10175052721723E-11));
#85310=AXIS2_PLACEMENT_3D('',#85280,#85290,#85300);
#85320=CYLINDRICAL_SURFACE('',#85310,0.158096859433584);
#85330=CARTESIAN_POINT('',(5.7812327634308,32.3269466575484,
-37.3847501954189));
#85340=DIRECTION('',(1.10175052721625E-11,-1.75761370352246E-11,-1.));
#85350=DIRECTION('',(-1.,5.5830334738514E-13,-1.10175052721723E-11));
#85360=AXIS2_PLACEMENT_3D('',#85330,#85340,#85350);
#85370=CIRCLE('',#85360,0.158096859433584);
#85380=CARTESIAN_POINT('',(5.85025233207676,32.1847112326125,
-37.3847501954157));
#85390=VERTEX_POINT('',#85380);
#85400=EDGE_CURVE('',#85070,#85390,#85370,.T.);
#85410=ORIENTED_EDGE('',*,*,#85400,.F.);
#85420=CARTESIAN_POINT('',(5.85025233207671,32.1847112326126,
-37.3847501954157));
#85430=DIRECTION('',(-1.10175052721625E-11,1.75761370352246E-11,1.));
#85440=VECTOR('',#85430,1.);
#85450=LINE('',#85420,#85440);
#85460=EDGE_CURVE('',#85390,#81050,#85450,.T.);
#85470=ORIENTED_EDGE('',*,*,#85460,.F.);
#85480=ORIENTED_EDGE('',*,*,#81060,.T.);
#85490=ORIENTED_EDGE('',*,*,#85140,.F.);
#85500=EDGE_LOOP('',(#85490,#85480,#85470,#85410));
#85510=FACE_OUTER_BOUND('',#85500,.T.);
#85520=ADVANCED_FACE('',(#85510),#85320,.T.);
#85530=COLOUR_RGB('',0.501960813999176,1.,0.501960813999176);
#85540=FILL_AREA_STYLE_COLOUR('',#85530);
#85550=FILL_AREA_STYLE('',(#85540));
#85560=SURFACE_STYLE_FILL_AREA(#85550);
#85570=SURFACE_SIDE_STYLE('',(#85560));
#85580=SURFACE_STYLE_USAGE(.BOTH.,#85570);
#85590=PRESENTATION_STYLE_ASSIGNMENT((#85580));
#85600=CARTESIAN_POINT('',(6.04964219705368,31.7738088939093,
-37.3847501954063));
#85610=DIRECTION('',(1.10175052721625E-11,-1.75761370352246E-11,-1.));
#85620=DIRECTION('',(-1.,5.5830334738514E-13,-1.10175052721723E-11));
#85630=AXIS2_PLACEMENT_3D('',#85600,#85610,#85620);
#85640=CYLINDRICAL_SURFACE('',#85630,0.456724260585462);
#85650=CARTESIAN_POINT('',(6.04964219705368,31.7738088939093,
-37.3847501954063));
#85660=DIRECTION('',(1.10175052721625E-11,-1.75761370352246E-11,-1.));
#85670=DIRECTION('',(-1.,5.5830334738514E-13,-1.10175052721723E-11));
#85680=AXIS2_PLACEMENT_3D('',#85650,#85660,#85670);
#85690=CIRCLE('',#85680,0.456724260585462);
#85700=CARTESIAN_POINT('',(5.59291793646822,31.7738088939095,
-37.3847501954113));
#85710=VERTEX_POINT('',#85700);
#85720=EDGE_CURVE('',#85710,#85390,#85690,.T.);
#85730=ORIENTED_EDGE('',*,*,#85720,.T.);
#85740=CARTESIAN_POINT('',(5.59291793646822,31.7738088939095,
-37.3847501954113));
#85750=DIRECTION('',(1.10175052721625E-11,-1.75761370352246E-11,-1.));
#85760=VECTOR('',#85750,1.);
#85770=LINE('',#85740,#85760);
#85780=EDGE_CURVE('',#81140,#85710,#85770,.T.);
#85790=ORIENTED_EDGE('',*,*,#85780,.T.);
#85800=ORIENTED_EDGE('',*,*,#81150,.F.);
#85810=ORIENTED_EDGE('',*,*,#85460,.T.);
#85820=EDGE_LOOP('',(#85810,#85800,#85790,#85730));
#85830=FACE_OUTER_BOUND('',#85820,.T.);
#85840=ADVANCED_FACE('',(#85830),#85640,.F.);
#85850=COLOUR_RGB('',0.501960813999176,1.,0.501960813999176);
#85860=FILL_AREA_STYLE_COLOUR('',#85850);
#85870=FILL_AREA_STYLE('',(#85860));
#85880=SURFACE_STYLE_FILL_AREA(#85870);
#85890=SURFACE_SIDE_STYLE('',(#85880));
#85900=SURFACE_STYLE_USAGE(.BOTH.,#85890);
#85910=PRESENTATION_STYLE_ASSIGNMENT((#85900));
#85920=ORIENTED_EDGE('',*,*,#85400,.T.);
#85930=ORIENTED_EDGE('',*,*,#85080,.F.);
#85940=ORIENTED_EDGE('',*,*,#84770,.T.);
#85950=ORIENTED_EDGE('',*,*,#84400,.F.);
#85960=EDGE_CURVE('',#84060,#84390,#84040,.T.);
#85970=ORIENTED_EDGE('',*,*,#85960,.T.);
#85980=ORIENTED_EDGE('',*,*,#84070,.T.);
#85990=ORIENTED_EDGE('',*,*,#83750,.F.);
#86000=ORIENTED_EDGE('',*,*,#83440,.T.);
#86010=ORIENTED_EDGE('',*,*,#83120,.F.);
#86020=ORIENTED_EDGE('',*,*,#82760,.T.);
#86030=EDGE_CURVE('',#82730,#85710,#85690,.T.);
#86040=ORIENTED_EDGE('',*,*,#86030,.F.);
#86050=ORIENTED_EDGE('',*,*,#85720,.F.);
#86060=EDGE_LOOP('',(#86050,#86040,#86020,#86010,#86000,#85990,#85980,
#85970,#85950,#85940,#85930,#85920));
#86070=FACE_OUTER_BOUND('',#86060,.T.);
#86080=ADVANCED_FACE('',(#86070),#76560,.T.);
#86090=COLOUR_RGB('',0.501960813999176,1.,0.501960813999176);
#86100=FILL_AREA_STYLE_COLOUR('',#86090);
#86110=FILL_AREA_STYLE('',(#86100));
#86120=SURFACE_STYLE_FILL_AREA(#86110);
#86130=SURFACE_SIDE_STYLE('',(#86120));
#86140=SURFACE_STYLE_USAGE(.BOTH.,#86130);
#86150=PRESENTATION_STYLE_ASSIGNMENT((#86140));
#86160=CARTESIAN_POINT('',(6.04964219705368,31.7738088939093,
-37.3847501954063));
#86170=DIRECTION('',(1.10175052721625E-11,-1.75761370352246E-11,-1.));
#86180=DIRECTION('',(-1.,5.5830334738514E-13,-1.10175052721723E-11));
#86190=AXIS2_PLACEMENT_3D('',#86160,#86170,#86180);
#86200=CYLINDRICAL_SURFACE('',#86190,0.228362130292794);
#86210=CARTESIAN_POINT('',(5.82128006676089,31.7738088939094,
-37.3847501954088));
#86220=DIRECTION('',(1.10175052721625E-11,-1.75761370352246E-11,-1.));
#86230=VECTOR('',#86220,1.);
#86240=LINE('',#86210,#86230);
#86250=CARTESIAN_POINT('',(5.82128006676089,31.7738088939094,
-37.3847501954088));
#86260=VERTEX_POINT('',#86250);
#86270=EDGE_CURVE('',#81360,#86260,#86240,.T.);
#86280=ORIENTED_EDGE('',*,*,#86270,.T.);
#86290=ORIENTED_EDGE('',*,*,#81410,.T.);
#86300=CARTESIAN_POINT('',(6.27800432734648,31.7738088939092,
-37.3847501954037));
#86310=DIRECTION('',(1.10175052721625E-11,-1.75761370352246E-11,-1.));
#86320=VECTOR('',#86310,1.);
#86330=LINE('',#86300,#86320);
#86340=CARTESIAN_POINT('',(6.27800432734648,31.7738088939092,
-37.3847501954037));
#86350=VERTEX_POINT('',#86340);
#86360=EDGE_CURVE('',#81380,#86350,#86330,.T.);
#86370=ORIENTED_EDGE('',*,*,#86360,.F.);
#86380=CARTESIAN_POINT('',(6.04964219705368,31.7738088939093,
-37.3847501954063));
#86390=DIRECTION('',(1.10175052721625E-11,-1.75761370352246E-11,-1.));
#86400=DIRECTION('',(-1.,5.5830334738514E-13,-1.10175052721723E-11));
#86410=AXIS2_PLACEMENT_3D('',#86380,#86390,#86400);
#86420=CIRCLE('',#86410,0.228362130292794);
#86430=EDGE_CURVE('',#86350,#86260,#86420,.T.);
#86440=ORIENTED_EDGE('',*,*,#86430,.F.);
#86450=EDGE_LOOP('',(#86440,#86370,#86290,#86280));
#86460=FACE_OUTER_BOUND('',#86450,.T.);
#86470=ADVANCED_FACE('',(#86460),#86200,.T.);
#86480=COLOUR_RGB('',0.501960813999176,1.,0.501960813999176);
#86490=FILL_AREA_STYLE_COLOUR('',#86480);
#86500=FILL_AREA_STYLE('',(#86490));
#86510=SURFACE_STYLE_FILL_AREA(#86500);
#86520=SURFACE_SIDE_STYLE('',(#86510));
#86530=SURFACE_STYLE_USAGE(.BOTH.,#86520);
#86540=PRESENTATION_STYLE_ASSIGNMENT((#86530));
#86550=EDGE_CURVE('',#86260,#86350,#86420,.T.);
#86560=ORIENTED_EDGE('',*,*,#86550,.T.);
#86570=ORIENTED_EDGE('',*,*,#86430,.T.);
#86580=EDGE_LOOP('',(#86570,#86560));
#86590=FACE_OUTER_BOUND('',#86580,.T.);
#86600=ADVANCED_FACE('',(#86590),#76560,.T.);
#86610=COLOUR_RGB('',0.501960813999176,1.,0.501960813999176);
#86620=FILL_AREA_STYLE_COLOUR('',#86610);
#86630=FILL_AREA_STYLE('',(#86620));
#86640=SURFACE_STYLE_FILL_AREA(#86630);
#86650=SURFACE_SIDE_STYLE('',(#86640));
#86660=SURFACE_STYLE_USAGE(.BOTH.,#86650);
#86670=PRESENTATION_STYLE_ASSIGNMENT((#86660));
#86680=CARTESIAN_POINT('',(6.99467107951835,32.5668956085205,
-37.3847501954098));
#86690=DIRECTION('',(1.10175052721625E-11,-1.75761370352246E-11,-1.));
#86700=DIRECTION('',(-1.,5.5830334738514E-13,-1.10175052721723E-11));
#86710=AXIS2_PLACEMENT_3D('',#86680,#86690,#86700);
#86720=CYLINDRICAL_SURFACE('',#86710,0.15809685943344);
#86730=CARTESIAN_POINT('',(6.99467107951835,32.5668956085205,
-37.3847501954098));
#86740=DIRECTION('',(1.10175052721625E-11,-1.75761370352246E-11,-1.));
#86750=DIRECTION('',(-1.,5.5830334738514E-13,-1.10175052721723E-11));
#86760=AXIS2_PLACEMENT_3D('',#86730,#86740,#86750);
#86770=CIRCLE('',#86760,0.15809685943344);
#86780=CARTESIAN_POINT('',(6.99467107951843,32.724992467954,
-37.3847501954126));
#86790=VERTEX_POINT('',#86780);
#86800=CARTESIAN_POINT('',(7.15276793895179,32.5668956085204,
-37.384750195408));
#86810=VERTEX_POINT('',#86800);
#86820=EDGE_CURVE('',#86790,#86810,#86770,.T.);
#86830=ORIENTED_EDGE('',*,*,#86820,.F.);
#86840=CARTESIAN_POINT('',(7.15276793895179,32.5668956085204,
-37.384750195408));
#86850=DIRECTION('',(1.10175052721625E-11,-1.75761370352246E-11,-1.));
#86860=VECTOR('',#86850,1.);
#86870=LINE('',#86840,#86860);
#86880=EDGE_CURVE('',#81500,#86810,#86870,.T.);
#86890=ORIENTED_EDGE('',*,*,#86880,.T.);
#86900=ORIENTED_EDGE('',*,*,#82500,.T.);
#86910=CARTESIAN_POINT('',(6.99467107951843,32.724992467954,
-37.3847501954126));
#86920=DIRECTION('',(-1.10175052721625E-11,1.75761370352246E-11,1.));
#86930=VECTOR('',#86920,1.);
#86940=LINE('',#86910,#86930);
#86950=EDGE_CURVE('',#86790,#82420,#86940,.T.);
#86960=ORIENTED_EDGE('',*,*,#86950,.T.);
#86970=EDGE_LOOP('',(#86960,#86900,#86890,#86830));
#86980=FACE_OUTER_BOUND('',#86970,.T.);
#86990=ADVANCED_FACE('',(#86980),#86720,.T.);
#87000=COLOUR_RGB('',0.501960813999176,1.,0.501960813999176);
#87010=FILL_AREA_STYLE_COLOUR('',#87000);
#87020=FILL_AREA_STYLE('',(#87010));
#87030=SURFACE_STYLE_FILL_AREA(#87020);
#87040=SURFACE_SIDE_STYLE('',(#87030));
#87050=SURFACE_STYLE_USAGE(.BOTH.,#87040);
#87060=PRESENTATION_STYLE_ASSIGNMENT((#87050));
#87070=CARTESIAN_POINT('',(7.15276793895071,30.5331063797564,
-37.3847501953723));
#87080=DIRECTION('',(-1.,5.5830334738514E-13,-1.10175052721723E-11));
#87090=DIRECTION('',(-5.58303347578785E-13,-1.,1.75761370352184E-11));
#87100=AXIS2_PLACEMENT_3D('',#87070,#87080,#87090);
#87110=PLANE('',#87100);
#87120=CARTESIAN_POINT('',(7.15276793893305,-1.09999999955651,
-37.3847501948163));
#87130=DIRECTION('',(5.58303347578785E-13,1.,-1.75761370352184E-11));
#87140=VECTOR('',#87130,1.);
#87150=LINE('',#87120,#87140);
#87160=CARTESIAN_POINT('',(7.15276793895071,30.5331063797564,
-37.3847501953723));
#87170=VERTEX_POINT('',#87160);
#87180=EDGE_CURVE('',#87170,#86810,#87150,.T.);
#87190=ORIENTED_EDGE('',*,*,#87180,.T.);
#87200=CARTESIAN_POINT('',(7.15276793895071,30.5331063797564,
-37.3847501953723));
#87210=DIRECTION('',(1.10175052721625E-11,-1.75761370352246E-11,-1.));
#87220=VECTOR('',#87210,1.);
#87230=LINE('',#87200,#87220);
#87240=EDGE_CURVE('',#81520,#87170,#87230,.T.);
#87250=ORIENTED_EDGE('',*,*,#87240,.T.);
#87260=ORIENTED_EDGE('',*,*,#81530,.T.);
#87270=ORIENTED_EDGE('',*,*,#86880,.F.);
#87280=EDGE_LOOP('',(#87270,#87260,#87250,#87190));
#87290=FACE_OUTER_BOUND('',#87280,.T.);
#87300=ADVANCED_FACE('',(#87290),#87110,.F.);
#87310=COLOUR_RGB('',0.501960813999176,1.,0.501960813999176);
#87320=FILL_AREA_STYLE_COLOUR('',#87310);
#87330=FILL_AREA_STYLE('',(#87320));
#87340=SURFACE_STYLE_FILL_AREA(#87330);
#87350=SURFACE_SIDE_STYLE('',(#87340));
#87360=SURFACE_STYLE_USAGE(.BOTH.,#87350);
#87370=PRESENTATION_STYLE_ASSIGNMENT((#87360));
#87380=CARTESIAN_POINT('',(6.99467107951721,30.5331063797565,
-37.384750195374));
#87390=DIRECTION('',(1.10175052721625E-11,-1.75761370352246E-11,-1.));
#87400=DIRECTION('',(-1.,5.5830334738514E-13,-1.10175052721723E-11));
#87410=AXIS2_PLACEMENT_3D('',#87380,#87390,#87400);
#87420=CYLINDRICAL_SURFACE('',#87410,0.158096859433499);
#87430=CARTESIAN_POINT('',(6.99467107951721,30.5331063797565,
-37.384750195374));
#87440=DIRECTION('',(1.10175052721625E-11,-1.75761370352246E-11,-1.));
#87450=DIRECTION('',(-1.,5.5830334738514E-13,-1.10175052721723E-11));
#87460=AXIS2_PLACEMENT_3D('',#87430,#87440,#87450);
#87470=CIRCLE('',#87460,0.158096859433499);
#87480=CARTESIAN_POINT('',(6.99467107951712,30.375009520323,
-37.3847501953713));
#87490=VERTEX_POINT('',#87480);
#87500=EDGE_CURVE('',#87170,#87490,#87470,.T.);
#87510=ORIENTED_EDGE('',*,*,#87500,.F.);
#87520=CARTESIAN_POINT('',(6.99467107951712,30.375009520323,
-37.3847501953713));
#87530=DIRECTION('',(-1.10175052721625E-11,1.75761370352246E-11,1.));
#87540=VECTOR('',#87530,1.);
#87550=LINE('',#87520,#87540);
#87560=EDGE_CURVE('',#87490,#81610,#87550,.T.);
#87570=ORIENTED_EDGE('',*,*,#87560,.F.);
#87580=ORIENTED_EDGE('',*,*,#81620,.T.);
#87590=ORIENTED_EDGE('',*,*,#87240,.F.);
#87600=EDGE_LOOP('',(#87590,#87580,#87570,#87510));
#87610=FACE_OUTER_BOUND('',#87600,.T.);
#87620=ADVANCED_FACE('',(#87610),#87420,.T.);
#87630=COLOUR_RGB('',0.501960813999176,1.,0.501960813999176);
#87640=FILL_AREA_STYLE_COLOUR('',#87630);
#87650=FILL_AREA_STYLE('',(#87640));
#87660=SURFACE_STYLE_FILL_AREA(#87650);
#87670=SURFACE_SIDE_STYLE('',(#87660));
#87680=SURFACE_STYLE_USAGE(.BOTH.,#87670);
#87690=PRESENTATION_STYLE_ASSIGNMENT((#87680));
#87700=CARTESIAN_POINT('',(6.31805163067601,30.3750095203234,
-37.3847501953787));
#87710=DIRECTION('',(5.58303347578785E-13,1.,-1.75761370352184E-11));
#87720=DIRECTION('',(-1.,5.5830334738514E-13,-1.10175052721723E-11));
#87730=AXIS2_PLACEMENT_3D('',#87700,#87710,#87720);
#87740=PLANE('',#87730);
#87750=CARTESIAN_POINT('',(-2.00000000010243,30.375009520328,
-37.3847501954704));
#87760=DIRECTION('',(1.,-5.58303347385139E-13,1.10175052721723E-11));
#87770=VECTOR('',#87760,1.);
#87780=LINE('',#87750,#87770);
#87790=CARTESIAN_POINT('',(6.31805163067601,30.3750095203234,
-37.3847501953787));
#87800=VERTEX_POINT('',#87790);
#87810=EDGE_CURVE('',#87800,#87490,#87780,.T.);
#87820=ORIENTED_EDGE('',*,*,#87810,.T.);
#87830=CARTESIAN_POINT('',(6.31805163067601,30.3750095203234,
-37.3847501953787));
#87840=DIRECTION('',(-1.10175052721625E-11,1.75761370352246E-11,1.));
#87850=VECTOR('',#87840,1.);
#87860=LINE('',#87830,#87850);
#87870=EDGE_CURVE('',#87800,#81690,#87860,.T.);
#87880=ORIENTED_EDGE('',*,*,#87870,.F.);
#87890=ORIENTED_EDGE('',*,*,#81700,.F.);
#87900=ORIENTED_EDGE('',*,*,#87560,.T.);
#87910=EDGE_LOOP('',(#87900,#87890,#87880,#87820));
#87920=FACE_OUTER_BOUND('',#87910,.T.);
#87930=ADVANCED_FACE('',(#87920),#87740,.F.);
#87940=COLOUR_RGB('',0.501960813999176,1.,0.501960813999176);
#87950=FILL_AREA_STYLE_COLOUR('',#87940);
#87960=FILL_AREA_STYLE('',(#87950));
#87970=SURFACE_STYLE_FILL_AREA(#87960);
#87980=SURFACE_SIDE_STYLE('',(#87970));
#87990=SURFACE_STYLE_USAGE(.BOTH.,#87980);
#88000=PRESENTATION_STYLE_ASSIGNMENT((#87990));
#88010=CARTESIAN_POINT('',(6.3180516306761,30.5331063797568,
-37.3847501953815));
#88020=DIRECTION('',(1.10175052721625E-11,-1.75761370352246E-11,-1.));
#88030=DIRECTION('',(-1.,5.5830334738514E-13,-1.10175052721723E-11));
#88040=AXIS2_PLACEMENT_3D('',#88010,#88020,#88030);
#88050=CYLINDRICAL_SURFACE('',#88040,0.158096859433439);
#88060=CARTESIAN_POINT('',(6.3180516306761,30.5331063797568,
-37.3847501953815));
#88070=DIRECTION('',(1.10175052721625E-11,-1.75761370352246E-11,-1.));
#88080=DIRECTION('',(-1.,5.5830334738514E-13,-1.10175052721723E-11));
#88090=AXIS2_PLACEMENT_3D('',#88060,#88070,#88080);
#88100=CIRCLE('',#88090,0.158096859433439);
#88110=CARTESIAN_POINT('',(6.15995477124266,30.5331063797569,
-37.3847501953832));
#88120=VERTEX_POINT('',#88110);
#88130=EDGE_CURVE('',#87800,#88120,#88100,.T.);
#88140=ORIENTED_EDGE('',*,*,#88130,.F.);
#88150=CARTESIAN_POINT('',(6.15995477124266,30.5331063797569,
-37.3847501953832));
#88160=DIRECTION('',(1.10175052721625E-11,-1.75761370352246E-11,-1.));
#88170=VECTOR('',#88160,1.);
#88180=LINE('',#88150,#88170);
#88190=EDGE_CURVE('',#81780,#88120,#88180,.T.);
#88200=ORIENTED_EDGE('',*,*,#88190,.T.);
#88210=ORIENTED_EDGE('',*,*,#81790,.T.);
#88220=ORIENTED_EDGE('',*,*,#87870,.T.);
#88230=EDGE_LOOP('',(#88220,#88210,#88200,#88140));
#88240=FACE_OUTER_BOUND('',#88230,.T.);
#88250=ADVANCED_FACE('',(#88240),#88050,.T.);
#88260=COLOUR_RGB('',0.501960813999176,1.,0.501960813999176);
#88270=FILL_AREA_STYLE_COLOUR('',#88260);
#88280=FILL_AREA_STYLE('',(#88270));
#88290=SURFACE_STYLE_FILL_AREA(#88280);
#88300=SURFACE_SIDE_STYLE('',(#88290));
#88310=SURFACE_STYLE_USAGE(.BOTH.,#88300);
#88320=PRESENTATION_STYLE_ASSIGNMENT((#88310));
#88330=CARTESIAN_POINT('',(6.15995477124319,31.2206711302704,
-37.3847501953953));
#88340=DIRECTION('',(1.,-5.5830334738514E-13,1.10175052721723E-11));
#88350=DIRECTION('',(5.58303347578785E-13,1.,-1.75761370352184E-11));
#88360=AXIS2_PLACEMENT_3D('',#88330,#88340,#88350);
#88370=PLANE('',#88360);
#88380=CARTESIAN_POINT('',(6.15995477122514,-1.09999999955651,
-37.3847501948272));
#88390=DIRECTION('',(-5.58303347578785E-13,-1.,1.75761370352184E-11));
#88400=VECTOR('',#88390,1.);
#88410=LINE('',#88380,#88400);
#88420=CARTESIAN_POINT('',(6.15995477124319,31.2206711302704,
-37.3847501953953));
#88430=VERTEX_POINT('',#88420);
#88440=EDGE_CURVE('',#88430,#88120,#88410,.T.);
#88450=ORIENTED_EDGE('',*,*,#88440,.T.);
#88460=CARTESIAN_POINT('',(6.15995477124319,31.2206711302704,
-37.3847501953953));
#88470=DIRECTION('',(1.10175052721625E-11,-1.75761370352246E-11,-1.));
#88480=VECTOR('',#88470,1.);
#88490=LINE('',#88460,#88480);
#88500=EDGE_CURVE('',#81860,#88430,#88490,.T.);
#88510=ORIENTED_EDGE('',*,*,#88500,.T.);
#88520=ORIENTED_EDGE('',*,*,#81870,.F.);
#88530=ORIENTED_EDGE('',*,*,#88190,.F.);
#88540=EDGE_LOOP('',(#88530,#88520,#88510,#88450));
#88550=FACE_OUTER_BOUND('',#88540,.T.);
#88560=ADVANCED_FACE('',(#88550),#88370,.F.);
#88570=COLOUR_RGB('',0.501960813999176,1.,0.501960813999176);
#88580=FILL_AREA_STYLE_COLOUR('',#88570);
#88590=FILL_AREA_STYLE('',(#88580));
#88600=SURFACE_STYLE_FILL_AREA(#88590);
#88610=SURFACE_SIDE_STYLE('',(#88600));
#88620=SURFACE_STYLE_USAGE(.BOTH.,#88610);
#88630=PRESENTATION_STYLE_ASSIGNMENT((#88620));
#88640=CARTESIAN_POINT('',(6.31805163067649,31.2206711302703,
-37.3847501953936));
#88650=DIRECTION('',(1.10175052721625E-11,-1.75761370352246E-11,-1.));
#88660=DIRECTION('',(-1.,5.5830334738514E-13,-1.10175052721723E-11));
#88670=AXIS2_PLACEMENT_3D('',#88640,#88650,#88660);
#88680=CYLINDRICAL_SURFACE('',#88670,0.1580968594333);
#88690=CARTESIAN_POINT('',(6.31805163067649,31.2206711302703,
-37.3847501953936));
#88700=DIRECTION('',(1.10175052721625E-11,-1.75761370352246E-11,-1.));
#88710=DIRECTION('',(-1.,5.5830334738514E-13,-1.10175052721723E-11));
#88720=AXIS2_PLACEMENT_3D('',#88690,#88700,#88710);
#88730=CIRCLE('',#88720,0.1580968594333);
#88740=CARTESIAN_POINT('',(6.24903206203071,31.3629065552059,
-37.3847501953968));
#88750=VERTEX_POINT('',#88740);
#88760=EDGE_CURVE('',#88430,#88750,#88730,.T.);
#88770=ORIENTED_EDGE('',*,*,#88760,.F.);
#88780=CARTESIAN_POINT('',(6.24903206203067,31.362906555206,
-37.3847501953968));
#88790=DIRECTION('',(-1.10175052721625E-11,1.75761370352246E-11,1.));
#88800=VECTOR('',#88790,1.);
#88810=LINE('',#88780,#88800);
#88820=EDGE_CURVE('',#88750,#81950,#88810,.T.);
#88830=ORIENTED_EDGE('',*,*,#88820,.F.);
#88840=ORIENTED_EDGE('',*,*,#81960,.T.);
#88850=ORIENTED_EDGE('',*,*,#88500,.F.);
#88860=EDGE_LOOP('',(#88850,#88840,#88830,#88770));
#88870=FACE_OUTER_BOUND('',#88860,.T.);
#88880=ADVANCED_FACE('',(#88870),#88680,.T.);
#88890=COLOUR_RGB('',0.501960813999176,1.,0.501960813999176);
#88900=FILL_AREA_STYLE_COLOUR('',#88890);
#88910=FILL_AREA_STYLE('',(#88900));
#88920=SURFACE_STYLE_FILL_AREA(#88910);
#88930=SURFACE_SIDE_STYLE('',(#88920));
#88940=SURFACE_STYLE_USAGE(.BOTH.,#88930);
#88950=PRESENTATION_STYLE_ASSIGNMENT((#88940));
#88960=CARTESIAN_POINT('',(6.04964219705368,31.7738088939093,
-37.3847501954063));
#88970=DIRECTION('',(1.10175052721625E-11,-1.75761370352246E-11,-1.));
#88980=DIRECTION('',(-1.,5.5830334738514E-13,-1.10175052721723E-11));
#88990=AXIS2_PLACEMENT_3D('',#88960,#88970,#88980);
#89000=CYLINDRICAL_SURFACE('',#88990,0.456724260585518);
#89010=CARTESIAN_POINT('',(6.04964219705368,31.7738088939093,
-37.3847501954063));
#89020=DIRECTION('',(1.10175052721625E-11,-1.75761370352246E-11,-1.));
#89030=DIRECTION('',(-1.,5.5830334738514E-13,-1.10175052721723E-11));
#89040=AXIS2_PLACEMENT_3D('',#89010,#89020,#89030);
#89050=CIRCLE('',#89040,0.456724260585518);
#89060=CARTESIAN_POINT('',(6.5063664576392,31.773808893909,
-37.3847501954012));
#89070=VERTEX_POINT('',#89060);
#89080=EDGE_CURVE('',#89070,#88750,#89050,.T.);
#89090=ORIENTED_EDGE('',*,*,#89080,.T.);
#89100=CARTESIAN_POINT('',(6.5063664576392,31.773808893909,
-37.3847501954012));
#89110=DIRECTION('',(1.10175052721625E-11,-1.75761370352246E-11,-1.));
#89120=VECTOR('',#89110,1.);
#89130=LINE('',#89100,#89120);
#89140=EDGE_CURVE('',#82040,#89070,#89130,.T.);
#89150=ORIENTED_EDGE('',*,*,#89140,.T.);
#89160=ORIENTED_EDGE('',*,*,#82050,.F.);
#89170=ORIENTED_EDGE('',*,*,#88820,.T.);
#89180=EDGE_LOOP('',(#89170,#89160,#89150,#89090));
#89190=FACE_OUTER_BOUND('',#89180,.T.);
#89200=ADVANCED_FACE('',(#89190),#89000,.F.);
#89210=COLOUR_RGB('',0.501960813999176,1.,0.501960813999176);
#89220=FILL_AREA_STYLE_COLOUR('',#89210);
#89230=FILL_AREA_STYLE('',(#89220));
#89240=SURFACE_STYLE_FILL_AREA(#89230);
#89250=SURFACE_SIDE_STYLE('',(#89240));
#89260=SURFACE_STYLE_USAGE(.BOTH.,#89250);
#89270=PRESENTATION_STYLE_ASSIGNMENT((#89260));
#89280=CARTESIAN_POINT('',(6.3180516306771,32.3269466575481,
-37.384750195413));
#89290=DIRECTION('',(1.10175052721625E-11,-1.75761370352246E-11,-1.));
#89300=DIRECTION('',(-1.,5.5830334738514E-13,-1.10175052721723E-11));
#89310=AXIS2_PLACEMENT_3D('',#89280,#89290,#89300);
#89320=CYLINDRICAL_SURFACE('',#89310,0.158096859433421);
#89330=CARTESIAN_POINT('',(6.3180516306771,32.3269466575481,
-37.384750195413));
#89340=DIRECTION('',(1.10175052721625E-11,-1.75761370352246E-11,-1.));
#89350=DIRECTION('',(-1.,5.5830334738514E-13,-1.10175052721723E-11));
#89360=AXIS2_PLACEMENT_3D('',#89330,#89340,#89350);
#89370=CIRCLE('',#89360,0.158096859433421);
#89380=CARTESIAN_POINT('',(6.24903206203112,32.1847112326124,
-37.3847501954113));
#89390=VERTEX_POINT('',#89380);
#89400=CARTESIAN_POINT('',(6.15995477124368,32.3269466575481,
-37.3847501954148));
#89410=VERTEX_POINT('',#89400);
#89420=EDGE_CURVE('',#89390,#89410,#89370,.T.);
#89430=ORIENTED_EDGE('',*,*,#89420,.F.);
#89440=CARTESIAN_POINT('',(6.15995477124368,32.3269466575481,
-37.3847501954148));
#89450=DIRECTION('',(1.10175052721625E-11,-1.75761370352246E-11,-1.));
#89460=VECTOR('',#89450,1.);
#89470=LINE('',#89440,#89460);
#89480=EDGE_CURVE('',#82170,#89410,#89470,.T.);
#89490=ORIENTED_EDGE('',*,*,#89480,.T.);
#89500=ORIENTED_EDGE('',*,*,#82180,.T.);
#89510=CARTESIAN_POINT('',(6.24903206203112,32.1847112326124,
-37.3847501954113));
#89520=DIRECTION('',(-1.10175052721625E-11,1.75761370352246E-11,1.));
#89530=VECTOR('',#89520,1.);
#89540=LINE('',#89510,#89530);
#89550=EDGE_CURVE('',#89390,#82080,#89540,.T.);
#89560=ORIENTED_EDGE('',*,*,#89550,.T.);
#89570=EDGE_LOOP('',(#89560,#89500,#89490,#89430));
#89580=FACE_OUTER_BOUND('',#89570,.T.);
#89590=ADVANCED_FACE('',(#89580),#89320,.T.);
#89600=COLOUR_RGB('',0.501960813999176,1.,0.501960813999176);
#89610=FILL_AREA_STYLE_COLOUR('',#89600);
#89620=FILL_AREA_STYLE('',(#89610));
#89630=SURFACE_STYLE_FILL_AREA(#89620);
#89640=SURFACE_SIDE_STYLE('',(#89630));
#89650=SURFACE_STYLE_USAGE(.BOTH.,#89640);
#89660=PRESENTATION_STYLE_ASSIGNMENT((#89650));
#89670=CARTESIAN_POINT('',(6.15995477124362,32.5668956085209,
-37.384750195419));
#89680=DIRECTION('',(1.,-5.5830334738514E-13,1.10175052721723E-11));
#89690=DIRECTION('',(5.58303347578785E-13,1.,-1.75761370352184E-11));
#89700=AXIS2_PLACEMENT_3D('',#89670,#89680,#89690);
#89710=PLANE('',#89700);
#89720=CARTESIAN_POINT('',(6.15995477122483,-1.09999999955651,
-37.3847501948272));
#89730=DIRECTION('',(-5.58303347578785E-13,-1.,1.75761370352184E-11));
#89740=VECTOR('',#89730,1.);
#89750=LINE('',#89720,#89740);
#89760=CARTESIAN_POINT('',(6.15995477124362,32.566895608521,
-37.384750195419));
#89770=VERTEX_POINT('',#89760);
#89780=EDGE_CURVE('',#89770,#89410,#89750,.T.);
#89790=ORIENTED_EDGE('',*,*,#89780,.T.);
#89800=CARTESIAN_POINT('',(6.15995477124362,32.566895608521,
-37.384750195419));
#89810=DIRECTION('',(1.10175052721625E-11,-1.75761370352246E-11,-1.));
#89820=VECTOR('',#89810,1.);
#89830=LINE('',#89800,#89820);
#89840=EDGE_CURVE('',#82250,#89770,#89830,.T.);
#89850=ORIENTED_EDGE('',*,*,#89840,.T.);
#89860=ORIENTED_EDGE('',*,*,#82260,.F.);
#89870=ORIENTED_EDGE('',*,*,#89480,.F.);
#89880=EDGE_LOOP('',(#89870,#89860,#89850,#89790));
#89890=FACE_OUTER_BOUND('',#89880,.T.);
#89900=ADVANCED_FACE('',(#89890),#89710,.F.);
#89910=COLOUR_RGB('',0.501960813999176,1.,0.501960813999176);
#89920=FILL_AREA_STYLE_COLOUR('',#89910);
#89930=FILL_AREA_STYLE('',(#89920));
#89940=SURFACE_STYLE_FILL_AREA(#89930);
#89950=SURFACE_SIDE_STYLE('',(#89940));
#89960=SURFACE_STYLE_USAGE(.BOTH.,#89950);
#89970=PRESENTATION_STYLE_ASSIGNMENT((#89960));
#89980=CARTESIAN_POINT('',(6.31805163067724,32.5668956085209,
-37.3847501954172));
#89990=DIRECTION('',(1.10175052721625E-11,-1.75761370352246E-11,-1.));
#90000=DIRECTION('',(-1.,5.5830334738514E-13,-1.10175052721723E-11));
#90010=AXIS2_PLACEMENT_3D('',#89980,#89990,#90000);
#90020=CYLINDRICAL_SURFACE('',#90010,0.158096859433613);
#90030=CARTESIAN_POINT('',(6.31805163067724,32.5668956085209,
-37.3847501954172));
#90040=DIRECTION('',(1.10175052721625E-11,-1.75761370352246E-11,-1.));
#90050=DIRECTION('',(-1.,5.5830334738514E-13,-1.10175052721723E-11));
#90060=AXIS2_PLACEMENT_3D('',#90030,#90040,#90050);
#90070=CIRCLE('',#90060,0.158096859433613);
#90080=CARTESIAN_POINT('',(6.31805163067733,32.7249924679543,
-37.38475019542));
#90090=VERTEX_POINT('',#90080);
#90100=EDGE_CURVE('',#89770,#90090,#90070,.T.);
#90110=ORIENTED_EDGE('',*,*,#90100,.F.);
#90120=CARTESIAN_POINT('',(6.31805163067733,32.7249924679543,
-37.38475019542));
#90130=DIRECTION('',(-1.10175052721625E-11,1.75761370352246E-11,1.));
#90140=VECTOR('',#90130,1.);
#90150=LINE('',#90120,#90140);
#90160=EDGE_CURVE('',#90090,#82340,#90150,.T.);
#90170=ORIENTED_EDGE('',*,*,#90160,.F.);
#90180=ORIENTED_EDGE('',*,*,#82350,.T.);
#90190=ORIENTED_EDGE('',*,*,#89840,.F.);
#90200=EDGE_LOOP('',(#90190,#90180,#90170,#90110));
#90210=FACE_OUTER_BOUND('',#90200,.T.);
#90220=ADVANCED_FACE('',(#90210),#90020,.T.);
#90230=COLOUR_RGB('',0.501960813999176,1.,0.501960813999176);
#90240=FILL_AREA_STYLE_COLOUR('',#90230);
#90250=FILL_AREA_STYLE('',(#90240));
#90260=SURFACE_STYLE_FILL_AREA(#90250);
#90270=SURFACE_SIDE_STYLE('',(#90260));
#90280=SURFACE_STYLE_USAGE(.BOTH.,#90270);
#90290=PRESENTATION_STYLE_ASSIGNMENT((#90280));
#90300=CARTESIAN_POINT('',(6.99467107951843,32.724992467954,
-37.3847501954126));
#90310=DIRECTION('',(-5.29424595620251E-13,-1.,1.75761370352188E-11));
#90320=DIRECTION('',(1.,-5.29424595426605E-13,1.10175052721718E-11));
#90330=AXIS2_PLACEMENT_3D('',#90300,#90310,#90320);
#90340=PLANE('',#90330);
#90350=CARTESIAN_POINT('',(-2.00000000010243,32.7249924679587,
-37.3847501955117));
#90360=DIRECTION('',(-1.,5.29424595426606E-13,-1.10175052721718E-11));
#90370=VECTOR('',#90360,1.);
#90380=LINE('',#90350,#90370);
#90390=EDGE_CURVE('',#86790,#90090,#90380,.T.);
#90400=ORIENTED_EDGE('',*,*,#90390,.T.);
#90410=ORIENTED_EDGE('',*,*,#86950,.F.);
#90420=ORIENTED_EDGE('',*,*,#82430,.F.);
#90430=ORIENTED_EDGE('',*,*,#90160,.T.);
#90440=EDGE_LOOP('',(#90430,#90420,#90410,#90400));
#90450=FACE_OUTER_BOUND('',#90440,.T.);
#90460=ADVANCED_FACE('',(#90450),#90340,.F.);
#90470=COLOUR_RGB('',0.501960813999176,1.,0.501960813999176);
#90480=FILL_AREA_STYLE_COLOUR('',#90470);
#90490=FILL_AREA_STYLE('',(#90480));
#90500=SURFACE_STYLE_FILL_AREA(#90490);
#90510=SURFACE_SIDE_STYLE('',(#90500));
#90520=SURFACE_STYLE_USAGE(.BOTH.,#90510);
#90530=PRESENTATION_STYLE_ASSIGNMENT((#90520));
#90540=ORIENTED_EDGE('',*,*,#87500,.T.);
#90550=ORIENTED_EDGE('',*,*,#87180,.F.);
#90560=ORIENTED_EDGE('',*,*,#86820,.T.);
#90570=ORIENTED_EDGE('',*,*,#90390,.F.);
#90580=ORIENTED_EDGE('',*,*,#90100,.T.);
#90590=ORIENTED_EDGE('',*,*,#89780,.F.);
#90600=ORIENTED_EDGE('',*,*,#89420,.T.);
#90610=EDGE_CURVE('',#89390,#89070,#89050,.T.);
#90620=ORIENTED_EDGE('',*,*,#90610,.F.);
#90630=ORIENTED_EDGE('',*,*,#89080,.F.);
#90640=ORIENTED_EDGE('',*,*,#88760,.T.);
#90650=ORIENTED_EDGE('',*,*,#88440,.F.);
#90660=ORIENTED_EDGE('',*,*,#88130,.T.);
#90670=ORIENTED_EDGE('',*,*,#87810,.F.);
#90680=EDGE_LOOP('',(#90670,#90660,#90650,#90640,#90630,#90620,#90600,
#90590,#90580,#90570,#90560,#90550,#90540));
#90690=FACE_OUTER_BOUND('',#90680,.T.);
#90700=ADVANCED_FACE('',(#90690),#76560,.T.);
#90710=COLOUR_RGB('',0.501960813999176,1.,0.501960813999176);
#90720=FILL_AREA_STYLE_COLOUR('',#90710);
#90730=FILL_AREA_STYLE('',(#90720));
#90740=SURFACE_STYLE_FILL_AREA(#90730);
#90750=SURFACE_SIDE_STYLE('',(#90740));
#90760=SURFACE_STYLE_USAGE(.BOTH.,#90750);
#90770=PRESENTATION_STYLE_ASSIGNMENT((#90760));
#90780=ORIENTED_EDGE('',*,*,#73100,.T.);
#90790=CARTESIAN_POINT('',(14.2278011936736,35.1687242671297,
-29.834749921792));
#90800=DIRECTION('',(-0.984807753928579,0.173648172469936,
-3.00253159317649E-12));
#90810=VECTOR('',#90800,1.);
#90820=LINE('',#90790,#90810);
#90830=CARTESIAN_POINT('',(25.2906878569912,33.218038924061,
-29.8347499217583));
#90840=VERTEX_POINT('',#90830);
#90850=EDGE_CURVE('',#73010,#90840,#90820,.T.);
#90860=ORIENTED_EDGE('',*,*,#90850,.F.);
#90870=CARTESIAN_POINT('',(25.2906878570053,33.2180389240273,
-36.434749878837));
#90880=DIRECTION('',(2.14618160360293E-12,-5.11928974526717E-12,-1.));
#90890=VECTOR('',#90880,1.);
#90900=LINE('',#90870,#90890);
#90910=CARTESIAN_POINT('',(25.290687857005,33.2180389240255,
-36.4347498787955));
#90920=VERTEX_POINT('',#90910);
#90930=EDGE_CURVE('',#90840,#90920,#90900,.T.);
#90940=ORIENTED_EDGE('',*,*,#90930,.F.);
#90950=CARTESIAN_POINT('',(14.2278011936725,35.168724267095,
-36.434749878915));
#90960=DIRECTION('',(0.984807753928579,-0.173648172469936,
1.08118562028697E-11));
#90970=VECTOR('',#90960,1.);
#90980=LINE('',#90950,#90970);
#90990=EDGE_CURVE('',#90920,#73090,#90980,.T.);
#91000=ORIENTED_EDGE('',*,*,#90990,.F.);
#91010=EDGE_LOOP('',(#91000,#90940,#90860,#90780));
#91020=FACE_OUTER_BOUND('',#91010,.T.);
#91030=ADVANCED_FACE('',(#91020),#74070,.T.);
#91040=COLOUR_RGB('',1.,0.709803938865662,0.);
#91050=FILL_AREA_STYLE_COLOUR('',#91040);
#91060=FILL_AREA_STYLE('',(#91050));
#91070=SURFACE_STYLE_FILL_AREA(#91060);
#91080=SURFACE_SIDE_STYLE('',(#91070));
#91090=SURFACE_STYLE_USAGE(.BOTH.,#91080);
#91100=PRESENTATION_STYLE_ASSIGNMENT((#91090));
#91110=CARTESIAN_POINT('',(26.4944859100137,30.2622897366286,
-36.4347498788192));
#91120=DIRECTION('',(2.14618160360293E-12,-5.11928974526717E-12,-1.));
#91130=DIRECTION('',(-1.,1.04067865436264E-11,-2.14618160365621E-12));
#91140=AXIS2_PLACEMENT_3D('',#91110,#91120,#91130);
#91150=CYLINDRICAL_SURFACE('',#91140,0.25);
#91160=CARTESIAN_POINT('',(26.246349372103,30.2318224007798,
-36.4347498788196));
#91170=DIRECTION('',(2.14618160360293E-12,-5.11928974526717E-12,-1.));
#91180=VECTOR('',#91170,1.);
#91190=LINE('',#91160,#91180);
#91200=CARTESIAN_POINT('',(26.2463493720888,30.2318224008139,
-29.8347499217409));
#91210=VERTEX_POINT('',#91200);
#91220=CARTESIAN_POINT('',(26.246349372103,30.2318224007798,
-36.4347498787506));
#91230=VERTEX_POINT('',#91220);
#91240=EDGE_CURVE('',#91210,#91230,#91190,.T.);
#91250=ORIENTED_EDGE('',*,*,#91240,.T.);
#91260=CARTESIAN_POINT('',(26.4944859099995,30.2622897366624,
-29.8347499217405));
#91270=DIRECTION('',(2.14618160360293E-12,-5.11928974526717E-12,-1.));
#91280=DIRECTION('',(-1.,1.04067865436264E-11,-2.14618160365621E-12));
#91290=AXIS2_PLACEMENT_3D('',#91260,#91270,#91280);
#91300=CIRCLE('',#91290,0.25);
#91310=EDGE_CURVE('',#71060,#91210,#91300,.T.);
#91320=ORIENTED_EDGE('',*,*,#91310,.T.);
#91330=ORIENTED_EDGE('',*,*,#71070,.F.);
#91340=CARTESIAN_POINT('',(26.4944859100137,30.2622897366286,
-36.4347498787503));
#91350=DIRECTION('',(2.14618160360293E-12,-5.11928974526717E-12,-1.));
#91360=DIRECTION('',(-1.,1.04067865436264E-11,-2.14618160365621E-12));
#91370=AXIS2_PLACEMENT_3D('',#91340,#91350,#91360);
#91380=CIRCLE('',#91370,0.25);
#91390=EDGE_CURVE('',#70980,#91230,#91380,.T.);
#91400=ORIENTED_EDGE('',*,*,#91390,.F.);
#91410=EDGE_LOOP('',(#91400,#91330,#91320,#91250));
#91420=FACE_OUTER_BOUND('',#91410,.T.);
#91430=ADVANCED_FACE('',(#91420),#91150,.T.);
#91440=COLOUR_RGB('',1.,0.709803938865662,0.);
#91450=FILL_AREA_STYLE_COLOUR('',#91440);
#91460=FILL_AREA_STYLE('',(#91450));
#91470=SURFACE_STYLE_FILL_AREA(#91460);
#91480=SURFACE_SIDE_STYLE('',(#91470));
#91490=SURFACE_STYLE_USAGE(.BOTH.,#91480);
#91500=PRESENTATION_STYLE_ASSIGNMENT((#91490));
#91510=CARTESIAN_POINT('',(21.9944859099419,16.7660268568501,
-36.8847495331273));
#91520=DIRECTION('',(1.11022307159033E-16,-1.,-1.43490456506508E-12));
#91530=DIRECTION('',(1.,1.11022306869664E-16,2.01664496198233E-13));
#91540=AXIS2_PLACEMENT_3D('',#91510,#91520,#91530);
#91550=PLANE('',#91540);
#91560=CARTESIAN_POINT('',(23.7944859098013,16.7660268568298,
-22.6999999621631));
#91570=DIRECTION('',(9.04552778569693E-12,1.43490456506508E-12,-1.));
#91580=VECTOR('',#91570,1.);
#91590=LINE('',#91560,#91580);
#91600=CARTESIAN_POINT('',(23.7944859099267,16.7660268568496,
-36.562204348539));
#91610=VERTEX_POINT('',#91600);
#91620=CARTESIAN_POINT('',(23.7944859096576,16.766026857238,
-36.8847495327469));
#91630=VERTEX_POINT('',#91620);
#91640=EDGE_CURVE('',#91610,#91630,#91590,.T.);
#91650=ORIENTED_EDGE('',*,*,#91640,.F.);
#91660=CARTESIAN_POINT('',(23.7944859096344,16.7660268572276,
-29.6499999601646));
#91670=DIRECTION('',(3.20873895090958E-12,1.43490456506508E-12,-1.));
#91680=VECTOR('',#91670,1.);
#91690=LINE('',#91660,#91680);
#91700=EDGE_CURVE('',#91630,#76780,#91690,.T.);
#91710=ORIENTED_EDGE('',*,*,#91700,.F.);
#91720=ORIENTED_EDGE('',*,*,#76790,.T.);
#91730=ORIENTED_EDGE('',*,*,#24870,.T.);
#91740=CARTESIAN_POINT('',(21.1944859099451,16.7660268568496,
-36.5622043485473));
#91750=DIRECTION('',(-1.,-3.60878563434073E-16,-3.20873895090958E-12));
#91760=VECTOR('',#91750,1.);
#91770=LINE('',#91740,#91760);
#91780=EDGE_CURVE('',#91610,#24780,#91770,.T.);
#91790=ORIENTED_EDGE('',*,*,#91780,.T.);
#91800=EDGE_LOOP('',(#91790,#91730,#91720,#91710,#91650));
#91810=FACE_OUTER_BOUND('',#91800,.T.);
#91820=ADVANCED_FACE('',(#91810),#91550,.T.);
#91830=CARTESIAN_POINT('',(23.7944859096111,24.0118955484471,
-22.3844640566986));
#91840=DIRECTION('',(1.,-1.72669411363884E-24,3.20873895090958E-12));
#91850=DIRECTION('',(3.20873895090958E-12,1.89597533886647E-12,-1.));
#91860=AXIS2_PLACEMENT_3D('',#91830,#91840,#91850);
#91870=PLANE('',#91860);
#91880=CARTESIAN_POINT('',(23.7944859096344,22.9303860107055,
-29.6499999601646));
#91890=DIRECTION('',(-3.20873895090958E-12,-1.89597533886647E-12,1.));
#91900=VECTOR('',#91890,1.);
#91910=LINE('',#91880,#91900);
#91920=CARTESIAN_POINT('',(23.7944859099296,22.930386010068,
-36.8847495328553));
#91930=VERTEX_POINT('',#91920);
#91940=EDGE_CURVE('',#76620,#91930,#91910,.T.);
#91950=ORIENTED_EDGE('',*,*,#91940,.T.);
#91960=ORIENTED_EDGE('',*,*,#76850,.F.);
#91970=ORIENTED_EDGE('',*,*,#91700,.T.);
#91980=ORIENTED_EDGE('',*,*,#91640,.T.);
#91990=CARTESIAN_POINT('',(23.7944859099263,16.5952909132886,
-36.6674513105518));
#92000=CARTESIAN_POINT('',(23.7944859099214,15.2948744685241,
-35.1399351270563));
#92010=CARTESIAN_POINT('',(23.794485909915,14.8352764098737,
-33.1347498784207));
#92020=CARTESIAN_POINT('',(23.7944859099086,15.2948744685248,
-31.1295646297851));
#92030=CARTESIAN_POINT('',(23.7944859099036,16.5952909132899,
-29.6020484462902));
#92040=CARTESIAN_POINT('',(23.7944859099018,18.4660268568455,
-29.0116657028122));
#92050=CARTESIAN_POINT('',(23.7944859099036,20.3367628004009,
-29.6020484462909));
#92060=CARTESIAN_POINT('',(23.7944859099085,21.6371792451654,
-31.1295646297864));
#92070=CARTESIAN_POINT('',(23.794485909915,22.0967773038157,
-33.1347498784221));
#92080=CARTESIAN_POINT('',(23.7944859099214,21.6371792451646,
-35.1399351270576));
#92090=CARTESIAN_POINT('',(23.7944859099263,20.3367628003995,
-36.6674513105525));
#92100=CARTESIAN_POINT('',(23.7944859099282,18.4660268568439,
-37.2578340540305));
#92110=CARTESIAN_POINT('',(23.7944859099263,16.5952909132886,
-36.6674513105518));
#92120=CARTESIAN_POINT('',(23.7944859099214,15.2948744685241,
-35.1399351270563));
#92130=CARTESIAN_POINT('',(23.794485909915,14.8352764098737,
-33.1347498784207));
#92140=B_SPLINE_CURVE_WITH_KNOTS('',3,(#91990,#92000,#92010,#92020,
#92030,#92040,#92050,#92060,#92070,#92080,#92090,#92100,#92110,#92120,
#92130),.UNSPECIFIED.,.T.,.F.,(1,1,1,1,1,1,1,1,1,1,1,1,1,1,1,1,1,1,1),(
-3.63104926073616,-1.81552463036808,0.,1.92016948756261,3.93956841755632
,5.95896734755004,7.87913683511265,9.69466146548073,11.5101860958488,
13.4303555834114,15.4497545134051,17.4691534433988,19.3893229309615,
21.2048475613295,23.0203721916976,24.9405416792602,26.9599406092539,
28.9793395392477,30.8995090268103),.UNSPECIFIED.);
#92150=CARTESIAN_POINT('',(23.7944859099213,15.4565885786934,
-35.0997497058021));
#92160=VERTEX_POINT('',#92150);
#92170=EDGE_CURVE('',#91610,#92160,#92140,.T.);
#92180=ORIENTED_EDGE('',*,*,#92170,.F.);
#92190=EDGE_CURVE('',#92160,#75990,#92140,.T.);
#92200=ORIENTED_EDGE('',*,*,#92190,.F.);
#92210=ORIENTED_EDGE('',*,*,#76160,.T.);
#92220=ORIENTED_EDGE('',*,*,#76100,.F.);
#92230=ORIENTED_EDGE('',*,*,#27340,.F.);
#92240=EDGE_CURVE('',#27130,#71710,#27310,.T.);
#92250=ORIENTED_EDGE('',*,*,#92240,.F.);
#92260=ORIENTED_EDGE('',*,*,#71880,.T.);
#92270=ORIENTED_EDGE('',*,*,#71820,.F.);
#92280=ORIENTED_EDGE('',*,*,#20380,.F.);
#92290=EDGE_CURVE('',#20170,#8440,#20350,.T.);
#92300=ORIENTED_EDGE('',*,*,#92290,.F.);
#92310=ORIENTED_EDGE('',*,*,#8850,.T.);
#92320=ORIENTED_EDGE('',*,*,#8790,.F.);
#92330=ORIENTED_EDGE('',*,*,#8710,.T.);
#92340=ORIENTED_EDGE('',*,*,#14660,.F.);
#92350=EDGE_CURVE('',#14470,#15290,#14650,.T.);
#92360=ORIENTED_EDGE('',*,*,#92350,.F.);
#92370=ORIENTED_EDGE('',*,*,#15450,.T.);
#92380=ORIENTED_EDGE('',*,*,#3880,.T.);
#92390=ORIENTED_EDGE('',*,*,#6000,.F.);
#92400=ORIENTED_EDGE('',*,*,#1050,.T.);
#92410=ORIENTED_EDGE('',*,*,#20670,.F.);
#92420=ORIENTED_EDGE('',*,*,#5790,.T.);
#92430=ORIENTED_EDGE('',*,*,#2460,.F.);
#92440=ORIENTED_EDGE('',*,*,#1680,.T.);
#92450=ORIENTED_EDGE('',*,*,#12890,.F.);
#92460=ORIENTED_EDGE('',*,*,#12830,.T.);
#92470=ORIENTED_EDGE('',*,*,#12750,.F.);
#92480=ORIENTED_EDGE('',*,*,#37970,.T.);
#92490=ORIENTED_EDGE('',*,*,#36970,.F.);
#92500=ORIENTED_EDGE('',*,*,#37530,.T.);
#92510=ORIENTED_EDGE('',*,*,#38570,.F.);
#92520=ORIENTED_EDGE('',*,*,#38300,.T.);
#92530=ORIENTED_EDGE('',*,*,#64470,.F.);
#92540=ORIENTED_EDGE('',*,*,#64410,.T.);
#92550=ORIENTED_EDGE('',*,*,#64330,.F.);
#92560=ORIENTED_EDGE('',*,*,#71500,.T.);
#92570=ORIENTED_EDGE('',*,*,#64950,.F.);
#92580=ORIENTED_EDGE('',*,*,#65420,.T.);
#92590=ORIENTED_EDGE('',*,*,#15080,.F.);
#92600=ORIENTED_EDGE('',*,*,#71550,.T.);
#92610=ORIENTED_EDGE('',*,*,#68210,.F.);
#92620=ORIENTED_EDGE('',*,*,#68130,.T.);
#92630=ORIENTED_EDGE('',*,*,#68050,.F.);
#92640=CARTESIAN_POINT('',(23.7944859096164,21.7660269642895,
-29.9047502234533));
#92650=CARTESIAN_POINT('',(23.7944859096164,22.2556464703282,
-29.9047502234475));
#92660=CARTESIAN_POINT('',(23.7944859096194,23.2703406440144,
-30.23767311305));
#92670=CARTESIAN_POINT('',(23.7944859096308,24.3016371186292,
-31.4957833341467));
#92680=CARTESIAN_POINT('',(23.7944859096456,24.6643908802874,
-33.1347498781765));
#92690=CARTESIAN_POINT('',(23.7944859096604,24.3016371186677,
-34.7737164222149));
#92700=CARTESIAN_POINT('',(23.7944859096718,23.2703406440825,
-36.0318266433358));
#92710=CARTESIAN_POINT('',(23.7944859096748,22.2556464704041,
-36.3647495329621));
#92720=CARTESIAN_POINT('',(23.7944859096748,21.7660269643654,
-36.3647495329679));
#92730=B_SPLINE_CURVE_WITH_KNOTS('',3,(#92640,#92650,#92660,#92670,
#92680,#92690,#92700,#92710,#92720),.UNSPECIFIED.,.F.,.F.,(4,1,1,1,1,1,4
),(7.88522277752954,9.33863887062992,10.8973022053628,12.5545422128445,
14.2117822203262,15.7704455550591,17.2238616481595),.UNSPECIFIED.);
#92740=CARTESIAN_POINT('',(23.7944859096352,21.7660269642895,
-29.9047502234457));
#92750=VERTEX_POINT('',#92740);
#92760=EDGE_CURVE('',#92750,#67960,#92730,.T.);
#92770=ORIENTED_EDGE('',*,*,#92760,.T.);
#92780=CARTESIAN_POINT('',(23.7944859096352,-9.59303747549711E-11,
-29.904750223737));
#92790=DIRECTION('',(4.12071654370655E-23,-1.,-1.3380163813169E-11));
#92800=VECTOR('',#92790,1.);
#92810=LINE('',#92780,#92800);
#92820=CARTESIAN_POINT('',(23.7944859096352,18.4660268568453,
-29.9047502234899));
#92830=VERTEX_POINT('',#92820);
#92840=EDGE_CURVE('',#92750,#92830,#92810,.T.);
#92850=ORIENTED_EDGE('',*,*,#92840,.F.);
#92860=CARTESIAN_POINT('',(23.7944859096748,18.4660268569213,
-36.3647495330153));
#92870=CARTESIAN_POINT('',(23.7944859096748,17.9764073508825,
-36.364749533021));
#92880=CARTESIAN_POINT('',(23.7944859096718,16.9617131771958,
-36.0318266434176));
#92890=CARTESIAN_POINT('',(23.7944859096604,15.9304167025814,
-34.7737164223187));
#92900=CARTESIAN_POINT('',(23.7944859096456,15.5676629409235,
-33.1347498782866));
#92910=CARTESIAN_POINT('',(23.7944859096308,15.9304167025429,
-31.495783334246));
#92920=CARTESIAN_POINT('',(23.7944859096194,16.9617131771277,
-30.2376731131229));
#92930=CARTESIAN_POINT('',(23.7944859096164,17.9764073508066,
-29.9047502234957));
#92940=CARTESIAN_POINT('',(23.7944859096164,18.4660268568453,
-29.9047502234899));
#92950=B_SPLINE_CURVE_WITH_KNOTS('',3,(#92860,#92870,#92880,#92890,
#92900,#92910,#92920,#92930,#92940),.UNSPECIFIED.,.F.,.F.,(4,1,1,1,1,1,4
),(17.2238616481765,18.6772777412771,20.2359410760114,21.8931810834958,
23.5504210909801,25.1090844257145,26.562500518815),.UNSPECIFIED.);
#92960=CARTESIAN_POINT('',(23.7944859096748,18.4660268569213,
-36.3647495330153));
#92970=VERTEX_POINT('',#92960);
#92980=EDGE_CURVE('',#92970,#92830,#92950,.T.);
#92990=ORIENTED_EDGE('',*,*,#92980,.T.);
#93000=CARTESIAN_POINT('',(23.7944859096559,-9.59303747549711E-11,
-36.3647495332592));
#93010=DIRECTION('',(-4.12168589598688E-23,1.,1.33833487654703E-11));
#93020=VECTOR('',#93010,1.);
#93030=LINE('',#93000,#93020);
#93040=CARTESIAN_POINT('',(23.7944859096559,21.7660269643654,
-36.3647495329679));
#93050=VERTEX_POINT('',#93040);
#93060=EDGE_CURVE('',#92970,#93050,#93030,.T.);
#93070=ORIENTED_EDGE('',*,*,#93060,.F.);
#93080=CARTESIAN_POINT('',(23.7944859099238,22.930386010072,
-36.0652979502466));
#93090=VERTEX_POINT('',#93080);
#93100=EDGE_CURVE('',#93090,#93050,#92730,.T.);
#93110=ORIENTED_EDGE('',*,*,#93100,.T.);
#93120=CARTESIAN_POINT('',(23.7944859098013,22.9303860101845,
-22.6999999621631));
#93130=DIRECTION('',(9.04552778569693E-12,-8.21363947603596E-12,-1.));
#93140=VECTOR('',#93130,1.);
#93150=LINE('',#93120,#93140);
#93160=EDGE_CURVE('',#93090,#91930,#93150,.T.);
#93170=ORIENTED_EDGE('',*,*,#93160,.F.);
#93180=EDGE_LOOP('',(#93170,#93110,#93070,#92990,#92850,#92770,#92630,
#92620,#92610,#92600,#92590,#92580,#92570,#92560,#92550,#92540,#92530,
#92520,#92510,#92500,#92490,#92480,#92470,#92460,#92450,#92440,#92430,
#92420,#92410,#92400,#92390,#92380,#92370,#92360,#92340,#92330,#92320,
#92310,#92300,#92280,#92270,#92260,#92250,#92230,#92220,#92210,#92200,
#92180,#91980,#91970,#91960,#91950));
#93190=FACE_OUTER_BOUND('',#93180,.T.);
#93200=ADVANCED_FACE('',(#93190),#91870,.T.);
#93210=CARTESIAN_POINT('',(21.1944859099455,16.5952909132886,
-36.6674513105601));
#93220=CARTESIAN_POINT('',(21.1944859099406,15.2948744685241,
-35.1399351270647));
#93230=CARTESIAN_POINT('',(21.1944859099341,14.8352764098737,
-33.134749878429));
#93240=CARTESIAN_POINT('',(21.1944859099277,15.2948744685248,
-31.1295646297935));
#93250=CARTESIAN_POINT('',(21.1944859099228,16.5952909132899,
-29.6020484462985));
#93260=CARTESIAN_POINT('',(21.1944859099209,18.4660268568455,
-29.0116657028206));
#93270=CARTESIAN_POINT('',(21.1944859099228,20.3367628004009,
-29.6020484462993));
#93280=CARTESIAN_POINT('',(21.1944859099277,21.6371792451654,
-31.1295646297947));
#93290=CARTESIAN_POINT('',(21.1944859099341,22.0967773038157,
-33.1347498784304));
#93300=CARTESIAN_POINT('',(21.1944859099406,21.6371792451646,
-35.1399351270659));
#93310=CARTESIAN_POINT('',(21.1944859099455,20.3367628003995,
-36.6674513105609));
#93320=CARTESIAN_POINT('',(21.1944859099474,18.4660268568439,
-37.2578340540389));
#93330=CARTESIAN_POINT('',(21.1944859099455,16.5952909132886,
-36.6674513105601));
#93340=CARTESIAN_POINT('',(21.1944859099406,15.2948744685241,
-35.1399351270647));
#93350=CARTESIAN_POINT('',(21.1944859099341,14.8352764098737,
-33.134749878429));
#93360=B_SPLINE_CURVE_WITH_KNOTS('',3,(#93210,#93220,#93230,#93240,
#93250,#93260,#93270,#93280,#93290,#93300,#93310,#93320,#93330,#93340,
#93350),.UNSPECIFIED.,.T.,.F.,(1,1,1,1,1,1,1,1,1,1,1,1,1,1,1,1,1,1,1),(
-3.63104926073616,-1.81552463036808,0.,1.92016948756261,3.93956841755632
,5.95896734755004,7.87913683511265,9.69466146548073,11.5101860958488,
13.4303555834114,15.4497545134051,17.4691534433988,19.3893229309615,
21.2048475613295,23.0203721916976,24.9405416792602,26.9599406092539,
28.9793395392477,30.8995090268103),.UNSPECIFIED.);
#93370=DIRECTION('',(-1.,-3.60878563434073E-16,-3.20873895090958E-12));
#93380=VECTOR('',#93370,1.);
#93390=SURFACE_OF_LINEAR_EXTRUSION('',#93360,#93380);
#93400=ORIENTED_EDGE('',*,*,#24790,.F.);
#93410=CARTESIAN_POINT('',(21.1944859099404,15.4565885786934,
-35.0997497058105));
#93420=DIRECTION('',(-1.,-3.60878563434073E-16,-3.20873895090958E-12));
#93430=VECTOR('',#93420,1.);
#93440=LINE('',#93410,#93430);
#93450=EDGE_CURVE('',#92160,#24740,#93440,.T.);
#93460=ORIENTED_EDGE('',*,*,#93450,.T.);
#93470=ORIENTED_EDGE('',*,*,#92170,.T.);
#93480=ORIENTED_EDGE('',*,*,#91780,.F.);
#93490=EDGE_LOOP('',(#93480,#93470,#93460,#93400));
#93500=FACE_OUTER_BOUND('',#93490,.T.);
#93510=ADVANCED_FACE('',(#93500),#93390,.T.);
#93520=COLOUR_RGB('',0.501960813999176,1.,0.501960813999176);
#93530=FILL_AREA_STYLE_COLOUR('',#93520);
#93540=FILL_AREA_STYLE('',(#93530));
#93550=SURFACE_STYLE_FILL_AREA(#93540);
#93560=SURFACE_SIDE_STYLE('',(#93550));
#93570=SURFACE_STYLE_USAGE(.BOTH.,#93560);
#93580=PRESENTATION_STYLE_ASSIGNMENT((#93570));
#93590=ORIENTED_EDGE('',*,*,#72930,.F.);
#93600=CARTESIAN_POINT('',(26.7444859100252,24.3209931857954,
-36.4347498786829));
#93610=DIRECTION('',(-2.59681165459824E-13,1.,-1.09632489027278E-11));
#93620=VECTOR('',#93610,1.);
#93630=LINE('',#93600,#93620);
#93640=EDGE_CURVE('',#75690,#72920,#93630,.T.);
#93650=ORIENTED_EDGE('',*,*,#93640,.T.);
#93660=ORIENTED_EDGE('',*,*,#75700,.T.);
#93670=EDGE_CURVE('',#75610,#72900,#71120,.T.);
#93680=ORIENTED_EDGE('',*,*,#93670,.F.);
#93690=EDGE_LOOP('',(#93680,#93660,#93650,#93590));
#93700=FACE_OUTER_BOUND('',#93690,.T.);
#93710=ADVANCED_FACE('',(#93700),#70820,.F.);
#93720=COLOUR_RGB('',1.,0.709803938865662,0.);
#93730=FILL_AREA_STYLE_COLOUR('',#93720);
#93740=FILL_AREA_STYLE('',(#93730));
#93750=SURFACE_STYLE_FILL_AREA(#93740);
#93760=SURFACE_SIDE_STYLE('',(#93750));
#93770=SURFACE_STYLE_USAGE(.BOTH.,#93760);
#93780=PRESENTATION_STYLE_ASSIGNMENT((#93770));
#93790=CARTESIAN_POINT('',(25.0444859100386,33.2614509190264,
-36.4347498788377));
#93800=DIRECTION('',(2.14618160360293E-12,-5.11928974526717E-12,-1.));
#93810=DIRECTION('',(-1.,1.04067865436264E-11,-2.14618160365621E-12));
#93820=AXIS2_PLACEMENT_3D('',#93790,#93800,#93810);
#93830=CYLINDRICAL_SURFACE('',#93820,0.25);
#93840=CARTESIAN_POINT('',(25.0444859100386,33.2614509190264,
-36.4347498787962));
#93850=DIRECTION('',(2.14618160360293E-12,-5.11928974526717E-12,-1.));
#93860=DIRECTION('',(-1.,1.04067865436264E-11,-2.14618160365621E-12));
#93870=AXIS2_PLACEMENT_3D('',#93840,#93850,#93860);
#93880=CIRCLE('',#93870,0.25);
#93890=CARTESIAN_POINT('',(25.2944859100386,33.2614509190238,
-36.4347498787957));
#93900=VERTEX_POINT('',#93890);
#93910=EDGE_CURVE('',#74150,#93900,#93880,.T.);
#93920=ORIENTED_EDGE('',*,*,#93910,.F.);
#93930=CARTESIAN_POINT('',(25.2944859100386,33.2614509190238,
-36.4347498788372));
#93940=DIRECTION('',(2.14618160360293E-12,-5.11928974526717E-12,-1.));
#93950=VECTOR('',#93940,1.);
#93960=LINE('',#93930,#93950);
#93970=CARTESIAN_POINT('',(25.2944859100245,33.2614509190576,
-29.8347499217585));
#93980=VERTEX_POINT('',#93970);
#93990=EDGE_CURVE('',#93980,#93900,#93960,.T.);
#94000=ORIENTED_EDGE('',*,*,#93990,.T.);
#94010=CARTESIAN_POINT('',(25.0444859100245,33.2614509190602,
-29.834749921759));
#94020=DIRECTION('',(2.14618160360293E-12,-5.11928974526717E-12,-1.));
#94030=DIRECTION('',(-1.,1.04067865436264E-11,-2.14618160365621E-12));
#94040=AXIS2_PLACEMENT_3D('',#94010,#94020,#94030);
#94050=CIRCLE('',#94040,0.25);
#94060=EDGE_CURVE('',#74130,#93980,#94050,.T.);
#94070=ORIENTED_EDGE('',*,*,#94060,.T.);
#94080=ORIENTED_EDGE('',*,*,#74160,.F.);
#94090=EDGE_LOOP('',(#94080,#94070,#94000,#93920));
#94100=FACE_OUTER_BOUND('',#94090,.T.);
#94110=ADVANCED_FACE('',(#94100),#93830,.T.);
#94120=COLOUR_RGB('',1.,0.709803938865662,0.);
#94130=FILL_AREA_STYLE_COLOUR('',#94120);
#94140=FILL_AREA_STYLE('',(#94130));
#94150=SURFACE_STYLE_FILL_AREA(#94140);
#94160=SURFACE_SIDE_STYLE('',(#94150));
#94170=SURFACE_STYLE_USAGE(.BOTH.,#94160);
#94180=PRESENTATION_STYLE_ASSIGNMENT((#94170));
#94190=CARTESIAN_POINT('',(22.9944859099448,13.6033425053707,
-36.4347498785993));
#94200=DIRECTION('',(-9.04552778569693E-12,1.09632613695891E-11,1.));
#94210=DIRECTION('',(0.,1.,-1.09632613695891E-11));
#94220=AXIS2_PLACEMENT_3D('',#94190,#94200,#94210);
#94230=PLANE('',#94220);
#94240=ORIENTED_EDGE('',*,*,#73170,.T.);
#94250=ORIENTED_EDGE('',*,*,#90990,.T.);
#94260=EDGE_CURVE('',#93900,#90920,#93880,.T.);
#94270=ORIENTED_EDGE('',*,*,#94260,.T.);
#94280=ORIENTED_EDGE('',*,*,#93910,.T.);
#94290=ORIENTED_EDGE('',*,*,#74290,.T.);
#94300=ORIENTED_EDGE('',*,*,#73850,.T.);
#94310=CARTESIAN_POINT('',(23.3482839786915,33.5605371246358,
-36.4347498788149));
#94320=VERTEX_POINT('',#94310);
#94330=EDGE_CURVE('',#94320,#73750,#73820,.T.);
#94340=ORIENTED_EDGE('',*,*,#94330,.T.);
#94350=CARTESIAN_POINT('',(14.2278011936725,35.168724267095,
-36.434749878915));
#94360=DIRECTION('',(-0.984807753928579,0.173648172469936,
-1.08118562028697E-11));
#94370=VECTOR('',#94360,1.);
#94380=LINE('',#94350,#94370);
#94390=CARTESIAN_POINT('',(17.2732985280202,34.6317209339451,
-36.4347498788816));
#94400=VERTEX_POINT('',#94390);
#94410=EDGE_CURVE('',#94320,#94400,#94380,.T.);
#94420=ORIENTED_EDGE('',*,*,#94410,.F.);
#94430=CARTESIAN_POINT('',(17.2732985280148,25.991019060589,
-36.4347498788172));
#94440=DIRECTION('',(6.14119866071405E-13,1.,-5.11929580817718E-12));
#94450=VECTOR('',#94440,1.);
#94460=LINE('',#94430,#94450);
#94470=EDGE_CURVE('',#75100,#94400,#94460,.T.);
#94480=ORIENTED_EDGE('',*,*,#94470,.T.);
#94490=ORIENTED_EDGE('',*,*,#75110,.F.);
#94500=ORIENTED_EDGE('',*,*,#67580,.F.);
#94510=ORIENTED_EDGE('',*,*,#66510,.F.);
#94520=CARTESIAN_POINT('',(13.0720659147408,28.6142237913955,
-36.4347498788536));
#94530=DIRECTION('',(-0.992546151642595,-0.121869343394783,
-7.64198307139074E-12));
#94540=VECTOR('',#94530,1.);
#94550=LINE('',#94520,#94540);
#94560=CARTESIAN_POINT('',(23.5463493721111,29.9003040863708,
-36.4347498787729));
#94570=VERTEX_POINT('',#94560);
#94580=EDGE_CURVE('',#94570,#66420,#94550,.T.);
#94590=ORIENTED_EDGE('',*,*,#94580,.T.);
#94600=CARTESIAN_POINT('',(23.7944859100217,29.9307714222203,
-36.434749878771));
#94610=DIRECTION('',(2.14618160360293E-12,-5.11928974526717E-12,-1.));
#94620=DIRECTION('',(-1.,1.04067865436264E-11,-2.14618160365621E-12));
#94630=AXIS2_PLACEMENT_3D('',#94600,#94610,#94620);
#94640=CIRCLE('',#94630,0.25);
#94650=CARTESIAN_POINT('',(24.0444859100217,29.9307714222177,
-36.4347498787705));
#94660=VERTEX_POINT('',#94650);
#94670=EDGE_CURVE('',#94660,#94570,#94640,.T.);
#94680=ORIENTED_EDGE('',*,*,#94670,.T.);
#94690=CARTESIAN_POINT('',(24.0426224479323,29.9612387580691,
-36.4347498787691));
#94700=VERTEX_POINT('',#94690);
#94710=EDGE_CURVE('',#94700,#94660,#94640,.T.);
#94720=ORIENTED_EDGE('',*,*,#94710,.T.);
#94730=CARTESIAN_POINT('',(13.0720659147409,28.614223791396,
-36.4347498788536));
#94740=DIRECTION('',(-0.992546151642584,-0.121869343394875,
-7.64198307139027E-12));
#94750=VECTOR('',#94740,1.);
#94760=LINE('',#94730,#94750);
#94770=CARTESIAN_POINT('',(24.8963493721127,30.0660632435766,
-36.434749878761));
#94780=VERTEX_POINT('',#94770);
#94790=EDGE_CURVE('',#94780,#94700,#94760,.T.);
#94800=ORIENTED_EDGE('',*,*,#94790,.T.);
#94810=CARTESIAN_POINT('',(25.1444859100234,30.0965305794253,
-36.4347498787606));
#94820=DIRECTION('',(2.14618160360293E-12,-5.11928974526717E-12,-1.));
#94830=DIRECTION('',(-1.,1.04067865436264E-11,-2.14618160365621E-12));
#94840=AXIS2_PLACEMENT_3D('',#94810,#94820,#94830);
#94850=CIRCLE('',#94840,0.25);
#94860=CARTESIAN_POINT('',(25.3944859100234,30.0965305794227,
-36.4347498787601));
#94870=VERTEX_POINT('',#94860);
#94880=EDGE_CURVE('',#94870,#94780,#94850,.T.);
#94890=ORIENTED_EDGE('',*,*,#94880,.T.);
#94900=CARTESIAN_POINT('',(25.392622447934,30.1269979152741,
-36.4347498787603));
#94910=VERTEX_POINT('',#94900);
#94920=EDGE_CURVE('',#94910,#94870,#94850,.T.);
#94930=ORIENTED_EDGE('',*,*,#94920,.T.);
#94940=CARTESIAN_POINT('',(13.0720659147409,28.614223791396,
-36.4347498788536));
#94950=DIRECTION('',(-0.992546151642584,-0.121869343394875,
-7.64198307139027E-12));
#94960=VECTOR('',#94950,1.);
#94970=LINE('',#94940,#94960);
#94980=EDGE_CURVE('',#91230,#94910,#94970,.T.);
#94990=ORIENTED_EDGE('',*,*,#94980,.T.);
#95000=ORIENTED_EDGE('',*,*,#91390,.T.);
#95010=ORIENTED_EDGE('',*,*,#70990,.F.);
#95020=EDGE_CURVE('',#70900,#75520,#75760,.T.);
#95030=ORIENTED_EDGE('',*,*,#95020,.F.);
#95040=ORIENTED_EDGE('',*,*,#75770,.F.);
#95050=ORIENTED_EDGE('',*,*,#93640,.F.);
#95060=EDGE_LOOP('',(#95050,#95040,#95030,#95010,#95000,#94990,#94930,
#94890,#94800,#94720,#94680,#94590,#94510,#94500,#94490,#94480,#94420,
#94340,#94300,#94290,#94280,#94270,#94250,#94240));
#95070=FACE_OUTER_BOUND('',#95060,.T.);
#95080=ADVANCED_FACE('',(#95070),#94230,.F.);
#95090=COLOUR_RGB('',1.,0.709803938865662,0.);
#95100=FILL_AREA_STYLE_COLOUR('',#95090);
#95110=FILL_AREA_STYLE('',(#95100));
#95120=SURFACE_STYLE_FILL_AREA(#95110);
#95130=SURFACE_SIDE_STYLE('',(#95120));
#95140=SURFACE_STYLE_USAGE(.BOTH.,#95130);
#95150=PRESENTATION_STYLE_ASSIGNMENT((#95140));
#95160=CARTESIAN_POINT('',(17.7944859098665,18.4660268568453,
-29.9047502235442));
#95170=DIRECTION('',(-9.04555523367187E-12,-1.3380163813169E-11,1.));
#95180=DIRECTION('',(-1.94345390721998E-16,1.,1.3380163813169E-11));
#95190=AXIS2_PLACEMENT_3D('',#95160,#95170,#95180);
#95200=PLANE('',#95190);
#95210=CARTESIAN_POINT('',(17.7944859098665,-3.0776293518139E-10,
-29.9047502237988));
#95220=DIRECTION('',(1.94345390721998E-16,-1.,-1.3380163813169E-11));
#95230=VECTOR('',#95220,1.);
#95240=LINE('',#95210,#95230);
#95250=CARTESIAN_POINT('',(17.7944859098665,21.7660269642895,
-29.9047502235076));
#95260=VERTEX_POINT('',#95250);
#95270=CARTESIAN_POINT('',(17.7944859098665,18.4660268568453,
-29.9047502235442));
#95280=VERTEX_POINT('',#95270);
#95290=EDGE_CURVE('',#95260,#95280,#95240,.T.);
#95300=ORIENTED_EDGE('',*,*,#95290,.F.);
#95310=CARTESIAN_POINT('',(17.7944859098665,18.4660268568453,
-29.9047502235442));
#95320=DIRECTION('',(1.,1.94345107485516E-16,9.04555523367188E-12));
#95330=VECTOR('',#95320,1.);
#95340=LINE('',#95310,#95330);
#95350=EDGE_CURVE('',#95280,#92830,#95340,.T.);
#95360=ORIENTED_EDGE('',*,*,#95350,.F.);
#95370=ORIENTED_EDGE('',*,*,#92840,.T.);
#95380=CARTESIAN_POINT('',(17.7944859098665,21.7660269642895,
-29.9047502235076));
#95390=DIRECTION('',(1.,1.94345107485516E-16,9.04555523367188E-12));
#95400=VECTOR('',#95390,1.);
#95410=LINE('',#95380,#95400);
#95420=EDGE_CURVE('',#95260,#92750,#95410,.T.);
#95430=ORIENTED_EDGE('',*,*,#95420,.T.);
#95440=EDGE_LOOP('',(#95430,#95370,#95360,#95300));
#95450=FACE_OUTER_BOUND('',#95440,.T.);
#95460=ADVANCED_FACE('',(#95450),#95200,.F.);
#95470=CARTESIAN_POINT('',(17.794485909925,18.4660268569213,
-36.3647495330695));
#95480=CARTESIAN_POINT('',(17.794485909925,17.9764073508825,
-36.3647495330753));
#95490=CARTESIAN_POINT('',(17.794485909922,16.9617131771958,
-36.0318266434719));
#95500=CARTESIAN_POINT('',(17.7944859099106,15.9304167025814,
-34.773716422373));
#95510=CARTESIAN_POINT('',(17.7944859098957,15.5676629409235,
-33.1347498783409));
#95520=CARTESIAN_POINT('',(17.7944859098809,15.9304167025429,
-31.4957833343003));
#95530=CARTESIAN_POINT('',(17.7944859098695,16.9617131771277,
-30.2376731131772));
#95540=CARTESIAN_POINT('',(17.7944859098665,17.9764073508066,
-29.9047502235499));
#95550=CARTESIAN_POINT('',(17.7944859098665,18.4660268568453,
-29.9047502235442));
#95560=B_SPLINE_CURVE_WITH_KNOTS('',3,(#95470,#95480,#95490,#95500,
#95510,#95520,#95530,#95540,#95550),.UNSPECIFIED.,.F.,.F.,(4,1,1,1,1,1,4
),(17.2238616481765,18.6772777412771,20.2359410760114,21.8931810834958,
23.5504210909801,25.1090844257145,26.562500518815),.UNSPECIFIED.);
#95570=DIRECTION('',(1.,1.94345107485516E-16,9.04555523367188E-12));
#95580=VECTOR('',#95570,1.);
#95590=SURFACE_OF_LINEAR_EXTRUSION('',#95560,#95580);
#95600=CARTESIAN_POINT('',(17.794485909925,18.4660268569213,
-36.3647495330695));
#95610=CARTESIAN_POINT('',(17.794485909925,17.9764073508825,
-36.3647495330753));
#95620=CARTESIAN_POINT('',(17.794485909922,16.9617131771958,
-36.0318266434719));
#95630=CARTESIAN_POINT('',(17.7944859099106,15.9304167025814,
-34.773716422373));
#95640=CARTESIAN_POINT('',(17.7944859098957,15.5676629409235,
-33.1347498783409));
#95650=CARTESIAN_POINT('',(17.7944859098809,15.9304167025429,
-31.4957833343003));
#95660=CARTESIAN_POINT('',(17.7944859098695,16.9617131771277,
-30.2376731131772));
#95670=CARTESIAN_POINT('',(17.7944859098665,17.9764073508066,
-29.9047502235499));
#95680=CARTESIAN_POINT('',(17.7944859098665,18.4660268568453,
-29.9047502235442));
#95690=B_SPLINE_CURVE_WITH_KNOTS('',3,(#95600,#95610,#95620,#95630,
#95640,#95650,#95660,#95670,#95680),.UNSPECIFIED.,.F.,.F.,(4,1,1,1,1,1,4
),(17.2238616481765,18.6772777412771,20.2359410760114,21.8931810834958,
23.5504210909801,25.1090844257145,26.562500518815),.UNSPECIFIED.);
#95700=CARTESIAN_POINT('',(17.794485909925,18.4660268569213,
-36.3647495330695));
#95710=VERTEX_POINT('',#95700);
#95720=EDGE_CURVE('',#95710,#95280,#95690,.T.);
#95730=ORIENTED_EDGE('',*,*,#95720,.T.);
#95740=CARTESIAN_POINT('',(17.794485909925,18.4660268569213,
-36.3647495330695));
#95750=DIRECTION('',(1.,1.94345107485516E-16,9.04555523367188E-12));
#95760=VECTOR('',#95750,1.);
#95770=LINE('',#95740,#95760);
#95780=EDGE_CURVE('',#95710,#92970,#95770,.T.);
#95790=ORIENTED_EDGE('',*,*,#95780,.F.);
#95800=ORIENTED_EDGE('',*,*,#92980,.F.);
#95810=ORIENTED_EDGE('',*,*,#95350,.T.);
#95820=EDGE_LOOP('',(#95810,#95800,#95790,#95730));
#95830=FACE_OUTER_BOUND('',#95820,.T.);
#95840=ADVANCED_FACE('',(#95830),#95590,.T.);
#95850=CARTESIAN_POINT('',(17.2732985280127,25.9910190605941,
-35.4347498788172));
#95860=DIRECTION('',(6.14119866071405E-13,1.,-5.11929580817718E-12));
#95870=DIRECTION('',(-1.,6.14119866071405E-13,1.39166380387301E-13));
#95880=AXIS2_PLACEMENT_3D('',#95850,#95860,#95870);
#95890=CYLINDRICAL_SURFACE('',#95880,1.);
#95900=ORIENTED_EDGE('',*,*,#19520,.T.);
#95910=ORIENTED_EDGE('',*,*,#75180,.T.);
#95920=ORIENTED_EDGE('',*,*,#94470,.F.);
#95930=CARTESIAN_POINT('',(17.273298528018,34.6317209339508,
-35.4347498788614));
#95940=DIRECTION('',(0.173648172469936,0.984807753928579,
-5.20887174200054E-12));
#95950=DIRECTION('',(-0.984807753928579,0.173648172469936,
6.0130045807542E-14));
#95960=AXIS2_PLACEMENT_3D('',#95930,#95940,#95950);
#95970=ELLIPSE('',#95960,1.01542661094077,1.);
#95980=EDGE_CURVE('',#94400,#19510,#95970,.T.);
#95990=ORIENTED_EDGE('',*,*,#95980,.F.);
#96000=EDGE_LOOP('',(#95990,#95920,#95910,#95900));
#96010=FACE_OUTER_BOUND('',#96000,.T.);
#96020=ADVANCED_FACE('',(#96010),#95890,.T.);
#96030=COLOUR_RGB('',1.,0.709803938865662,0.);
#96040=FILL_AREA_STYLE_COLOUR('',#96030);
#96050=FILL_AREA_STYLE('',(#96040));
#96060=SURFACE_STYLE_FILL_AREA(#96050);
#96070=SURFACE_SIDE_STYLE('',(#96060));
#96080=SURFACE_STYLE_USAGE(.BOTH.,#96070);
#96090=PRESENTATION_STYLE_ASSIGNMENT((#96080));
#96100=CARTESIAN_POINT('',(17.7944859098665,21.7660269642895,
-29.9047502235076));
#96110=CARTESIAN_POINT('',(17.7944859098665,22.2556464703282,
-29.9047502235018));
#96120=CARTESIAN_POINT('',(17.7944859098695,23.2703406440144,
-30.2376731131042));
#96130=CARTESIAN_POINT('',(17.7944859098809,24.3016371186292,
-31.4957833342009));
#96140=CARTESIAN_POINT('',(17.7944859098957,24.6643908802874,
-33.1347498782308));
#96150=CARTESIAN_POINT('',(17.7944859099106,24.3016371186677,
-34.7737164222692));
#96160=CARTESIAN_POINT('',(17.794485909922,23.2703406440825,
-36.0318266433901));
#96170=CARTESIAN_POINT('',(17.794485909925,22.2556464704041,
-36.3647495330164));
#96180=CARTESIAN_POINT('',(17.794485909925,21.7660269643654,
-36.3647495330222));
#96190=B_SPLINE_CURVE_WITH_KNOTS('',3,(#96100,#96110,#96120,#96130,
#96140,#96150,#96160,#96170,#96180),.UNSPECIFIED.,.F.,.F.,(4,1,1,1,1,1,4
),(7.88522277752954,9.33863887062992,10.8973022053628,12.5545422128445,
14.2117822203262,15.7704455550591,17.2238616481595),.UNSPECIFIED.);
#96200=DIRECTION('',(1.,1.94345107485516E-16,9.04555523367188E-12));
#96210=VECTOR('',#96200,1.);
#96220=SURFACE_OF_LINEAR_EXTRUSION('',#96190,#96210);
#96230=CARTESIAN_POINT('',(17.7944859098665,21.7660269642895,
-29.9047502235076));
#96240=CARTESIAN_POINT('',(17.7944859098665,22.2556464703282,
-29.9047502235018));
#96250=CARTESIAN_POINT('',(17.7944859098695,23.2703406440144,
-30.2376731131042));
#96260=CARTESIAN_POINT('',(17.7944859098809,24.3016371186292,
-31.4957833342009));
#96270=CARTESIAN_POINT('',(17.7944859098957,24.6643908802874,
-33.1347498782308));
#96280=CARTESIAN_POINT('',(17.7944859099106,24.3016371186677,
-34.7737164222692));
#96290=CARTESIAN_POINT('',(17.794485909922,23.2703406440825,
-36.0318266433901));
#96300=CARTESIAN_POINT('',(17.794485909925,22.2556464704041,
-36.3647495330164));
#96310=CARTESIAN_POINT('',(17.794485909925,21.7660269643654,
-36.3647495330222));
#96320=B_SPLINE_CURVE_WITH_KNOTS('',3,(#96230,#96240,#96250,#96260,
#96270,#96280,#96290,#96300,#96310),.UNSPECIFIED.,.F.,.F.,(4,1,1,1,1,1,4
),(7.88522277752954,9.33863887062992,10.8973022053628,12.5545422128445,
14.2117822203262,15.7704455550591,17.2238616481595),.UNSPECIFIED.);
#96330=CARTESIAN_POINT('',(17.794485909925,21.7660269643654,
-36.3647495330222));
#96340=VERTEX_POINT('',#96330);
#96350=EDGE_CURVE('',#95260,#96340,#96320,.T.);
#96360=ORIENTED_EDGE('',*,*,#96350,.T.);
#96370=ORIENTED_EDGE('',*,*,#95420,.F.);
#96380=ORIENTED_EDGE('',*,*,#92760,.F.);
#96390=ORIENTED_EDGE('',*,*,#67970,.F.);
#96400=ORIENTED_EDGE('',*,*,#66970,.F.);
#96410=CARTESIAN_POINT('',(24.4667289184132,21.7660269642895,
-29.9047502234472));
#96420=CARTESIAN_POINT('',(24.1840469648013,22.2556464703282,
-29.904750223444));
#96430=CARTESIAN_POINT('',(23.5982130104798,23.2703406440144,
-30.2376731130517));
#96440=CARTESIAN_POINT('',(23.0027937132521,24.3016371186292,
-31.4957833341538));
#96450=CARTESIAN_POINT('',(22.7933577313162,24.6643908802874,
-33.1347498781856));
#96460=CARTESIAN_POINT('',(23.0027937132439,24.3016371186677,
-34.7737164222221));
#96470=CARTESIAN_POINT('',(23.5982130104654,23.2703406440825,
-36.0318266433376));
#96480=CARTESIAN_POINT('',(24.1840469647852,22.2556464704041,
-36.3647495329586));
#96490=CARTESIAN_POINT('',(24.4667289183972,21.7660269643654,
-36.3647495329618));
#96500=B_SPLINE_CURVE_WITH_KNOTS('',3,(#96410,#96420,#96430,#96440,
#96450,#96460,#96470,#96480,#96490),.UNSPECIFIED.,.F.,.F.,(4,1,1,1,1,1,4
),(7.88522277752954,9.33863887062992,10.8973022053628,12.5545422128445,
14.2117822203262,15.7704455550591,17.2238616481595),.UNSPECIFIED.);
#96510=EDGE_CURVE('',#66820,#93090,#96500,.T.);
#96520=ORIENTED_EDGE('',*,*,#96510,.F.);
#96530=ORIENTED_EDGE('',*,*,#93100,.F.);
#96540=CARTESIAN_POINT('',(17.794485909925,21.7660269643654,
-36.3647495330222));
#96550=DIRECTION('',(1.,1.94345107485516E-16,9.04555523367188E-12));
#96560=VECTOR('',#96550,1.);
#96570=LINE('',#96540,#96560);
#96580=EDGE_CURVE('',#96340,#93050,#96570,.T.);
#96590=ORIENTED_EDGE('',*,*,#96580,.T.);
#96600=EDGE_LOOP('',(#96590,#96530,#96520,#96400,#96390,#96380,#96370,
#96360));
#96610=FACE_OUTER_BOUND('',#96600,.T.);
#96620=ADVANCED_FACE('',(#96610),#96220,.T.);
#96630=CARTESIAN_POINT('',(23.2444859099952,23.8830139542757,
-58.1470191582712));
#96640=DIRECTION('',(-0.866025403784438,-0.500000000000001,
-3.72683711503356E-12));
#96650=DIRECTION('',(-0.500000000000001,0.866025403784438,
3.73034936274053E-14));
#96660=AXIS2_PLACEMENT_3D('',#96630,#96640,#96650);
#96670=PLANE('',#96660);
#96680=ORIENTED_EDGE('',*,*,#96510,.T.);
#96690=ORIENTED_EDGE('',*,*,#66830,.T.);
#96700=ORIENTED_EDGE('',*,*,#76630,.T.);
#96710=ORIENTED_EDGE('',*,*,#91940,.F.);
#96720=ORIENTED_EDGE('',*,*,#93160,.T.);
#96730=EDGE_LOOP('',(#96720,#96710,#96700,#96690,#96680));
#96740=FACE_OUTER_BOUND('',#96730,.T.);
#96750=ADVANCED_FACE('',(#96740),#96670,.F.);
#96760=COLOUR_RGB('',0.501960813999176,1.,0.501960813999176);
#96770=FILL_AREA_STYLE_COLOUR('',#96760);
#96780=FILL_AREA_STYLE('',(#96770));
#96790=SURFACE_STYLE_FILL_AREA(#96780);
#96800=SURFACE_SIDE_STYLE('',(#96790));
#96810=SURFACE_STYLE_USAGE(.BOTH.,#96800);
#96820=PRESENTATION_STYLE_ASSIGNMENT((#96810));
#96830=CARTESIAN_POINT('',(17.794485909925,21.7660269643654,
-36.3647495330222));
#96840=DIRECTION('',(9.04555523367187E-12,1.33833487654703E-11,-1.));
#96850=DIRECTION('',(1.94345390750807E-16,-1.,-1.33833487654703E-11));
#96860=AXIS2_PLACEMENT_3D('',#96830,#96840,#96850);
#96870=PLANE('',#96860);
#96880=CARTESIAN_POINT('',(17.794485909925,-2.30586281291793E-10,
-36.3647495333167));
#96890=DIRECTION('',(-1.94345390750807E-16,1.,1.33833487654703E-11));
#96900=VECTOR('',#96890,1.);
#96910=LINE('',#96880,#96900);
#96920=EDGE_CURVE('',#95710,#96340,#96910,.T.);
#96930=ORIENTED_EDGE('',*,*,#96920,.F.);
#96940=ORIENTED_EDGE('',*,*,#96580,.F.);
#96950=ORIENTED_EDGE('',*,*,#93060,.T.);
#96960=ORIENTED_EDGE('',*,*,#95780,.T.);
#96970=EDGE_LOOP('',(#96960,#96950,#96940,#96930));
#96980=FACE_OUTER_BOUND('',#96970,.T.);
#96990=ADVANCED_FACE('',(#96980),#96870,.F.);
#97000=CARTESIAN_POINT('',(17.7944859098957,20.1160269106054,
-33.1347498784137));
#97010=DIRECTION('',(1.,1.94345269691354E-16,9.04552778569694E-12));
#97020=DIRECTION('',(9.04552778569695E-12,-1.67677449009172E-11,-1.));
#97030=AXIS2_PLACEMENT_3D('',#97000,#97010,#97020);
#97040=PLANE('',#97030);
#97050=ORIENTED_EDGE('',*,*,#96350,.F.);
#97060=ORIENTED_EDGE('',*,*,#96920,.T.);
#97070=ORIENTED_EDGE('',*,*,#95720,.F.);
#97080=ORIENTED_EDGE('',*,*,#95290,.T.);
#97090=EDGE_LOOP('',(#97080,#97070,#97060,#97050));
#97100=FACE_OUTER_BOUND('',#97090,.T.);
#97110=ADVANCED_FACE('',(#97100),#97040,.T.);
#97120=CARTESIAN_POINT('',(16.8084046171455,34.7019797841153,
-25.6347498827247));
#97130=DIRECTION('',(0.173648172469936,0.984807753928578,
-5.20887174200054E-12));
#97140=DIRECTION('',(5.6377453040902E-13,-5.38863563748507E-12,-1.));
#97150=AXIS2_PLACEMENT_3D('',#97120,#97130,#97140);
#97160=PLANE('',#97150);
#97170=CARTESIAN_POINT('',(1.45952139263272E-10,37.6657549292762,
-29.8347499218353));
#97180=DIRECTION('',(-0.984807753928578,0.173648172469936,
-3.00251490337189E-12));
#97190=VECTOR('',#97180,1.);
#97200=LINE('',#97170,#97190);
#97210=EDGE_CURVE('',#48230,#57630,#97200,.T.);
#97220=ORIENTED_EDGE('',*,*,#97210,.T.);
#97230=ORIENTED_EDGE('',*,*,#48260,.F.);
#97240=ORIENTED_EDGE('',*,*,#54680,.F.);
#97250=ORIENTED_EDGE('',*,*,#36010,.F.);
#97260=ORIENTED_EDGE('',*,*,#57310,.T.);
#97270=ORIENTED_EDGE('',*,*,#57170,.F.);
#97280=ORIENTED_EDGE('',*,*,#74690,.F.);
#97290=ORIENTED_EDGE('',*,*,#67190,.F.);
#97300=ORIENTED_EDGE('',*,*,#73420,.F.);
#97310=ORIENTED_EDGE('',*,*,#57730,.F.);
#97320=EDGE_LOOP('',(#97310,#97300,#97290,#97280,#97270,#97260,#97250,
#97240,#97230,#97220));
#97330=FACE_OUTER_BOUND('',#97320,.T.);
#97340=ADVANCED_FACE('',(#97330),#97160,.T.);
#97350=CARTESIAN_POINT('',(20.2365703412666,31.7003551666745,
-29.8347499217613));
#97360=DIRECTION('',(2.14618160360293E-12,-5.11928974526717E-12,-1.));
#97370=DIRECTION('',(-1.,1.04067865436264E-11,-2.14618160365621E-12));
#97380=AXIS2_PLACEMENT_3D('',#97350,#97360,#97370);
#97390=PLANE('',#97380);
#97400=CARTESIAN_POINT('',(25.1444859100092,30.096530579459,
-29.8347499217426));
#97410=DIRECTION('',(2.14618160360293E-12,-5.11928974526717E-12,-1.));
#97420=DIRECTION('',(-1.,1.04067865436264E-11,-2.14618160365621E-12));
#97430=AXIS2_PLACEMENT_3D('',#97400,#97410,#97420);
#97440=CIRCLE('',#97430,0.25);
#97450=CARTESIAN_POINT('',(25.3926224479199,30.1269979153073,
-29.8347499217422));
#97460=VERTEX_POINT('',#97450);
#97470=CARTESIAN_POINT('',(25.3944859100092,30.0965305794564,
-29.8347499217421));
#97480=VERTEX_POINT('',#97470);
#97490=EDGE_CURVE('',#97460,#97480,#97440,.T.);
#97500=ORIENTED_EDGE('',*,*,#97490,.F.);
#97510=CARTESIAN_POINT('',(24.8963493720986,30.0660632436104,
-29.834749921743));
#97520=VERTEX_POINT('',#97510);
#97530=EDGE_CURVE('',#97480,#97520,#97440,.T.);
#97540=ORIENTED_EDGE('',*,*,#97530,.F.);
#97550=CARTESIAN_POINT('',(13.072065914742,28.614223791431,
-29.8347499217609));
#97560=DIRECTION('',(0.992546151642584,0.121869343394875,
1.50628001464811E-12));
#97570=VECTOR('',#97560,1.);
#97580=LINE('',#97550,#97570);
#97590=CARTESIAN_POINT('',(24.0426224479182,29.9612387581023,
-29.8347499217443));
#97600=VERTEX_POINT('',#97590);
#97610=EDGE_CURVE('',#97600,#97520,#97580,.T.);
#97620=ORIENTED_EDGE('',*,*,#97610,.T.);
#97630=CARTESIAN_POINT('',(23.7944859100075,29.9307714222541,
-29.8347499217446));
#97640=DIRECTION('',(2.14618160360293E-12,-5.11928974526717E-12,-1.));
#97650=DIRECTION('',(-1.,1.04067865436264E-11,-2.14618160365621E-12));
#97660=AXIS2_PLACEMENT_3D('',#97630,#97640,#97650);
#97670=CIRCLE('',#97660,0.25);
#97680=CARTESIAN_POINT('',(24.0444859100075,29.9307714222515,
-29.8347499217441));
#97690=VERTEX_POINT('',#97680);
#97700=EDGE_CURVE('',#97600,#97690,#97670,.T.);
#97710=ORIENTED_EDGE('',*,*,#97700,.F.);
#97720=CARTESIAN_POINT('',(23.5463493720969,29.9003040864046,
-29.834749921745));
#97730=VERTEX_POINT('',#97720);
#97740=EDGE_CURVE('',#97690,#97730,#97670,.T.);
#97750=ORIENTED_EDGE('',*,*,#97740,.F.);
#97760=CARTESIAN_POINT('',(13.072065914742,28.614223791431,
-29.8347499217609));
#97770=DIRECTION('',(-0.992546151642584,-0.121869343394875,
-1.50628001464811E-12));
#97780=VECTOR('',#97770,1.);
#97790=LINE('',#97760,#97780);
#97800=EDGE_CURVE('',#97730,#66340,#97790,.T.);
#97810=ORIENTED_EDGE('',*,*,#97800,.F.);
#97820=ORIENTED_EDGE('',*,*,#66350,.F.);
#97830=ORIENTED_EDGE('',*,*,#48340,.F.);
#97840=ORIENTED_EDGE('',*,*,#97210,.F.);
#97850=ORIENTED_EDGE('',*,*,#57640,.T.);
#97860=CARTESIAN_POINT('',(14.2278011936736,35.1687242671297,
-29.834749921792));
#97870=DIRECTION('',(0.984807753928579,-0.173648172469936,
3.00253159317649E-12));
#97880=VECTOR('',#97870,1.);
#97890=LINE('',#97860,#97880);
#97900=CARTESIAN_POINT('',(23.3482839786776,33.5605371246714,
-29.8347499217642));
#97910=VERTEX_POINT('',#97900);
#97920=EDGE_CURVE('',#57610,#97910,#97890,.T.);
#97930=ORIENTED_EDGE('',*,*,#97920,.F.);
#97940=EDGE_CURVE('',#97910,#73650,#73630,.T.);
#97950=ORIENTED_EDGE('',*,*,#97940,.F.);
#97960=ORIENTED_EDGE('',*,*,#73680,.F.);
#97970=ORIENTED_EDGE('',*,*,#74220,.F.);
#97980=ORIENTED_EDGE('',*,*,#94060,.F.);
#97990=EDGE_CURVE('',#93980,#90840,#94050,.T.);
#98000=ORIENTED_EDGE('',*,*,#97990,.F.);
#98010=ORIENTED_EDGE('',*,*,#90850,.T.);
#98020=ORIENTED_EDGE('',*,*,#73020,.F.);
#98030=ORIENTED_EDGE('',*,*,#93670,.T.);
#98040=ORIENTED_EDGE('',*,*,#75620,.T.);
#98050=EDGE_CURVE('',#70880,#75500,#75590,.T.);
#98060=ORIENTED_EDGE('',*,*,#98050,.T.);
#98070=ORIENTED_EDGE('',*,*,#71130,.T.);
#98080=ORIENTED_EDGE('',*,*,#91310,.F.);
#98090=EDGE_CURVE('',#91210,#97460,#97790,.T.);
#98100=ORIENTED_EDGE('',*,*,#98090,.F.);
#98110=EDGE_LOOP('',(#98100,#98080,#98070,#98060,#98040,#98030,#98020,
#98010,#98000,#97980,#97970,#97960,#97950,#97930,#97850,#97840,#97830,
#97820,#97810,#97750,#97710,#97620,#97540,#97500));
#98120=FACE_OUTER_BOUND('',#98110,.T.);
#98130=ADVANCED_FACE('',(#98120),#97390,.F.);
#98140=COLOUR_RGB('',1.,0.709803938865662,0.);
#98150=FILL_AREA_STYLE_COLOUR('',#98140);
#98160=FILL_AREA_STYLE('',(#98150));
#98170=SURFACE_STYLE_FILL_AREA(#98160);
#98180=SURFACE_SIDE_STYLE('',(#98170));
#98190=SURFACE_STYLE_USAGE(.BOTH.,#98180);
#98200=PRESENTATION_STYLE_ASSIGNMENT((#98190));
#98210=CARTESIAN_POINT('',(23.2921505530434,29.8690923960106,
-33.1347499002839));
#98220=DIRECTION('',(0.121869343394874,-0.992546151642584,
5.25486278196536E-12));
#98230=DIRECTION('',(-3.1980229545923E-13,5.25505909984105E-12,1.));
#98240=AXIS2_PLACEMENT_3D('',#98210,#98220,#98230);
#98250=PLANE('',#98240);
#98260=CARTESIAN_POINT('',(25.3926224479341,30.1269979152738,
-36.4347498788209));
#98270=DIRECTION('',(2.14618160360293E-12,-5.11928974526717E-12,-1.));
#98280=VECTOR('',#98270,1.);
#98290=LINE('',#98260,#98280);
#98300=EDGE_CURVE('',#97460,#94910,#98290,.T.);
#98310=ORIENTED_EDGE('',*,*,#98300,.T.);
#98320=ORIENTED_EDGE('',*,*,#98090,.T.);
#98330=ORIENTED_EDGE('',*,*,#91240,.F.);
#98340=ORIENTED_EDGE('',*,*,#94980,.F.);
#98350=EDGE_LOOP('',(#98340,#98330,#98320,#98310));
#98360=FACE_OUTER_BOUND('',#98350,.T.);
#98370=ADVANCED_FACE('',(#98360),#98250,.T.);
#98380=COLOUR_RGB('',1.,0.709803938865662,0.);
#98390=FILL_AREA_STYLE_COLOUR('',#98380);
#98400=FILL_AREA_STYLE('',(#98390));
#98410=SURFACE_STYLE_FILL_AREA(#98400);
#98420=SURFACE_SIDE_STYLE('',(#98410));
#98430=SURFACE_STYLE_USAGE(.BOTH.,#98420);
#98440=PRESENTATION_STYLE_ASSIGNMENT((#98430));
#98450=CARTESIAN_POINT('',(25.1444859100234,30.0965305794253,
-36.4347498788213));
#98460=DIRECTION('',(2.14618160360293E-12,-5.11928974526717E-12,-1.));
#98470=DIRECTION('',(-1.,1.04067865436264E-11,-2.14618160365621E-12));
#98480=AXIS2_PLACEMENT_3D('',#98450,#98460,#98470);
#98490=CYLINDRICAL_SURFACE('',#98480,0.25);
#98500=ORIENTED_EDGE('',*,*,#97530,.T.);
#98510=CARTESIAN_POINT('',(25.3944859100234,30.0965305794227,
-36.4347498788207));
#98520=DIRECTION('',(2.14618160360293E-12,-5.11928974526717E-12,-1.));
#98530=VECTOR('',#98520,1.);
#98540=LINE('',#98510,#98530);
#98550=EDGE_CURVE('',#97480,#94870,#98540,.T.);
#98560=ORIENTED_EDGE('',*,*,#98550,.F.);
#98570=ORIENTED_EDGE('',*,*,#94880,.F.);
#98580=CARTESIAN_POINT('',(24.8963493721128,30.0660632435763,
-36.4347498788217));
#98590=DIRECTION('',(2.14618160360293E-12,-5.11928974526717E-12,-1.));
#98600=VECTOR('',#98590,1.);
#98610=LINE('',#98580,#98600);
#98620=EDGE_CURVE('',#97520,#94780,#98610,.T.);
#98630=ORIENTED_EDGE('',*,*,#98620,.T.);
#98640=EDGE_LOOP('',(#98630,#98570,#98560,#98500));
#98650=FACE_OUTER_BOUND('',#98640,.T.);
#98660=ADVANCED_FACE('',(#98650),#98490,.T.);
#98670=COLOUR_RGB('',1.,0.709803938865662,0.);
#98680=FILL_AREA_STYLE_COLOUR('',#98670);
#98690=FILL_AREA_STYLE('',(#98680));
#98700=SURFACE_STYLE_FILL_AREA(#98690);
#98710=SURFACE_SIDE_STYLE('',(#98700));
#98720=SURFACE_STYLE_USAGE(.BOTH.,#98710);
#98730=PRESENTATION_STYLE_ASSIGNMENT((#98720));
#98740=ORIENTED_EDGE('',*,*,#94790,.F.);
#98750=CARTESIAN_POINT('',(24.0426224479323,29.9612387580691,
-36.434749878823));
#98760=DIRECTION('',(2.14618160360293E-12,-5.11928974526717E-12,-1.));
#98770=VECTOR('',#98760,1.);
#98780=LINE('',#98750,#98770);
#98790=EDGE_CURVE('',#97600,#94700,#98780,.T.);
#98800=ORIENTED_EDGE('',*,*,#98790,.T.);
#98810=ORIENTED_EDGE('',*,*,#97610,.F.);
#98820=ORIENTED_EDGE('',*,*,#98620,.F.);
#98830=EDGE_LOOP('',(#98820,#98810,#98800,#98740));
#98840=FACE_OUTER_BOUND('',#98830,.T.);
#98850=ADVANCED_FACE('',(#98840),#98250,.T.);
#98860=COLOUR_RGB('',1.,0.709803938865662,0.);
#98870=FILL_AREA_STYLE_COLOUR('',#98860);
#98880=FILL_AREA_STYLE('',(#98870));
#98890=SURFACE_STYLE_FILL_AREA(#98880);
#98900=SURFACE_SIDE_STYLE('',(#98890));
#98910=SURFACE_STYLE_USAGE(.BOTH.,#98900);
#98920=PRESENTATION_STYLE_ASSIGNMENT((#98910));
#98930=CARTESIAN_POINT('',(23.7944859100217,29.9307714222203,
-36.4347498788233));
#98940=DIRECTION('',(2.14618160360293E-12,-5.11928974526717E-12,-1.));
#98950=DIRECTION('',(-1.,1.04067865436264E-11,-2.14618160365621E-12));
#98960=AXIS2_PLACEMENT_3D('',#98930,#98940,#98950);
#98970=CYLINDRICAL_SURFACE('',#98960,0.25);
#98980=CARTESIAN_POINT('',(23.5463493721112,29.9003040863703,
-36.4347498788237));
#98990=DIRECTION('',(2.14618160360293E-12,-5.11928974526717E-12,-1.));
#99000=VECTOR('',#98990,1.);
#99010=LINE('',#98980,#99000);
#99020=EDGE_CURVE('',#97730,#94570,#99010,.T.);
#99030=ORIENTED_EDGE('',*,*,#99020,.T.);
#99040=ORIENTED_EDGE('',*,*,#97740,.T.);
#99050=CARTESIAN_POINT('',(24.0444859100217,29.9307714222177,
-36.4347498788228));
#99060=DIRECTION('',(2.14618160360293E-12,-5.11928974526717E-12,-1.));
#99070=VECTOR('',#99060,1.);
#99080=LINE('',#99050,#99070);
#99090=EDGE_CURVE('',#97690,#94660,#99080,.T.);
#99100=ORIENTED_EDGE('',*,*,#99090,.F.);
#99110=ORIENTED_EDGE('',*,*,#94670,.F.);
#99120=EDGE_LOOP('',(#99110,#99100,#99040,#99030));
#99130=FACE_OUTER_BOUND('',#99120,.T.);
#99140=ADVANCED_FACE('',(#99130),#98970,.T.);
#99150=COLOUR_RGB('',1.,0.709803938865662,0.);
#99160=FILL_AREA_STYLE_COLOUR('',#99150);
#99170=FILL_AREA_STYLE('',(#99160));
#99180=SURFACE_STYLE_FILL_AREA(#99170);
#99190=SURFACE_SIDE_STYLE('',(#99180));
#99200=SURFACE_STYLE_USAGE(.BOTH.,#99190);
#99210=PRESENTATION_STYLE_ASSIGNMENT((#99200));
#99220=CARTESIAN_POINT('',(18.8157655366274,29.3194614273917,
-31.8347499002844));
#99230=DIRECTION('',(-0.121869343394783,0.992546151642595,
-5.51653230619028E-12));
#99240=DIRECTION('',(0.992546151642595,0.121869343394783,
6.64486901656587E-13));
#99250=AXIS2_PLACEMENT_3D('',#99220,#99230,#99240);
#99260=PLANE('',#99250);
#99270=ORIENTED_EDGE('',*,*,#97800,.T.);
#99280=ORIENTED_EDGE('',*,*,#99020,.F.);
#99290=ORIENTED_EDGE('',*,*,#94580,.F.);
#99300=ORIENTED_EDGE('',*,*,#66430,.F.);
#99310=EDGE_LOOP('',(#99300,#99290,#99280,#99270));
#99320=FACE_OUTER_BOUND('',#99310,.T.);
#99330=ADVANCED_FACE('',(#99320),#99260,.F.);
#99340=COLOUR_RGB('',1.,0.709803938865662,0.);
#99350=FILL_AREA_STYLE_COLOUR('',#99340);
#99360=FILL_AREA_STYLE('',(#99350));
#99370=SURFACE_STYLE_FILL_AREA(#99360);
#99380=SURFACE_SIDE_STYLE('',(#99370));
#99390=SURFACE_STYLE_USAGE(.BOTH.,#99380);
#99400=PRESENTATION_STYLE_ASSIGNMENT((#99390));
#99410=ORIENTED_EDGE('',*,*,#70730,.F.);
#99420=ORIENTED_EDGE('',*,*,#53960,.F.);
#99430=ORIENTED_EDGE('',*,*,#65850,.F.);
#99440=CARTESIAN_POINT('',(18.5944857168048,34.3987599932576,
-22.6999999621631));
#99450=DIRECTION('',(-5.70357217027353E-11,1.53461632698319E-11,1.));
#99460=VECTOR('',#99450,1.);
#99470=LINE('',#99440,#99460);
#99480=EDGE_CURVE('',#65780,#70640,#99470,.T.);
#99490=ORIENTED_EDGE('',*,*,#99480,.F.);
#99500=EDGE_LOOP('',(#99490,#99430,#99420,#99410));
#99510=FACE_BOUND('',#99500,.T.);
#99520=ORIENTED_EDGE('',*,*,#19580,.T.);
#99530=ORIENTED_EDGE('',*,*,#95980,.T.);
#99540=ORIENTED_EDGE('',*,*,#94410,.T.);
#99550=CARTESIAN_POINT('',(23.3482839786915,33.5605371246358,
-36.434749878843));
#99560=DIRECTION('',(2.14618160360293E-12,-5.11928974526717E-12,-1.));
#99570=VECTOR('',#99560,1.);
#99580=LINE('',#99550,#99570);
#99590=EDGE_CURVE('',#97910,#94320,#99580,.T.);
#99600=ORIENTED_EDGE('',*,*,#99590,.T.);
#99610=ORIENTED_EDGE('',*,*,#97920,.T.);
#99620=ORIENTED_EDGE('',*,*,#57880,.T.);
#99630=ORIENTED_EDGE('',*,*,#73390,.F.);
#99640=ORIENTED_EDGE('',*,*,#9190,.F.);
#99650=EDGE_CURVE('',#9100,#28590,#28570,.T.);
#99660=ORIENTED_EDGE('',*,*,#99650,.F.);
#99670=ORIENTED_EDGE('',*,*,#28600,.F.);
#99680=EDGE_CURVE('',#28500,#9080,#28570,.T.);
#99690=ORIENTED_EDGE('',*,*,#99680,.F.);
#99700=ORIENTED_EDGE('',*,*,#9570,.F.);
#99710=EDGE_LOOP('',(#99700,#99690,#99670,#99660,#99640,#99630,#99620,
#99610,#99600,#99540,#99530,#99520));
#99720=FACE_OUTER_BOUND('',#99710,.T.);
#99730=ADVANCED_FACE('',(#99510,#99720),#74070,.T.);
#99740=COLOUR_RGB('',1.,0.709803938865662,0.);
#99750=FILL_AREA_STYLE_COLOUR('',#99740);
#99760=FILL_AREA_STYLE('',(#99750));
#99770=SURFACE_STYLE_FILL_AREA(#99760);
#99780=SURFACE_SIDE_STYLE('',(#99770));
#99790=SURFACE_STYLE_USAGE(.BOTH.,#99780);
#99800=PRESENTATION_STYLE_ASSIGNMENT((#99790));
#99810=CARTESIAN_POINT('',(18.5944857175188,34.4885881671732,
-35.2347502168151));
#99820=DIRECTION('',(-1.,-1.0449197064275E-11,-5.70357217025749E-11));
#99830=DIRECTION('',(1.0449197063167E-11,-1.,1.94252256035333E-11));
#99840=AXIS2_PLACEMENT_3D('',#99810,#99820,#99830);
#99850=PLANE('',#99840);
#99860=ORIENTED_EDGE('',*,*,#65790,.T.);
#99870=ORIENTED_EDGE('',*,*,#10530,.T.);
#99880=ORIENTED_EDGE('',*,*,#10910,.T.);
#99890=ORIENTED_EDGE('',*,*,#70650,.T.);
#99900=ORIENTED_EDGE('',*,*,#99480,.T.);
#99910=EDGE_LOOP('',(#99900,#99890,#99880,#99870,#99860));
#99920=FACE_OUTER_BOUND('',#99910,.T.);
#99930=ADVANCED_FACE('',(#99920),#99850,.T.);
#99940=CARTESIAN_POINT('',(19.0944858463572,20.4841460308176,
-23.6291194391334));
#99950=DIRECTION('',(1.,-5.57215252157443E-13,1.52694996434038E-10));
#99960=DIRECTION('',(1.52694996434038E-10,-6.39298039352294E-13,-1.));
#99970=AXIS2_PLACEMENT_3D('',#99940,#99950,#99960);
#99980=PLANE('',#99970);
#99990=CARTESIAN_POINT('',(19.094486224658,9.31602665612808,
-26.0847499587713));
#100000=DIRECTION('',(-2.93640580714185E-15,-1.,-1.3666261671975E-11));
#100010=VECTOR('',#100000,1.);
#100020=LINE('',#99990,#100010);
#100030=CARTESIAN_POINT('',(19.0944858467252,8.01602665612808,
-26.0847503367219));
#100040=VERTEX_POINT('',#100030);
#100050=EDGE_CURVE('',#69260,#100040,#100020,.T.);
#100060=ORIENTED_EDGE('',*,*,#100050,.F.);
#100070=CARTESIAN_POINT('',(19.0944862245957,8.01602665612193,
-25.6347499587909));
#100080=DIRECTION('',(1.38438404642903E-10,1.36662616719745E-11,-1.));
#100090=VECTOR('',#100080,1.);
#100100=LINE('',#100070,#100090);
#100110=CARTESIAN_POINT('',(19.0944858465878,8.01602665611577,
-25.1847495808472));
#100120=VERTEX_POINT('',#100110);
#100130=EDGE_CURVE('',#100120,#100040,#100100,.T.);
#100140=ORIENTED_EDGE('',*,*,#100130,.T.);
#100150=CARTESIAN_POINT('',(19.0944862245334,9.31602665611578,
-25.184749958775));
#100160=DIRECTION('',(-2.93640580714185E-15,-1.,-1.3666261671975E-11));
#100170=VECTOR('',#100160,1.);
#100180=LINE('',#100150,#100170);
#100190=EDGE_CURVE('',#69280,#100120,#100180,.T.);
#100200=ORIENTED_EDGE('',*,*,#100190,.T.);
#100210=ORIENTED_EDGE('',*,*,#69290,.T.);
#100220=EDGE_LOOP('',(#100210,#100200,#100140,#100060));
#100230=FACE_OUTER_BOUND('',#100220,.T.);
#100240=ADVANCED_FACE('',(#100230),#99980,.T.);
#100250=COLOUR_RGB('',0.94901967048645,0.94901967048645,1.);
#100260=FILL_AREA_STYLE_COLOUR('',#100250);
#100270=FILL_AREA_STYLE('',(#100260));
#100280=SURFACE_STYLE_FILL_AREA(#100270);
#100290=SURFACE_SIDE_STYLE('',(#100280));
#100300=SURFACE_STYLE_USAGE(.BOTH.,#100290);
#100310=PRESENTATION_STYLE_ASSIGNMENT((#100300));
#100320=CARTESIAN_POINT('',(18.9444862246787,9.31602665613013,
-26.2347499587921));
#100330=DIRECTION('',(-0.707106781284438,-9.66142994792666E-12,
0.707106781088657));
#100340=DIRECTION('',(-0.707106781088656,9.66558632435917E-12,
-0.707106781284438));
#100350=AXIS2_PLACEMENT_3D('',#100320,#100330,#100340);
#100360=PLANE('',#100350);
#100370=ORIENTED_EDGE('',*,*,#69830,.F.);
#100380=CARTESIAN_POINT('',(18.7944862246995,9.31602665613218,
-26.3847499588129));
#100390=DIRECTION('',(-2.93640580714185E-15,-1.,-1.3666261671975E-11));
#100400=VECTOR('',#100390,1.);
#100410=LINE('',#100380,#100400);
#100420=CARTESIAN_POINT('',(18.7944862246995,8.21602665613218,
-26.3847499588279));
#100430=VERTEX_POINT('',#100420);
#100440=EDGE_CURVE('',#69760,#100430,#100410,.T.);
#100450=ORIENTED_EDGE('',*,*,#100440,.F.);
#100460=CARTESIAN_POINT('',(17.5144862248767,11.4160266561497,
-27.6647499589614));
#100470=DIRECTION('',(0.348155311863195,-0.870388279783248,
0.348155311947699));
#100480=VECTOR('',#100470,1.);
#100490=LINE('',#100460,#100480);
#100500=CARTESIAN_POINT('',(18.9880346117695,7.7321556883876,
-26.1912015717109));
#100510=VERTEX_POINT('',#100500);
#100520=EDGE_CURVE('',#100430,#100510,#100490,.T.);
#100530=ORIENTED_EDGE('',*,*,#100520,.F.);
#100540=CARTESIAN_POINT('',(20.3694862244815,11.4160266561106,
-24.8097499585661));
#100550=DIRECTION('',(0.331294578178679,0.883452208594243,
0.331294578282477));
#100560=VECTOR('',#100550,1.);
#100570=LINE('',#100540,#100560);
#100580=EDGE_CURVE('',#100510,#100040,#100570,.T.);
#100590=ORIENTED_EDGE('',*,*,#100580,.F.);
#100600=ORIENTED_EDGE('',*,*,#100050,.T.);
#100610=EDGE_LOOP('',(#100600,#100590,#100530,#100450,#100370));
#100620=FACE_OUTER_BOUND('',#100610,.T.);
#100630=ADVANCED_FACE('',(#100620),#100360,.F.);
#100640=COLOUR_RGB('',0.94901967048645,0.94901967048645,1.);
#100650=FILL_AREA_STYLE_COLOUR('',#100640);
#100660=FILL_AREA_STYLE('',(#100650));
#100670=SURFACE_STYLE_FILL_AREA(#100660);
#100680=SURFACE_SIDE_STYLE('',(#100670));
#100690=SURFACE_STYLE_USAGE(.BOTH.,#100680);
#100700=PRESENTATION_STYLE_ASSIGNMENT((#100690));
#100710=CARTESIAN_POINT('',(19.0944862246995,11.4160266561322,
-26.3847499587426));
#100720=DIRECTION('',(1.38438404642903E-10,1.36662616719745E-11,-1.));
#100730=DIRECTION('',(-1.,2.9364070629967E-15,-1.38438404642903E-10));
#100740=AXIS2_PLACEMENT_3D('',#100710,#100720,#100730);
#100750=PLANE('',#100740);
#100760=CARTESIAN_POINT('',(18.1944862246856,9.31602665613218,
-26.3847499588959));
#100770=DIRECTION('',(-2.93640580714185E-15,-1.,-1.3666261671975E-11));
#100780=VECTOR('',#100770,1.);
#100790=LINE('',#100760,#100780);
#100800=CARTESIAN_POINT('',(18.1944862246856,8.21602665613218,
-26.384749958911));
#100810=VERTEX_POINT('',#100800);
#100820=EDGE_CURVE('',#69680,#100810,#100790,.T.);
#100830=ORIENTED_EDGE('',*,*,#100820,.F.);
#100840=CARTESIAN_POINT('',(18.4944862246925,8.21602665613218,
-26.3847499588694));
#100850=DIRECTION('',(-1.,2.9364070629967E-15,-1.38438404642903E-10));
#100860=VECTOR('',#100850,1.);
#100870=LINE('',#100840,#100860);
#100880=EDGE_CURVE('',#100430,#100810,#100870,.T.);
#100890=ORIENTED_EDGE('',*,*,#100880,.T.);
#100900=ORIENTED_EDGE('',*,*,#100440,.T.);
#100910=ORIENTED_EDGE('',*,*,#69770,.T.);
#100920=EDGE_LOOP('',(#100910,#100900,#100890,#100830));
#100930=FACE_OUTER_BOUND('',#100920,.T.);
#100940=ADVANCED_FACE('',(#100930),#100750,.T.);
#100950=COLOUR_RGB('',0.94901967048645,0.94901967048645,1.);
#100960=FILL_AREA_STYLE_COLOUR('',#100950);
#100970=FILL_AREA_STYLE('',(#100960));
#100980=SURFACE_STYLE_FILL_AREA(#100970);
#100990=SURFACE_SIDE_STYLE('',(#100980));
#101000=SURFACE_STYLE_USAGE(.BOTH.,#100990);
#101010=PRESENTATION_STYLE_ASSIGNMENT((#101000));
#101020=CARTESIAN_POINT('',(18.9444862245126,9.31602665611373,
-25.0347499587958));
#101030=DIRECTION('',(0.707106781088657,-9.66558265551935E-12,
0.707106781284438));
#101040=DIRECTION('',(-0.707106781284438,-9.66132406239234E-12,
0.707106781088657));
#101050=AXIS2_PLACEMENT_3D('',#101020,#101030,#101040);
#101060=PLANE('',#101050);
#101070=CARTESIAN_POINT('',(20.3694862247099,11.4160266561332,
-26.4597499585698));
#101080=DIRECTION('',(0.331294578270406,0.883452208603299,
-0.331294578166602));
#101090=VECTOR('',#101080,1.);
#101100=LINE('',#101070,#101090);
#101110=CARTESIAN_POINT('',(18.9880346116154,7.73215568837239,
-25.0782983459082));
#101120=VERTEX_POINT('',#101110);
#101130=EDGE_CURVE('',#101120,#100120,#101100,.T.);
#101140=ORIENTED_EDGE('',*,*,#101130,.T.);
#101150=CARTESIAN_POINT('',(17.5144862243146,11.4160266560942,
-23.6047499589651));
#101160=DIRECTION('',(0.348155311959591,-0.870388279773732,
-0.348155311875093));
#101170=VECTOR('',#101160,1.);
#101180=LINE('',#101150,#101170);
#101190=CARTESIAN_POINT('',(18.7944862244918,8.21602665611168,
-24.8847499588316));
#101200=VERTEX_POINT('',#101190);
#101210=EDGE_CURVE('',#101200,#101120,#101180,.T.);
#101220=ORIENTED_EDGE('',*,*,#101210,.T.);
#101230=CARTESIAN_POINT('',(18.7944862244918,9.31602665611168,
-24.8847499588166));
#101240=DIRECTION('',(-2.93640580714185E-15,-1.,-1.3666261671975E-11));
#101250=VECTOR('',#101240,1.);
#101260=LINE('',#101230,#101250);
#101270=EDGE_CURVE('',#69360,#101200,#101260,.T.);
#101280=ORIENTED_EDGE('',*,*,#101270,.T.);
#101290=ORIENTED_EDGE('',*,*,#69370,.T.);
#101300=ORIENTED_EDGE('',*,*,#100190,.F.);
#101310=EDGE_LOOP('',(#101300,#101290,#101280,#101220,#101140));
#101320=FACE_OUTER_BOUND('',#101310,.T.);
#101330=ADVANCED_FACE('',(#101320),#101060,.T.);
#101340=COLOUR_RGB('',0.94901967048645,0.94901967048645,1.);
#101350=FILL_AREA_STYLE_COLOUR('',#101340);
#101360=FILL_AREA_STYLE('',(#101350));
#101370=SURFACE_STYLE_FILL_AREA(#101360);
#101380=SURFACE_SIDE_STYLE('',(#101370));
#101390=SURFACE_STYLE_USAGE(.BOTH.,#101380);
#101400=PRESENTATION_STYLE_ASSIGNMENT((#101390));
#101410=CARTESIAN_POINT('',(17.8944862244779,11.4160266561117,
-24.8847499589125));
#101420=DIRECTION('',(-1.38438404642903E-10,-1.36662616719745E-11,1.));
#101430=DIRECTION('',(1.,-2.9364070629967E-15,1.38438404642903E-10));
#101440=AXIS2_PLACEMENT_3D('',#101410,#101420,#101430);
#101450=PLANE('',#101440);
#101460=ORIENTED_EDGE('',*,*,#69450,.T.);
#101470=ORIENTED_EDGE('',*,*,#101270,.F.);
#101480=CARTESIAN_POINT('',(18.4944862244849,8.21602665611167,
-24.8847499588731));
#101490=DIRECTION('',(1.,-2.9364070629967E-15,1.38438404642903E-10));
#101500=VECTOR('',#101490,1.);
#101510=LINE('',#101480,#101500);
#101520=CARTESIAN_POINT('',(18.1944862244779,8.21602665611168,
-24.8847499589147));
#101530=VERTEX_POINT('',#101520);
#101540=EDGE_CURVE('',#101530,#101200,#101510,.T.);
#101550=ORIENTED_EDGE('',*,*,#101540,.T.);
#101560=CARTESIAN_POINT('',(18.1944862244779,9.31602665611168,
-24.8847499588996));
#101570=DIRECTION('',(-2.93640580714185E-15,-1.,-1.3666261671975E-11));
#101580=VECTOR('',#101570,1.);
#101590=LINE('',#101560,#101580);
#101600=EDGE_CURVE('',#69440,#101530,#101590,.T.);
#101610=ORIENTED_EDGE('',*,*,#101600,.T.);
#101620=EDGE_LOOP('',(#101610,#101550,#101470,#101460));
#101630=FACE_OUTER_BOUND('',#101620,.T.);
#101640=ADVANCED_FACE('',(#101630),#101450,.T.);
#101650=COLOUR_RGB('',0.94901967048645,0.94901967048645,1.);
#101660=FILL_AREA_STYLE_COLOUR('',#101650);
#101670=FILL_AREA_STYLE('',(#101660));
#101680=SURFACE_STYLE_FILL_AREA(#101670);
#101690=SURFACE_SIDE_STYLE('',(#101680));
#101700=SURFACE_STYLE_USAGE(.BOTH.,#101690);
#101710=PRESENTATION_STYLE_ASSIGNMENT((#101700));
#101720=CARTESIAN_POINT('',(17.8944858468424,10.392243616983,
-26.9498652407139));
#101730=DIRECTION('',(-1.,5.57215252775735E-13,-1.4139853431683E-10));
#101740=DIRECTION('',(-5.57215250869181E-13,-1.,-1.34835501729045E-11));
#101750=AXIS2_PLACEMENT_3D('',#101720,#101730,#101740);
#101760=PLANE('',#101750);
#101770=CARTESIAN_POINT('',(17.8944862245195,9.31602665611578,
-25.1847499589412));
#101780=DIRECTION('',(-2.93640580714185E-15,-1.,-1.3666261671975E-11));
#101790=VECTOR('',#101780,1.);
#101800=LINE('',#101770,#101790);
#101810=CARTESIAN_POINT('',(17.8944858465915,8.01602665611579,
-25.1847503368869));
#101820=VERTEX_POINT('',#101810);
#101830=EDGE_CURVE('',#69520,#101820,#101800,.T.);
#101840=ORIENTED_EDGE('',*,*,#101830,.F.);
#101850=CARTESIAN_POINT('',(17.8944862245817,8.01602665612194,
-25.6347499589571));
#101860=DIRECTION('',(-1.38438404642903E-10,-1.36662616719745E-11,1.));
#101870=VECTOR('',#101860,1.);
#101880=LINE('',#101850,#101870);
#101890=CARTESIAN_POINT('',(17.8944858467188,8.01602665612808,
-26.08474958103));
#101900=VERTEX_POINT('',#101890);
#101910=EDGE_CURVE('',#101900,#101820,#101880,.T.);
#101920=ORIENTED_EDGE('',*,*,#101910,.T.);
#101930=CARTESIAN_POINT('',(17.894486224644,9.31602665612808,
-26.0847499589375));
#101940=DIRECTION('',(-2.93640580714185E-15,-1.,-1.3666261671975E-11));
#101950=VECTOR('',#101940,1.);
#101960=LINE('',#101930,#101950);
#101970=EDGE_CURVE('',#69600,#101900,#101960,.T.);
#101980=ORIENTED_EDGE('',*,*,#101970,.T.);
#101990=ORIENTED_EDGE('',*,*,#69610,.T.);
#102000=EDGE_LOOP('',(#101990,#101980,#101920,#101840));
#102010=FACE_OUTER_BOUND('',#102000,.T.);
#102020=ADVANCED_FACE('',(#102010),#101760,.T.);
#102030=COLOUR_RGB('',0.94901967048645,0.94901967048645,1.);
#102040=FILL_AREA_STYLE_COLOUR('',#102030);
#102050=FILL_AREA_STYLE('',(#102040));
#102060=SURFACE_STYLE_FILL_AREA(#102050);
#102070=SURFACE_SIDE_STYLE('',(#102060));
#102080=SURFACE_STYLE_USAGE(.BOTH.,#102070);
#102090=PRESENTATION_STYLE_ASSIGNMENT((#102080));
#102100=CARTESIAN_POINT('',(18.0444862246648,9.31602665613013,
-26.2347499589167));
#102110=DIRECTION('',(-0.707106781088657,9.66558265551935E-12,
-0.707106781284438));
#102120=DIRECTION('',(0.707106781284438,9.66132406239234E-12,
-0.707106781088657));
#102130=AXIS2_PLACEMENT_3D('',#102100,#102110,#102120);
#102140=PLANE('',#102130);
#102150=CARTESIAN_POINT('',(16.6194862244675,11.4160266561107,
-24.8097499590853));
#102160=DIRECTION('',(-0.331294578270401,0.883452208594246,
0.331294578190749));
#102170=VECTOR('',#102160,1.);
#102180=LINE('',#102150,#102170);
#102190=CARTESIAN_POINT('',(18.000937837562,7.7321556883876,
-26.1912015718476));
#102200=VERTEX_POINT('',#102190);
#102210=EDGE_CURVE('',#102200,#101900,#102180,.T.);
#102220=ORIENTED_EDGE('',*,*,#102210,.T.);
#102230=CARTESIAN_POINT('',(19.4744862248628,11.4160266561497,
-27.66474995869));
#102240=DIRECTION('',(-0.348155311959596,-0.870388279783246,
0.348155311851303));
#102250=VECTOR('',#102240,1.);
#102260=LINE('',#102230,#102250);
#102270=EDGE_CURVE('',#100810,#102200,#102260,.T.);
#102280=ORIENTED_EDGE('',*,*,#102270,.T.);
#102290=ORIENTED_EDGE('',*,*,#100820,.T.);
#102300=ORIENTED_EDGE('',*,*,#69690,.T.);
#102310=ORIENTED_EDGE('',*,*,#101970,.F.);
#102320=EDGE_LOOP('',(#102310,#102300,#102290,#102280,#102220));
#102330=FACE_OUTER_BOUND('',#102320,.T.);
#102340=ADVANCED_FACE('',(#102330),#102140,.T.);
#102350=COLOUR_RGB('',0.94901967048645,0.94901967048645,1.);
#102360=FILL_AREA_STYLE_COLOUR('',#102350);
#102370=FILL_AREA_STYLE('',(#102360));
#102380=SURFACE_STYLE_FILL_AREA(#102370);
#102390=SURFACE_SIDE_STYLE('',(#102380));
#102400=SURFACE_STYLE_USAGE(.BOTH.,#102390);
#102410=PRESENTATION_STYLE_ASSIGNMENT((#102400));
#102420=CARTESIAN_POINT('',(18.4944862245126,7.71602665611441,
-25.08474995888));
#102430=DIRECTION('',(1.2853792238778E-10,0.371390676366792,
-0.928476690880184));
#102440=DIRECTION('',(-5.14118296095102E-11,0.928476690880183,
0.371390676366792));
#102450=AXIS2_PLACEMENT_3D('',#102420,#102430,#102440);
#102460=PLANE('',#102450);
#102470=CARTESIAN_POINT('',(16.6194862243007,11.4160266560942,
-23.604749959089));
#102480=DIRECTION('',(0.328817724064614,-0.876847264038036,
-0.350738905583594));
#102490=VECTOR('',#102480,1.);
#102500=LINE('',#102470,#102490);
#102510=CARTESIAN_POINT('',(18.0009378374079,7.73215568837239,
-25.0782983460448));
#102520=VERTEX_POINT('',#102510);
#102530=CARTESIAN_POINT('',(18.1944862245333,7.21602665611715,
-25.2847499589283));
#102540=VERTEX_POINT('',#102530);
#102550=EDGE_CURVE('',#102520,#102540,#102500,.T.);
#102560=ORIENTED_EDGE('',*,*,#102550,.T.);
#102570=CARTESIAN_POINT('',(19.4744862243007,11.4160266560942,
-23.6047499586937));
#102580=DIRECTION('',(0.3481553118632,0.870388279773731,
0.348155311971489));
#102590=VECTOR('',#102580,1.);
#102600=LINE('',#102570,#102590);
#102610=EDGE_CURVE('',#102520,#101530,#102600,.T.);
#102620=ORIENTED_EDGE('',*,*,#102610,.F.);
#102630=ORIENTED_EDGE('',*,*,#101540,.F.);
#102640=ORIENTED_EDGE('',*,*,#101210,.F.);
#102650=CARTESIAN_POINT('',(20.3694862243147,11.4160266560942,
-23.6047499585698));
#102660=DIRECTION('',(0.328817723967508,0.876847264038034,
0.350738905674636));
#102670=VECTOR('',#102660,1.);
#102680=LINE('',#102650,#102670);
#102690=CARTESIAN_POINT('',(18.7944862245472,7.21602665611714,
-25.2847499588453));
#102700=VERTEX_POINT('',#102690);
#102710=EDGE_CURVE('',#102700,#101120,#102680,.T.);
#102720=ORIENTED_EDGE('',*,*,#102710,.T.);
#102730=CARTESIAN_POINT('',(18.4944862245403,7.21602665611715,
-25.2847499588868));
#102740=DIRECTION('',(1.,-2.9364070629967E-15,1.38438404642903E-10));
#102750=VECTOR('',#102740,1.);
#102760=LINE('',#102730,#102750);
#102770=EDGE_CURVE('',#102540,#102700,#102760,.T.);
#102780=ORIENTED_EDGE('',*,*,#102770,.T.);
#102790=EDGE_LOOP('',(#102780,#102720,#102640,#102630,#102620,#102560));
#102800=FACE_OUTER_BOUND('',#102790,.T.);
#102810=ADVANCED_FACE('',(#102800),#102460,.F.);
#102820=COLOUR_RGB('',0.94901967048645,0.94901967048645,1.);
#102830=FILL_AREA_STYLE_COLOUR('',#102820);
#102840=FILL_AREA_STYLE('',(#102830));
#102850=SURFACE_STYLE_FILL_AREA(#102840);
#102860=SURFACE_SIDE_STYLE('',(#102850));
#102870=SURFACE_STYLE_USAGE(.BOTH.,#102860);
#102880=PRESENTATION_STYLE_ASSIGNMENT((#102870));
#102890=CARTESIAN_POINT('',(18.0444862244987,9.31602665611373,
-25.0347499589204));
#102900=DIRECTION('',(-0.707106781284438,-9.66142994792666E-12,
0.707106781088657));
#102910=DIRECTION('',(-0.707106781088656,9.66558632435917E-12,
-0.707106781284438));
#102920=AXIS2_PLACEMENT_3D('',#102890,#102900,#102910);
#102930=PLANE('',#102920);
#102940=ORIENTED_EDGE('',*,*,#102610,.T.);
#102950=CARTESIAN_POINT('',(16.619486224696,11.4160266561332,
-26.459749959089));
#102960=DIRECTION('',(0.331294578178673,-0.883452208603301,
0.33129457825833));
#102970=VECTOR('',#102960,1.);
#102980=LINE('',#102950,#102970);
#102990=EDGE_CURVE('',#101820,#102520,#102980,.T.);
#103000=ORIENTED_EDGE('',*,*,#102990,.T.);
#103010=ORIENTED_EDGE('',*,*,#101830,.T.);
#103020=ORIENTED_EDGE('',*,*,#69530,.T.);
#103030=ORIENTED_EDGE('',*,*,#101600,.F.);
#103040=EDGE_LOOP('',(#103030,#103020,#103010,#103000,#102940));
#103050=FACE_OUTER_BOUND('',#103040,.T.);
#103060=ADVANCED_FACE('',(#103050),#102930,.T.);
#103070=COLOUR_RGB('',0.94901967048645,0.94901967048645,1.);
#103080=FILL_AREA_STYLE_COLOUR('',#103070);
#103090=FILL_AREA_STYLE('',(#103080));
#103100=SURFACE_STYLE_FILL_AREA(#103090);
#103110=SURFACE_SIDE_STYLE('',(#103100));
#103120=SURFACE_STYLE_USAGE(.BOTH.,#103110);
#103130=PRESENTATION_STYLE_ASSIGNMENT((#103120));
#103140=CARTESIAN_POINT('',(18.0444862245817,7.61602665612194,
-25.6347499589418));
#103150=DIRECTION('',(0.936329177569046,0.351123441588389,
1.34422462395172E-10));
#103160=DIRECTION('',(-0.351123441588389,0.936329177569045,
-3.58128495344589E-11));
#103170=AXIS2_PLACEMENT_3D('',#103140,#103150,#103160);
#103180=PLANE('',#103170);
#103190=CARTESIAN_POINT('',(16.6194862248628,11.4160266561497,
-27.6647499590853));
#103200=DIRECTION('',(-0.328817723967503,0.876847264047624,
-0.350738905650669));
#103210=VECTOR('',#103200,1.);
#103220=LINE('',#103190,#103210);
#103230=CARTESIAN_POINT('',(18.1944862246302,7.21602665612671,
-25.9847499589246));
#103240=VERTEX_POINT('',#103230);
#103250=EDGE_CURVE('',#103240,#102200,#103220,.T.);
#103260=ORIENTED_EDGE('',*,*,#103250,.F.);
#103270=ORIENTED_EDGE('',*,*,#102210,.F.);
#103280=ORIENTED_EDGE('',*,*,#101910,.F.);
#103290=ORIENTED_EDGE('',*,*,#102990,.F.);
#103300=ORIENTED_EDGE('',*,*,#102550,.F.);
#103310=CARTESIAN_POINT('',(18.1944862245817,7.21602665612194,
-25.6347499589265));
#103320=DIRECTION('',(-1.38438404642903E-10,-1.36662616719745E-11,1.));
#103330=VECTOR('',#103320,1.);
#103340=LINE('',#103310,#103330);
#103350=EDGE_CURVE('',#103240,#102540,#103340,.T.);
#103360=ORIENTED_EDGE('',*,*,#103350,.T.);
#103370=EDGE_LOOP('',(#103360,#103300,#103290,#103280,#103270,#103260));
#103380=FACE_OUTER_BOUND('',#103370,.T.);
#103390=ADVANCED_FACE('',(#103380),#103180,.F.);
#103400=COLOUR_RGB('',0.94901967048645,0.94901967048645,1.);
#103410=FILL_AREA_STYLE_COLOUR('',#103400);
#103420=FILL_AREA_STYLE('',(#103410));
#103430=SURFACE_STYLE_FILL_AREA(#103420);
#103440=SURFACE_SIDE_STYLE('',(#103430));
#103450=SURFACE_STYLE_USAGE(.BOTH.,#103440);
#103460=PRESENTATION_STYLE_ASSIGNMENT((#103450));
#103470=CARTESIAN_POINT('',(18.4944862246648,7.71602665612944,
-26.1847499588763));
#103480=DIRECTION('',(-1.28535741280775E-10,0.371390676341415,
0.928476690890335));
#103490=DIRECTION('',(5.14174335816793E-11,0.928476690890335,
-0.371390676341415));
#103500=AXIS2_PLACEMENT_3D('',#103470,#103480,#103490);
#103510=PLANE('',#103500);
#103520=CARTESIAN_POINT('',(20.3694862248767,11.4160266561497,
-27.6647499585661));
#103530=DIRECTION('',(-0.328817724064619,-0.876847264047621,
0.350738905559627));
#103540=VECTOR('',#103530,1.);
#103550=LINE('',#103520,#103540);
#103560=CARTESIAN_POINT('',(18.7944862246441,7.21602665612671,
-25.9847499588416));
#103570=VERTEX_POINT('',#103560);
#103580=EDGE_CURVE('',#100510,#103570,#103550,.T.);
#103590=ORIENTED_EDGE('',*,*,#103580,.T.);
#103600=ORIENTED_EDGE('',*,*,#100520,.T.);
#103610=ORIENTED_EDGE('',*,*,#100880,.F.);
#103620=ORIENTED_EDGE('',*,*,#102270,.F.);
#103630=ORIENTED_EDGE('',*,*,#103250,.T.);
#103640=CARTESIAN_POINT('',(18.4944862246372,7.21602665612671,
-25.9847499588831));
#103650=DIRECTION('',(-1.,2.9364070629967E-15,-1.38438404642903E-10));
#103660=VECTOR('',#103650,1.);
#103670=LINE('',#103640,#103660);
#103680=EDGE_CURVE('',#103570,#103240,#103670,.T.);
#103690=ORIENTED_EDGE('',*,*,#103680,.T.);
#103700=EDGE_LOOP('',(#103690,#103630,#103620,#103610,#103600,#103590));
#103710=FACE_OUTER_BOUND('',#103700,.T.);
#103720=ADVANCED_FACE('',(#103710),#103510,.F.);
#103730=COLOUR_RGB('',0.94901967048645,0.94901967048645,1.);
#103740=FILL_AREA_STYLE_COLOUR('',#103730);
#103750=FILL_AREA_STYLE('',(#103740));
#103760=SURFACE_STYLE_FILL_AREA(#103750);
#103770=SURFACE_SIDE_STYLE('',(#103760));
#103780=SURFACE_STYLE_USAGE(.BOTH.,#103770);
#103790=PRESENTATION_STYLE_ASSIGNMENT((#103780));
#103800=CARTESIAN_POINT('',(18.9444862245957,7.61602665612193,
-25.6347499588172));
#103810=DIRECTION('',(-0.936329177569043,0.351123441588395,
-1.24825372731349E-10));
#103820=DIRECTION('',(0.351123441588395,0.936329177569044,
6.14050886379862E-11));
#103830=AXIS2_PLACEMENT_3D('',#103800,#103810,#103820);
#103840=PLANE('',#103830);
#103850=ORIENTED_EDGE('',*,*,#102710,.F.);
#103860=ORIENTED_EDGE('',*,*,#101130,.F.);
#103870=ORIENTED_EDGE('',*,*,#100130,.F.);
#103880=ORIENTED_EDGE('',*,*,#100580,.T.);
#103890=ORIENTED_EDGE('',*,*,#103580,.F.);
#103900=CARTESIAN_POINT('',(18.7944862245957,7.21602665612193,
-25.6347499588434));
#103910=DIRECTION('',(1.38438404642903E-10,1.36662616719745E-11,-1.));
#103920=VECTOR('',#103910,1.);
#103930=LINE('',#103900,#103920);
#103940=EDGE_CURVE('',#102700,#103570,#103930,.T.);
#103950=ORIENTED_EDGE('',*,*,#103940,.T.);
#103960=EDGE_LOOP('',(#103950,#103890,#103880,#103870,#103860,#103850));
#103970=FACE_OUTER_BOUND('',#103960,.T.);
#103980=ADVANCED_FACE('',(#103970),#103840,.F.);
#103990=COLOUR_RGB('',0.94901967048645,0.94901967048645,1.);
#104000=FILL_AREA_STYLE_COLOUR('',#103990);
#104010=FILL_AREA_STYLE('',(#104000));
#104020=SURFACE_STYLE_FILL_AREA(#104010);
#104030=SURFACE_SIDE_STYLE('',(#104020));
#104040=SURFACE_STYLE_USAGE(.BOTH.,#104030);
#104050=PRESENTATION_STYLE_ASSIGNMENT((#104040));
#104060=CARTESIAN_POINT('',(18.4944862245928,7.21602665612193,
-25.6347499588937));
#104070=DIRECTION('',(-2.93640517106123E-15,-1.,-1.36662616719749E-11));
#104080=DIRECTION('',(-1.,2.9364070629967E-15,-1.38438404642903E-10));
#104090=AXIS2_PLACEMENT_3D('',#104060,#104070,#104080);
#104100=PLANE('',#104090);
#104110=ORIENTED_EDGE('',*,*,#102770,.F.);
#104120=ORIENTED_EDGE('',*,*,#103940,.F.);
#104130=ORIENTED_EDGE('',*,*,#103680,.F.);
#104140=ORIENTED_EDGE('',*,*,#103350,.F.);
#104150=EDGE_LOOP('',(#104140,#104130,#104120,#104110));
#104160=FACE_OUTER_BOUND('',#104150,.T.);
#104170=ADVANCED_FACE('',(#104160),#104100,.T.);
#104180=COLOUR_RGB('',0.94901967048645,0.94901967048645,1.);
#104190=FILL_AREA_STYLE_COLOUR('',#104180);
#104200=FILL_AREA_STYLE('',(#104190));
#104210=SURFACE_STYLE_FILL_AREA(#104200);
#104220=SURFACE_SIDE_STYLE('',(#104210));
#104230=SURFACE_STYLE_USAGE(.BOTH.,#104220);
#104240=PRESENTATION_STYLE_ASSIGNMENT((#104230));
#104250=CARTESIAN_POINT('',(6.44448622464111,9.31602665610531,
-32.5347499608756));
#104260=DIRECTION('',(0.707106781096742,-1.86289616157616E-11,
0.707106781276353));
#104270=DIRECTION('',(-0.707106781276353,-1.86289616144384E-11,
0.707106781096742));
#104280=AXIS2_PLACEMENT_3D('',#104250,#104260,#104270);
#104290=PLANE('',#104280);
#104300=CARTESIAN_POINT('',(7.8694862248221,11.4160266561429,
-33.9597499606393));
#104310=DIRECTION('',(0.331294578266615,0.8834522086075,
-0.331294578159189));
#104320=VECTOR('',#104310,1.);
#104330=LINE('',#104300,#104320);
#104340=CARTESIAN_POINT('',(6.48803461174342,7.73215568836452,
-32.5782983480086));
#104350=VERTEX_POINT('',#104340);
#104360=CARTESIAN_POINT('',(6.59448603567173,8.01602615214008,
-32.6847497719023));
#104370=VERTEX_POINT('',#104360);
#104380=EDGE_CURVE('',#104350,#104370,#104330,.T.);
#104390=ORIENTED_EDGE('',*,*,#104380,.T.);
#104400=CARTESIAN_POINT('',(5.0144862244595,11.4160266560676,
-31.1047499610019));
#104410=DIRECTION('',(0.348155311955613,-0.870388279769317,
-0.348155311890109));
#104420=VECTOR('',#104410,1.);
#104430=LINE('',#104400,#104420);
#104440=CARTESIAN_POINT('',(6.29448622463223,8.21602665607595,
-32.3847499609338));
#104450=VERTEX_POINT('',#104440);
#104460=EDGE_CURVE('',#104450,#104350,#104430,.T.);
#104470=ORIENTED_EDGE('',*,*,#104460,.T.);
#104480=CARTESIAN_POINT('',(6.29448622459504,18.1910267566426,
-32.3847499606338));
#104490=DIRECTION('',(3.72836792775693E-12,-1.,-3.00736980934018E-11));
#104500=VECTOR('',#104490,1.);
#104510=LINE('',#104480,#104500);
#104520=EDGE_CURVE('',#70180,#104450,#104510,.T.);
#104530=ORIENTED_EDGE('',*,*,#104520,.T.);
#104540=ORIENTED_EDGE('',*,*,#70190,.T.);
#104550=CARTESIAN_POINT('',(6.59448622466017,9.31602665610926,
-32.6847499608565));
#104560=DIRECTION('',(2.41027505800881E-21,-1.,-2.63453301690022E-11));
#104570=VECTOR('',#104560,1.);
#104580=LINE('',#104550,#104570);
#104590=EDGE_CURVE('',#70100,#104370,#104580,.T.);
#104600=ORIENTED_EDGE('',*,*,#104590,.F.);
#104610=EDGE_LOOP('',(#104600,#104540,#104530,#104470,#104390));
#104620=FACE_OUTER_BOUND('',#104610,.T.);
#104630=ADVANCED_FACE('',(#104620),#104290,.T.);
#104640=COLOUR_RGB('',0.94901967048645,0.94901967048645,1.);
#104650=FILL_AREA_STYLE_COLOUR('',#104640);
#104660=FILL_AREA_STYLE('',(#104650));
#104670=SURFACE_STYLE_FILL_AREA(#104660);
#104680=SURFACE_SIDE_STYLE('',(#104670));
#104690=SURFACE_STYLE_USAGE(.BOTH.,#104680);
#104700=PRESENTATION_STYLE_ASSIGNMENT((#104690));
#104710=CARTESIAN_POINT('',(5.99448622478021,7.71602665613561,
-33.6847499609712));
#104720=DIRECTION('',(-1.17919958333483E-10,0.371390676329643,
0.928476690895044));
#104730=DIRECTION('',(4.71679833307972E-11,0.928476690895044,
-0.371390676329643));
#104740=AXIS2_PLACEMENT_3D('',#104710,#104720,#104730);
#104750=PLANE('',#104740);
#104760=CARTESIAN_POINT('',(7.86948622497513,11.4160266561746,
-35.1647499606356));
#104770=DIRECTION('',(-0.328817724060606,-0.876847264052069,
0.35073890555227));
#104780=VECTOR('',#104770,1.);
#104790=LINE('',#104760,#104780);
#104800=CARTESIAN_POINT('',(6.48803461188476,7.73215568839385,
-33.6912015738113));
#104810=VERTEX_POINT('',#104800);
#104820=CARTESIAN_POINT('',(6.29448622476177,7.21602665613034,
-33.4847499609463));
#104830=VERTEX_POINT('',#104820);
#104840=EDGE_CURVE('',#104810,#104830,#104790,.T.);
#104850=ORIENTED_EDGE('',*,*,#104840,.T.);
#104860=CARTESIAN_POINT('',(5.01448622497513,11.4160266561746,
-35.1647499609982));
#104870=DIRECTION('',(0.348155311867179,-0.870388279787662,
0.348155311932682));
#104880=VECTOR('',#104870,1.);
#104890=LINE('',#104860,#104880);
#104900=CARTESIAN_POINT('',(6.29448622481257,8.21602665614088,
-33.8847499609199));
#104910=VERTEX_POINT('',#104900);
#104920=EDGE_CURVE('',#104910,#104810,#104890,.T.);
#104930=ORIENTED_EDGE('',*,*,#104920,.T.);
#104940=CARTESIAN_POINT('',(5.99448622480561,8.21602665614089,
-33.884749960958));
#104950=DIRECTION('',(-1.,9.35678395755463E-22,-1.27003681934284E-10));
#104960=VECTOR('',#104950,1.);
#104970=LINE('',#104940,#104960);
#104980=CARTESIAN_POINT('',(5.69448622479865,8.21602665614088,
-33.8847499609961));
#104990=VERTEX_POINT('',#104980);
#105000=EDGE_CURVE('',#104910,#104990,#104970,.T.);
#105010=ORIENTED_EDGE('',*,*,#105000,.F.);
#105020=CARTESIAN_POINT('',(6.9744862249612,11.4160266561746,
-35.1647499607493));
#105030=DIRECTION('',(-0.348155311955613,-0.870388279787662,
0.348155311844248));
#105040=VECTOR('',#105030,1.);
#105050=LINE('',#105020,#105040);
#105060=CARTESIAN_POINT('',(5.50093783767729,7.73215568839384,
-33.6912015739367));
#105070=VERTEX_POINT('',#105060);
#105080=EDGE_CURVE('',#104990,#105070,#105050,.T.);
#105090=ORIENTED_EDGE('',*,*,#105080,.F.);
#105100=CARTESIAN_POINT('',(4.1194862249612,11.4160266561746,
-35.1647499611119));
#105110=DIRECTION('',(-0.328817723971516,0.876847264052069,
-0.350738905635792));
#105120=VECTOR('',#105110,1.);
#105130=LINE('',#105100,#105120);
#105140=CARTESIAN_POINT('',(5.69448622474784,7.21602665613034,
-33.4847499610225));
#105150=VERTEX_POINT('',#105140);
#105160=EDGE_CURVE('',#105150,#105070,#105130,.T.);
#105170=ORIENTED_EDGE('',*,*,#105160,.T.);
#105180=CARTESIAN_POINT('',(5.99448622475481,7.21602665613034,
-33.4847499609844));
#105190=DIRECTION('',(-1.,9.35678395755463E-22,-1.27003681934284E-10));
#105200=VECTOR('',#105190,1.);
#105210=LINE('',#105180,#105200);
#105220=EDGE_CURVE('',#104830,#105150,#105210,.T.);
#105230=ORIENTED_EDGE('',*,*,#105220,.T.);
#105240=EDGE_LOOP('',(#105230,#105170,#105090,#105010,#104930,#104850));
#105250=FACE_OUTER_BOUND('',#105240,.T.);
#105260=ADVANCED_FACE('',(#105250),#104750,.F.);
#105270=COLOUR_RGB('',0.94901967048645,0.94901967048645,1.);
#105280=FILL_AREA_STYLE_COLOUR('',#105270);
#105290=FILL_AREA_STYLE('',(#105280));
#105300=SURFACE_STYLE_FILL_AREA(#105290);
#105310=SURFACE_SIDE_STYLE('',(#105300));
#105320=SURFACE_STYLE_USAGE(.BOTH.,#105310);
#105330=PRESENTATION_STYLE_ASSIGNMENT((#105320));
#105340=CARTESIAN_POINT('',(5.9944862246405,7.71602665610663,
-32.5847499609749));
#105350=DIRECTION('',(1.17919958331693E-10,0.371390676378565,
-0.928476690875475));
#105360=DIRECTION('',(-4.7167983335273E-11,0.928476690875475,
0.371390676378565));
#105370=AXIS2_PLACEMENT_3D('',#105340,#105350,#105360);
#105380=PLANE('',#105370);
#105390=CARTESIAN_POINT('',(4.11948622444557,11.4160266560676,
-31.1047499611155));
#105400=DIRECTION('',(0.328817724060606,-0.876847264033589,
-0.350738905598471));
#105410=VECTOR('',#105400,1.);
#105420=LINE('',#105390,#105410);
#105430=CARTESIAN_POINT('',(5.50093783753594,7.73215568836452,
-32.5782983481339));
#105440=VERTEX_POINT('',#105430);
#105450=CARTESIAN_POINT('',(5.69448622465894,7.2160266561119,
-32.7847499610262));
#105460=VERTEX_POINT('',#105450);
#105470=EDGE_CURVE('',#105440,#105460,#105420,.T.);
#105480=ORIENTED_EDGE('',*,*,#105470,.T.);
#105490=CARTESIAN_POINT('',(6.97448622444557,11.4160266560676,
-31.1047499607529));
#105500=DIRECTION('',(0.348155311867179,0.870388279769317,
0.348155311978543));
#105510=VECTOR('',#105500,1.);
#105520=LINE('',#105490,#105510);
#105530=CARTESIAN_POINT('',(5.69448622458941,8.21602665605456,
-32.3847499610185));
#105540=VERTEX_POINT('',#105530);
#105550=EDGE_CURVE('',#105440,#105540,#105520,.T.);
#105560=ORIENTED_EDGE('',*,*,#105550,.F.);
#105570=CARTESIAN_POINT('',(22.1278192086954,8.21602665664027,
-32.3847499586972));
#105580=DIRECTION('',(1.,3.56414794768829E-11,1.412602737265E-10));
#105590=VECTOR('',#105580,1.);
#105600=LINE('',#105570,#105590);
#105610=EDGE_CURVE('',#105540,#104450,#105600,.T.);
#105620=ORIENTED_EDGE('',*,*,#105610,.F.);
#105630=ORIENTED_EDGE('',*,*,#104460,.F.);
#105640=CARTESIAN_POINT('',(7.8694862244595,11.4160266560676,
-31.1047499606393));
#105650=DIRECTION('',(0.328817723971516,0.876847264033588,
0.350738905681993));
#105660=VECTOR('',#105650,1.);
#105670=LINE('',#105640,#105660);
#105680=CARTESIAN_POINT('',(6.29448622467287,7.2160266561119,
-32.78474996095));
#105690=VERTEX_POINT('',#105680);
#105700=EDGE_CURVE('',#105690,#104350,#105670,.T.);
#105710=ORIENTED_EDGE('',*,*,#105700,.T.);
#105720=CARTESIAN_POINT('',(5.9944862246659,7.2160266561119,
-32.7847499609881));
#105730=DIRECTION('',(1.,-9.35678395755463E-22,1.27003681934284E-10));
#105740=VECTOR('',#105730,1.);
#105750=LINE('',#105720,#105740);
#105760=EDGE_CURVE('',#105460,#105690,#105750,.T.);
#105770=ORIENTED_EDGE('',*,*,#105760,.T.);
#105780=EDGE_LOOP('',(#105770,#105710,#105630,#105620,#105560,#105480));
#105790=FACE_OUTER_BOUND('',#105780,.T.);
#105800=ADVANCED_FACE('',(#105790),#105380,.F.);
#105810=COLOUR_RGB('',0.94901967048645,0.94901967048645,1.);
#105820=FILL_AREA_STYLE_COLOUR('',#105810);
#105830=FILL_AREA_STYLE('',(#105820));
#105840=SURFACE_STYLE_FILL_AREA(#105830);
#105850=SURFACE_SIDE_STYLE('',(#105840));
#105860=SURFACE_STYLE_USAGE(.BOTH.,#105850);
#105870=PRESENTATION_STYLE_ASSIGNMENT((#105860));
#105880=CARTESIAN_POINT('',(4.23274663837374,12.0160261620293,
-32.3847499611107));
#105890=DIRECTION('',(1.41260273725428E-10,3.00736980939285E-11,-1.));
#105900=DIRECTION('',(-5.62250804122652E-13,-1.,-3.00736980940079E-11));
#105910=AXIS2_PLACEMENT_3D('',#105880,#105890,#105900);
#105920=PLANE('',#105910);
#105930=ORIENTED_EDGE('',*,*,#104520,.F.);
#105940=ORIENTED_EDGE('',*,*,#105610,.T.);
#105950=CARTESIAN_POINT('',(5.6944862246266,18.1910267566416,
-32.3847499607186));
#105960=DIRECTION('',(3.72836792209566E-12,1.,3.00736980944552E-11));
#105970=VECTOR('',#105960,1.);
#105980=LINE('',#105950,#105970);
#105990=EDGE_CURVE('',#105540,#70260,#105980,.T.);
#106000=ORIENTED_EDGE('',*,*,#105990,.F.);
#106010=ORIENTED_EDGE('',*,*,#70270,.F.);
#106020=EDGE_LOOP('',(#106010,#106000,#105940,#105930));
#106030=FACE_OUTER_BOUND('',#106020,.T.);
#106040=ADVANCED_FACE('',(#106030),#105920,.F.);
#106050=COLOUR_RGB('',0.94901967048645,0.94901967048645,1.);
#106060=FILL_AREA_STYLE_COLOUR('',#106050);
#106070=FILL_AREA_STYLE('',(#106060));
#106080=SURFACE_STYLE_FILL_AREA(#106070);
#106090=SURFACE_SIDE_STYLE('',(#106080));
#106100=SURFACE_STYLE_USAGE(.BOTH.,#106090);
#106110=PRESENTATION_STYLE_ASSIGNMENT((#106100));
#106120=CARTESIAN_POINT('',(5.39448622500354,22.3361574077881,
-35.1403804804822));
#106130=DIRECTION('',(-1.,5.62250808370872E-13,-1.41260273725412E-10));
#106140=DIRECTION('',(-1.41260273725428E-10,-3.00736980939285E-11,1.));
#106150=AXIS2_PLACEMENT_3D('',#106120,#106130,#106140);
#106160=PLANE('',#106150);
#106170=CARTESIAN_POINT('',(5.39448622464624,9.31602665610926,
-32.6847499610089));
#106180=DIRECTION('',(2.41027505800881E-21,-1.,-2.63453301690022E-11));
#106190=VECTOR('',#106180,1.);
#106200=LINE('',#106170,#106190);
#106210=CARTESIAN_POINT('',(5.3944862246486,8.01602665610297,
-32.6847499610408));
#106220=VERTEX_POINT('',#106210);
#106230=EDGE_CURVE('',#70340,#106220,#106200,.T.);
#106240=ORIENTED_EDGE('',*,*,#106230,.F.);
#106250=CARTESIAN_POINT('',(5.39448622452818,8.01602665611291,
-31.8322106450235));
#106260=DIRECTION('',(-1.41260273725405E-10,1.16722479406546E-11,1.));
#106270=VECTOR('',#106260,1.);
#106280=LINE('',#106250,#106270);
#106290=CARTESIAN_POINT('',(5.39448622477574,8.01602665609247,
-33.5847499610547));
#106300=VERTEX_POINT('',#106290);
#106310=EDGE_CURVE('',#106300,#106220,#106280,.T.);
#106320=ORIENTED_EDGE('',*,*,#106310,.T.);
#106330=CARTESIAN_POINT('',(5.39448622476054,9.31602665613298,
-33.5847499610053));
#106340=DIRECTION('',(2.41027505800881E-21,-1.,-2.63453301690022E-11));
#106350=VECTOR('',#106340,1.);
#106360=LINE('',#106330,#106350);
#106370=EDGE_CURVE('',#70420,#106300,#106360,.T.);
#106380=ORIENTED_EDGE('',*,*,#106370,.T.);
#106390=ORIENTED_EDGE('',*,*,#70430,.T.);
#106400=EDGE_LOOP('',(#106390,#106380,#106320,#106240));
#106410=FACE_OUTER_BOUND('',#106400,.T.);
#106420=ADVANCED_FACE('',(#106410),#106160,.T.);
#106430=COLOUR_RGB('',0.94901967048645,0.94901967048645,1.);
#106440=FILL_AREA_STYLE_COLOUR('',#106430);
#106450=FILL_AREA_STYLE('',(#106440));
#106460=SURFACE_STYLE_FILL_AREA(#106450);
#106470=SURFACE_SIDE_STYLE('',(#106460));
#106480=SURFACE_STYLE_USAGE(.BOTH.,#106470);
#106490=PRESENTATION_STYLE_ASSIGNMENT((#106480));
#106500=CARTESIAN_POINT('',(5.54448622477959,9.31602665613693,
-33.7347499609862));
#106510=DIRECTION('',(-0.707106781096742,1.86289616157616E-11,
-0.707106781276353));
#106520=DIRECTION('',(0.707106781276353,1.86289616144384E-11,
-0.707106781096742));
#106530=AXIS2_PLACEMENT_3D('',#106500,#106510,#106520);
#106540=PLANE('',#106530);
#106550=CARTESIAN_POINT('',(4.11948622459861,11.4160266560994,
-32.3097499611119));
#106560=DIRECTION('',(-0.331294578266615,0.883452208590044,
0.331294578205739));
#106570=VECTOR('',#106560,1.);
#106580=LINE('',#106550,#106570);
#106590=EDGE_CURVE('',#105070,#106300,#106580,.T.);
#106600=ORIENTED_EDGE('',*,*,#106590,.T.);
#106610=ORIENTED_EDGE('',*,*,#105080,.T.);
#106620=CARTESIAN_POINT('',(5.69448622479865,9.31602665614089,
-33.8847499609671));
#106630=DIRECTION('',(2.41027505800881E-21,-1.,-2.63453301690022E-11));
#106640=VECTOR('',#106630,1.);
#106650=LINE('',#106620,#106640);
#106660=EDGE_CURVE('',#69920,#104990,#106650,.T.);
#106670=ORIENTED_EDGE('',*,*,#106660,.T.);
#106680=ORIENTED_EDGE('',*,*,#70490,.T.);
#106690=ORIENTED_EDGE('',*,*,#106370,.F.);
#106700=EDGE_LOOP('',(#106690,#106680,#106670,#106610,#106600));
#106710=FACE_OUTER_BOUND('',#106700,.T.);
#106720=ADVANCED_FACE('',(#106710),#106540,.T.);
#106730=COLOUR_RGB('',0.94901967048645,0.94901967048645,1.);
#106740=FILL_AREA_STYLE_COLOUR('',#106730);
#106750=FILL_AREA_STYLE('',(#106740));
#106760=SURFACE_STYLE_FILL_AREA(#106750);
#106770=SURFACE_SIDE_STYLE('',(#106760));
#106780=SURFACE_STYLE_USAGE(.BOTH.,#106770);
#106790=PRESENTATION_STYLE_ASSIGNMENT((#106780));
#106800=CARTESIAN_POINT('',(5.54448622470339,7.61602665612113,
-33.1347499610328));
#106810=DIRECTION('',(0.936329177569045,0.351123441588392,
1.28167716052491E-10));
#106820=DIRECTION('',(-0.351123441588392,0.936329177569044,
-1.99260685652364E-11));
#106830=AXIS2_PLACEMENT_3D('',#106800,#106810,#106820);
#106840=PLANE('',#106830);
#106850=ORIENTED_EDGE('',*,*,#105160,.F.);
#106860=ORIENTED_EDGE('',*,*,#106590,.F.);
#106870=ORIENTED_EDGE('',*,*,#106310,.F.);
#106880=CARTESIAN_POINT('',(4.11948622480817,11.4160266561429,
-33.9597499611155));
#106890=DIRECTION('',(0.331294578182464,-0.8834522086075,
0.331294578243341));
#106900=VECTOR('',#106890,1.);
#106910=LINE('',#106880,#106900);
#106920=EDGE_CURVE('',#106220,#105440,#106910,.T.);
#106930=ORIENTED_EDGE('',*,*,#106920,.F.);
#106940=ORIENTED_EDGE('',*,*,#105470,.F.);
#106950=CARTESIAN_POINT('',(5.69448622470339,7.21602665612113,
-33.1347499610243));
#106960=DIRECTION('',(-1.27003681934284E-10,-2.63453301690022E-11,1.));
#106970=VECTOR('',#106960,1.);
#106980=LINE('',#106950,#106970);
#106990=EDGE_CURVE('',#105150,#105460,#106980,.T.);
#107000=ORIENTED_EDGE('',*,*,#106990,.T.);
#107010=EDGE_LOOP('',(#107000,#106940,#106930,#106870,#106860,#106850));
#107020=FACE_OUTER_BOUND('',#107010,.T.);
#107030=ADVANCED_FACE('',(#107020),#106840,.F.);
#107040=COLOUR_RGB('',0.94901967048645,0.94901967048645,1.);
#107050=FILL_AREA_STYLE_COLOUR('',#107040);
#107060=FILL_AREA_STYLE('',(#107050));
#107070=SURFACE_STYLE_FILL_AREA(#107060);
#107080=SURFACE_SIDE_STYLE('',(#107070));
#107090=SURFACE_STYLE_USAGE(.BOTH.,#107080);
#107100=PRESENTATION_STYLE_ASSIGNMENT((#107090));
#107110=CARTESIAN_POINT('',(5.54448622462719,9.31602665610531,
-32.5347499609899));
#107120=DIRECTION('',(-0.707106781276353,-1.86289616144384E-11,
0.707106781096742));
#107130=DIRECTION('',(-0.707106781096742,1.86289616157616E-11,
-0.707106781276353));
#107140=AXIS2_PLACEMENT_3D('',#107110,#107120,#107130);
#107150=PLANE('',#107140);
#107160=ORIENTED_EDGE('',*,*,#105990,.T.);
#107170=ORIENTED_EDGE('',*,*,#105550,.T.);
#107180=ORIENTED_EDGE('',*,*,#106920,.T.);
#107190=ORIENTED_EDGE('',*,*,#106230,.T.);
#107200=ORIENTED_EDGE('',*,*,#70350,.T.);
#107210=EDGE_LOOP('',(#107200,#107190,#107180,#107170,#107160));
#107220=FACE_OUTER_BOUND('',#107210,.T.);
#107230=ADVANCED_FACE('',(#107220),#107150,.T.);
#107240=COLOUR_RGB('',0.94901967048645,0.94901967048645,1.);
#107250=FILL_AREA_STYLE_COLOUR('',#107240);
#107260=FILL_AREA_STYLE('',(#107250));
#107270=SURFACE_STYLE_FILL_AREA(#107260);
#107280=SURFACE_SIDE_STYLE('',(#107270));
#107290=SURFACE_STYLE_USAGE(.BOTH.,#107280);
#107300=PRESENTATION_STYLE_ASSIGNMENT((#107290));
#107310=CARTESIAN_POINT('',(6.44448622479352,9.31602665613693,
-33.7347499608719));
#107320=DIRECTION('',(-0.707106781276353,-1.86289616144384E-11,
0.707106781096742));
#107330=DIRECTION('',(-0.707106781096742,1.86289616157616E-11,
-0.707106781276353));
#107340=AXIS2_PLACEMENT_3D('',#107310,#107320,#107330);
#107350=PLANE('',#107340);
#107360=ORIENTED_EDGE('',*,*,#70030,.F.);
#107370=CARTESIAN_POINT('',(6.29448622481257,9.31602665614089,
-33.8847499608909));
#107380=DIRECTION('',(2.41027505800881E-21,-1.,-2.63453301690022E-11));
#107390=VECTOR('',#107380,1.);
#107400=LINE('',#107370,#107390);
#107410=EDGE_CURVE('',#69940,#104910,#107400,.T.);
#107420=ORIENTED_EDGE('',*,*,#107410,.F.);
#107430=ORIENTED_EDGE('',*,*,#104920,.F.);
#107440=CARTESIAN_POINT('',(7.86948622461254,11.4160266560994,
-32.3097499606356));
#107450=DIRECTION('',(0.331294578182464,0.883452208590044,
0.33129457828989));
#107460=VECTOR('',#107450,1.);
#107470=LINE('',#107440,#107460);
#107480=CARTESIAN_POINT('',(6.59448603579886,8.01602615219801,
-33.5847501498627));
#107490=VERTEX_POINT('',#107480);
#107500=EDGE_CURVE('',#104810,#107490,#107470,.T.);
#107510=ORIENTED_EDGE('',*,*,#107500,.F.);
#107520=CARTESIAN_POINT('',(6.59448622477447,9.31602665613298,
-33.5847499608528));
#107530=DIRECTION('',(2.41027505800881E-21,-1.,-2.63453301690022E-11));
#107540=VECTOR('',#107530,1.);
#107550=LINE('',#107520,#107540);
#107560=EDGE_CURVE('',#70020,#107490,#107550,.T.);
#107570=ORIENTED_EDGE('',*,*,#107560,.T.);
#107580=EDGE_LOOP('',(#107570,#107510,#107430,#107420,#107360));
#107590=FACE_OUTER_BOUND('',#107580,.T.);
#107600=ADVANCED_FACE('',(#107590),#107350,.F.);
#107610=COLOUR_RGB('',0.94901967048645,0.94901967048645,1.);
#107620=FILL_AREA_STYLE_COLOUR('',#107610);
#107630=FILL_AREA_STYLE('',(#107620));
#107640=SURFACE_STYLE_FILL_AREA(#107630);
#107650=SURFACE_SIDE_STYLE('',(#107640));
#107660=SURFACE_STYLE_USAGE(.BOTH.,#107650);
#107670=PRESENTATION_STYLE_ASSIGNMENT((#107660));
#107680=CARTESIAN_POINT('',(6.44448622471732,7.61602665612113,
-33.1347499609185));
#107690=DIRECTION('',(-0.936329177569044,0.351123441588392,
-1.09666790055046E-10));
#107700=DIRECTION('',(0.351123441588392,0.936329177569045,
6.92618712250899E-11));
#107710=AXIS2_PLACEMENT_3D('',#107680,#107690,#107700);
#107720=PLANE('',#107710);
#107730=ORIENTED_EDGE('',*,*,#105700,.F.);
#107740=ORIENTED_EDGE('',*,*,#104380,.F.);
#107750=CARTESIAN_POINT('',(6.59448603570809,8.01602615215665,
-32.9422496767415));
#107760=DIRECTION('',(-1.41260273725448E-10,-6.4362908278773E-11,1.));
#107770=VECTOR('',#107760,1.);
#107780=LINE('',#107750,#107770);
#107790=EDGE_CURVE('',#107490,#104370,#107780,.T.);
#107800=ORIENTED_EDGE('',*,*,#107790,.T.);
#107810=ORIENTED_EDGE('',*,*,#107500,.T.);
#107820=ORIENTED_EDGE('',*,*,#104840,.F.);
#107830=CARTESIAN_POINT('',(6.29448622471732,7.21602665612113,
-33.1347499609481));
#107840=DIRECTION('',(1.27003681934284E-10,2.63453301690022E-11,-1.));
#107850=VECTOR('',#107840,1.);
#107860=LINE('',#107830,#107850);
#107870=EDGE_CURVE('',#105690,#104830,#107860,.T.);
#107880=ORIENTED_EDGE('',*,*,#107870,.T.);
#107890=EDGE_LOOP('',(#107880,#107820,#107810,#107800,#107740,#107730));
#107900=FACE_OUTER_BOUND('',#107890,.T.);
#107910=ADVANCED_FACE('',(#107900),#107720,.F.);
#107920=COLOUR_RGB('',0.94901967048645,0.94901967048645,1.);
#107930=FILL_AREA_STYLE_COLOUR('',#107920);
#107940=FILL_AREA_STYLE('',(#107930));
#107950=SURFACE_STYLE_FILL_AREA(#107940);
#107960=SURFACE_SIDE_STYLE('',(#107950));
#107970=SURFACE_STYLE_USAGE(.BOTH.,#107960);
#107980=PRESENTATION_STYLE_ASSIGNMENT((#107970));
#107990=CARTESIAN_POINT('',(5.99448622471443,7.21602665612113,
-33.134749960995));
#108000=DIRECTION('',(2.41027553748218E-21,-1.,-2.63453301690022E-11));
#108010=DIRECTION('',(-1.,9.35678395755463E-22,-1.27003681934284E-10));
#108020=AXIS2_PLACEMENT_3D('',#107990,#108000,#108010);
#108030=PLANE('',#108020);
#108040=ORIENTED_EDGE('',*,*,#105760,.F.);
#108050=ORIENTED_EDGE('',*,*,#107870,.F.);
#108060=ORIENTED_EDGE('',*,*,#105220,.F.);
#108070=ORIENTED_EDGE('',*,*,#106990,.F.);
#108080=EDGE_LOOP('',(#108070,#108060,#108050,#108040));
#108090=FACE_OUTER_BOUND('',#108080,.T.);
#108100=ADVANCED_FACE('',(#108090),#108030,.T.);
#108110=COLOUR_RGB('',0.94901967048645,0.94901967048645,1.);
#108120=FILL_AREA_STYLE_COLOUR('',#108110);
#108130=FILL_AREA_STYLE('',(#108120));
#108140=SURFACE_STYLE_FILL_AREA(#108130);
#108150=SURFACE_SIDE_STYLE('',(#108140));
#108160=SURFACE_STYLE_USAGE(.BOTH.,#108150);
#108170=PRESENTATION_STYLE_ASSIGNMENT((#108160));
#108180=CARTESIAN_POINT('',(6.59448622481257,11.4160266561409,
-33.8847499607975));
#108190=DIRECTION('',(1.27003681934284E-10,2.63453301690022E-11,-1.));
#108200=DIRECTION('',(-1.,9.35678395755463E-22,-1.27003681934284E-10));
#108210=AXIS2_PLACEMENT_3D('',#108180,#108190,#108200);
#108220=PLANE('',#108210);
#108230=ORIENTED_EDGE('',*,*,#69950,.T.);
#108240=ORIENTED_EDGE('',*,*,#106660,.F.);
#108250=ORIENTED_EDGE('',*,*,#105000,.T.);
#108260=ORIENTED_EDGE('',*,*,#107410,.T.);
#108270=EDGE_LOOP('',(#108260,#108250,#108240,#108230));
#108280=FACE_OUTER_BOUND('',#108270,.T.);
#108290=ADVANCED_FACE('',(#108280),#108220,.T.);
#108300=COLOUR_RGB('',0.94901967048645,0.94901967048645,1.);
#108310=FILL_AREA_STYLE_COLOUR('',#108300);
#108320=FILL_AREA_STYLE('',(#108310));
#108330=SURFACE_STYLE_FILL_AREA(#108320);
#108340=SURFACE_SIDE_STYLE('',(#108330));
#108350=SURFACE_STYLE_USAGE(.BOTH.,#108340);
#108360=PRESENTATION_STYLE_ASSIGNMENT((#108350));
#108370=CARTESIAN_POINT('',(6.59448603573916,14.8868601214474,
-33.1347499607346));
#108380=DIRECTION('',(-1.,5.6225080837087E-13,-1.41260273725412E-10));
#108390=DIRECTION('',(-1.41260273725428E-10,-3.00736980939285E-11,1.));
#108400=AXIS2_PLACEMENT_3D('',#108370,#108380,#108390);
#108410=PLANE('',#108400);
#108420=ORIENTED_EDGE('',*,*,#107560,.F.);
#108430=ORIENTED_EDGE('',*,*,#107790,.F.);
#108440=ORIENTED_EDGE('',*,*,#104590,.T.);
#108450=ORIENTED_EDGE('',*,*,#70110,.F.);
#108460=EDGE_LOOP('',(#108450,#108440,#108430,#108420));
#108470=FACE_OUTER_BOUND('',#108460,.T.);
#108480=ADVANCED_FACE('',(#108470),#108410,.F.);
#108490=COLOUR_RGB('',0.94901967048645,0.94901967048645,1.);
#108500=FILL_AREA_STYLE_COLOUR('',#108490);
#108510=FILL_AREA_STYLE('',(#108500));
#108520=SURFACE_STYLE_FILL_AREA(#108510);
#108530=SURFACE_SIDE_STYLE('',(#108520));
#108540=SURFACE_STYLE_USAGE(.BOTH.,#108530);
#108550=PRESENTATION_STYLE_ASSIGNMENT((#108540));
#108560=ORIENTED_EDGE('',*,*,#62700,.T.);
#108570=ORIENTED_EDGE('',*,*,#58480,.F.);
#108580=ORIENTED_EDGE('',*,*,#54550,.F.);
#108590=ORIENTED_EDGE('',*,*,#55940,.T.);
#108600=EDGE_LOOP('',(#108590,#108580,#108570,#108560));
#108610=FACE_OUTER_BOUND('',#108600,.T.);
#108620=ADVANCED_FACE('',(#108610),#55780,.T.);
#108630=COLOUR_RGB('',1.,0.709803938865662,0.);
#108640=FILL_AREA_STYLE_COLOUR('',#108630);
#108650=FILL_AREA_STYLE('',(#108640));
#108660=SURFACE_STYLE_FILL_AREA(#108650);
#108670=SURFACE_SIDE_STYLE('',(#108660));
#108680=SURFACE_STYLE_USAGE(.BOTH.,#108670);
#108690=PRESENTATION_STYLE_ASSIGNMENT((#108680));
#108700=ORIENTED_EDGE('',*,*,#55280,.T.);
#108710=ORIENTED_EDGE('',*,*,#18700,.T.);
#108720=ORIENTED_EDGE('',*,*,#62810,.F.);
#108730=ORIENTED_EDGE('',*,*,#36410,.F.);
#108740=EDGE_LOOP('',(#108730,#108720,#108710,#108700));
#108750=FACE_OUTER_BOUND('',#108740,.T.);
#108760=ADVANCED_FACE('',(#108750),#36320,.F.);
#108770=COLOUR_RGB('',1.,0.709803938865662,0.);
#108780=FILL_AREA_STYLE_COLOUR('',#108770);
#108790=FILL_AREA_STYLE('',(#108780));
#108800=SURFACE_STYLE_FILL_AREA(#108790);
#108810=SURFACE_SIDE_STYLE('',(#108800));
#108820=SURFACE_STYLE_USAGE(.BOTH.,#108810);
#108830=PRESENTATION_STYLE_ASSIGNMENT((#108820));
#108840=ORIENTED_EDGE('',*,*,#62340,.T.);
#108850=ORIENTED_EDGE('',*,*,#63140,.F.);
#108860=ORIENTED_EDGE('',*,*,#55100,.F.);
#108870=ORIENTED_EDGE('',*,*,#63440,.T.);
#108880=EDGE_LOOP('',(#108870,#108860,#108850,#108840));
#108890=FACE_OUTER_BOUND('',#108880,.T.);
#108900=ADVANCED_FACE('',(#108890),#63380,.T.);
#108910=COLOUR_RGB('',1.,0.709803938865662,0.);
#108920=FILL_AREA_STYLE_COLOUR('',#108910);
#108930=FILL_AREA_STYLE('',(#108920));
#108940=SURFACE_STYLE_FILL_AREA(#108930);
#108950=SURFACE_SIDE_STYLE('',(#108940));
#108960=SURFACE_STYLE_USAGE(.BOTH.,#108950);
#108970=PRESENTATION_STYLE_ASSIGNMENT((#108960));
#108980=ORIENTED_EDGE('',*,*,#22140,.T.);
#108990=ORIENTED_EDGE('',*,*,#21770,.F.);
#109000=ORIENTED_EDGE('',*,*,#25800,.F.);
#109010=ORIENTED_EDGE('',*,*,#23110,.T.);
#109020=EDGE_LOOP('',(#109010,#109000,#108990,#108980));
#109030=FACE_OUTER_BOUND('',#109020,.T.);
#109040=ADVANCED_FACE('',(#109030),#23030,.T.);
#109050=COLOUR_RGB('',1.,0.709803938865662,0.);
#109060=FILL_AREA_STYLE_COLOUR('',#109050);
#109070=FILL_AREA_STYLE('',(#109060));
#109080=SURFACE_STYLE_FILL_AREA(#109070);
#109090=SURFACE_SIDE_STYLE('',(#109080));
#109100=SURFACE_STYLE_USAGE(.BOTH.,#109090);
#109110=PRESENTATION_STYLE_ASSIGNMENT((#109100));
#109120=ORIENTED_EDGE('',*,*,#29220,.F.);
#109130=ORIENTED_EDGE('',*,*,#43430,.T.);
#109140=ORIENTED_EDGE('',*,*,#40360,.T.);
#109150=ORIENTED_EDGE('',*,*,#43230,.F.);
#109160=EDGE_LOOP('',(#109150,#109140,#109130,#109120));
#109170=FACE_OUTER_BOUND('',#109160,.T.);
#109180=ADVANCED_FACE('',(#109170),#43170,.T.);
#109190=COLOUR_RGB('',1.,0.709803938865662,0.);
#109200=FILL_AREA_STYLE_COLOUR('',#109190);
#109210=FILL_AREA_STYLE('',(#109200));
#109220=SURFACE_STYLE_FILL_AREA(#109210);
#109230=SURFACE_SIDE_STYLE('',(#109220));
#109240=SURFACE_STYLE_USAGE(.BOTH.,#109230);
#109250=PRESENTATION_STYLE_ASSIGNMENT((#109240));
#109260=ORIENTED_EDGE('',*,*,#97940,.T.);
#109270=ORIENTED_EDGE('',*,*,#99590,.F.);
#109280=ORIENTED_EDGE('',*,*,#94330,.F.);
#109290=ORIENTED_EDGE('',*,*,#73760,.T.);
#109300=EDGE_LOOP('',(#109290,#109280,#109270,#109260));
#109310=FACE_OUTER_BOUND('',#109300,.T.);
#109320=ADVANCED_FACE('',(#109310),#73580,.T.);
#109330=COLOUR_RGB('',1.,0.709803938865662,0.);
#109340=FILL_AREA_STYLE_COLOUR('',#109330);
#109350=FILL_AREA_STYLE('',(#109340));
#109360=SURFACE_STYLE_FILL_AREA(#109350);
#109370=SURFACE_SIDE_STYLE('',(#109360));
#109380=SURFACE_STYLE_USAGE(.BOTH.,#109370);
#109390=PRESENTATION_STYLE_ASSIGNMENT((#109380));
#109400=ORIENTED_EDGE('',*,*,#94260,.F.);
#109410=ORIENTED_EDGE('',*,*,#90930,.T.);
#109420=ORIENTED_EDGE('',*,*,#97990,.T.);
#109430=ORIENTED_EDGE('',*,*,#93990,.F.);
#109440=EDGE_LOOP('',(#109430,#109420,#109410,#109400));
#109450=FACE_OUTER_BOUND('',#109440,.T.);
#109460=ADVANCED_FACE('',(#109450),#93830,.T.);
#109470=COLOUR_RGB('',1.,0.709803938865662,0.);
#109480=FILL_AREA_STYLE_COLOUR('',#109470);
#109490=FILL_AREA_STYLE('',(#109480));
#109500=SURFACE_STYLE_FILL_AREA(#109490);
#109510=SURFACE_SIDE_STYLE('',(#109500));
#109520=SURFACE_STYLE_USAGE(.BOTH.,#109510);
#109530=PRESENTATION_STYLE_ASSIGNMENT((#109520));
#109540=ORIENTED_EDGE('',*,*,#24750,.F.);
#109550=ORIENTED_EDGE('',*,*,#76000,.T.);
#109560=ORIENTED_EDGE('',*,*,#92190,.T.);
#109570=ORIENTED_EDGE('',*,*,#93450,.F.);
#109580=EDGE_LOOP('',(#109570,#109560,#109550,#109540));
#109590=FACE_OUTER_BOUND('',#109580,.T.);
#109600=ADVANCED_FACE('',(#109590),#93390,.T.);
#109610=COLOUR_RGB('',0.501960813999176,1.,0.501960813999176);
#109620=FILL_AREA_STYLE_COLOUR('',#109610);
#109630=FILL_AREA_STYLE('',(#109620));
#109640=SURFACE_STYLE_FILL_AREA(#109630);
#109650=SURFACE_SIDE_STYLE('',(#109640));
#109660=SURFACE_STYLE_USAGE(.BOTH.,#109650);
#109670=PRESENTATION_STYLE_ASSIGNMENT((#109660));
#109680=ORIENTED_EDGE('',*,*,#60850,.T.);
#109690=ORIENTED_EDGE('',*,*,#61230,.T.);
#109700=ORIENTED_EDGE('',*,*,#60940,.F.);
#109710=ORIENTED_EDGE('',*,*,#58810,.T.);
#109720=ORIENTED_EDGE('',*,*,#56560,.T.);
#109730=ORIENTED_EDGE('',*,*,#58870,.T.);
#109740=EDGE_LOOP('',(#109730,#109720,#109710,#109700,#109690,#109680));
#109750=FACE_OUTER_BOUND('',#109740,.T.);
#109760=ADVANCED_FACE('',(#109750),#60780,.F.);
#109770=COLOUR_RGB('',1.,0.709803938865662,0.);
#109780=FILL_AREA_STYLE_COLOUR('',#109770);
#109790=FILL_AREA_STYLE('',(#109780));
#109800=SURFACE_STYLE_FILL_AREA(#109790);
#109810=SURFACE_SIDE_STYLE('',(#109800));
#109820=SURFACE_STYLE_USAGE(.BOTH.,#109810);
#109830=PRESENTATION_STYLE_ASSIGNMENT((#109820));
#109840=ORIENTED_EDGE('',*,*,#39710,.T.);
#109850=ORIENTED_EDGE('',*,*,#44190,.F.);
#109860=ORIENTED_EDGE('',*,*,#30080,.F.);
#109870=ORIENTED_EDGE('',*,*,#39300,.T.);
#109880=EDGE_LOOP('',(#109870,#109860,#109850,#109840));
#109890=FACE_OUTER_BOUND('',#109880,.T.);
#109900=ADVANCED_FACE('',(#109890),#39080,.T.);
#109910=COLOUR_RGB('',1.,0.709803938865662,0.);
#109920=FILL_AREA_STYLE_COLOUR('',#109910);
#109930=FILL_AREA_STYLE('',(#109920));
#109940=SURFACE_STYLE_FILL_AREA(#109930);
#109950=SURFACE_SIDE_STYLE('',(#109940));
#109960=SURFACE_STYLE_USAGE(.BOTH.,#109950);
#109970=PRESENTATION_STYLE_ASSIGNMENT((#109960));
#109980=ORIENTED_EDGE('',*,*,#25520,.F.);
#109990=ORIENTED_EDGE('',*,*,#19150,.T.);
#110000=ORIENTED_EDGE('',*,*,#22600,.T.);
#110010=ORIENTED_EDGE('',*,*,#7300,.F.);
#110020=EDGE_LOOP('',(#110010,#110000,#109990,#109980));
#110030=FACE_OUTER_BOUND('',#110020,.T.);
#110040=ADVANCED_FACE('',(#110030),#7120,.T.);
#110050=COLOUR_RGB('',1.,0.709803938865662,0.);
#110060=FILL_AREA_STYLE_COLOUR('',#110050);
#110070=FILL_AREA_STYLE('',(#110060));
#110080=SURFACE_STYLE_FILL_AREA(#110070);
#110090=SURFACE_SIDE_STYLE('',(#110080));
#110100=SURFACE_STYLE_USAGE(.BOTH.,#110090);
#110110=PRESENTATION_STYLE_ASSIGNMENT((#110100));
#110120=ORIENTED_EDGE('',*,*,#22350,.T.);
#110130=ORIENTED_EDGE('',*,*,#23500,.F.);
#110140=ORIENTED_EDGE('',*,*,#25760,.F.);
#110150=ORIENTED_EDGE('',*,*,#23840,.T.);
#110160=EDGE_LOOP('',(#110150,#110140,#110130,#110120));
#110170=FACE_OUTER_BOUND('',#110160,.T.);
#110180=ADVANCED_FACE('',(#110170),#23680,.T.);
#110190=COLOUR_RGB('',1.,0.709803938865662,0.);
#110200=FILL_AREA_STYLE_COLOUR('',#110190);
#110210=FILL_AREA_STYLE('',(#110200));
#110220=SURFACE_STYLE_FILL_AREA(#110210);
#110230=SURFACE_SIDE_STYLE('',(#110220));
#110240=SURFACE_STYLE_USAGE(.BOTH.,#110230);
#110250=PRESENTATION_STYLE_ASSIGNMENT((#110240));
#110260=ORIENTED_EDGE('',*,*,#97490,.T.);
#110270=ORIENTED_EDGE('',*,*,#98300,.F.);
#110280=ORIENTED_EDGE('',*,*,#94920,.F.);
#110290=ORIENTED_EDGE('',*,*,#98550,.T.);
#110300=EDGE_LOOP('',(#110290,#110280,#110270,#110260));
#110310=FACE_OUTER_BOUND('',#110300,.T.);
#110320=ADVANCED_FACE('',(#110310),#98490,.T.);
#110330=COLOUR_RGB('',1.,0.709803938865662,0.);
#110340=FILL_AREA_STYLE_COLOUR('',#110330);
#110350=FILL_AREA_STYLE('',(#110340));
#110360=SURFACE_STYLE_FILL_AREA(#110350);
#110370=SURFACE_SIDE_STYLE('',(#110360));
#110380=SURFACE_STYLE_USAGE(.BOTH.,#110370);
#110390=PRESENTATION_STYLE_ASSIGNMENT((#110380));
#110400=ORIENTED_EDGE('',*,*,#85960,.F.);
#110410=ORIENTED_EDGE('',*,*,#84530,.F.);
#110420=ORIENTED_EDGE('',*,*,#80720,.T.);
#110430=ORIENTED_EDGE('',*,*,#84130,.F.);
#110440=EDGE_LOOP('',(#110430,#110420,#110410,#110400));
#110450=FACE_OUTER_BOUND('',#110440,.T.);
#110460=ADVANCED_FACE('',(#110450),#83990,.T.);
#110470=COLOUR_RGB('',0.501960813999176,1.,0.501960813999176);
#110480=FILL_AREA_STYLE_COLOUR('',#110470);
#110490=FILL_AREA_STYLE('',(#110480));
#110500=SURFACE_STYLE_FILL_AREA(#110490);
#110510=SURFACE_SIDE_STYLE('',(#110500));
#110520=SURFACE_STYLE_USAGE(.BOTH.,#110510);
#110530=PRESENTATION_STYLE_ASSIGNMENT((#110520));
#110540=ORIENTED_EDGE('',*,*,#41480,.T.);
#110550=ORIENTED_EDGE('',*,*,#41860,.T.);
#110560=ORIENTED_EDGE('',*,*,#41570,.F.);
#110570=ORIENTED_EDGE('',*,*,#32600,.T.);
#110580=ORIENTED_EDGE('',*,*,#35270,.T.);
#110590=ORIENTED_EDGE('',*,*,#32680,.T.);
#110600=EDGE_LOOP('',(#110590,#110580,#110570,#110560,#110550,#110540));
#110610=FACE_OUTER_BOUND('',#110600,.T.);
#110620=ADVANCED_FACE('',(#110610),#41410,.F.);
#110630=COLOUR_RGB('',1.,0.709803938865662,0.);
#110640=FILL_AREA_STYLE_COLOUR('',#110630);
#110650=FILL_AREA_STYLE('',(#110640));
#110660=SURFACE_STYLE_FILL_AREA(#110650);
#110670=SURFACE_SIDE_STYLE('',(#110660));
#110680=SURFACE_STYLE_USAGE(.BOTH.,#110670);
#110690=PRESENTATION_STYLE_ASSIGNMENT((#110680));
#110700=ORIENTED_EDGE('',*,*,#24140,.F.);
#110710=ORIENTED_EDGE('',*,*,#8470,.T.);
#110720=ORIENTED_EDGE('',*,*,#92290,.T.);
#110730=ORIENTED_EDGE('',*,*,#20180,.F.);
#110740=EDGE_LOOP('',(#110730,#110720,#110710,#110700));
#110750=FACE_OUTER_BOUND('',#110740,.T.);
#110760=ADVANCED_FACE('',(#110750),#19890,.T.);
#110770=COLOUR_RGB('',0.501960813999176,1.,0.501960813999176);
#110780=FILL_AREA_STYLE_COLOUR('',#110770);
#110790=FILL_AREA_STYLE('',(#110780));
#110800=SURFACE_STYLE_FILL_AREA(#110790);
#110810=SURFACE_SIDE_STYLE('',(#110800));
#110820=SURFACE_STYLE_USAGE(.BOTH.,#110810);
#110830=PRESENTATION_STYLE_ASSIGNMENT((#110820));
#110840=ORIENTED_EDGE('',*,*,#13490,.T.);
#110850=ORIENTED_EDGE('',*,*,#13260,.T.);
#110860=ORIENTED_EDGE('',*,*,#13560,.F.);
#110870=ORIENTED_EDGE('',*,*,#11770,.T.);
#110880=ORIENTED_EDGE('',*,*,#20960,.T.);
#110890=ORIENTED_EDGE('',*,*,#11850,.T.);
#110900=EDGE_LOOP('',(#110890,#110880,#110870,#110860,#110850,#110840));
#110910=FACE_OUTER_BOUND('',#110900,.T.);
#110920=ADVANCED_FACE('',(#110910),#13440,.F.);
#110930=COLOUR_RGB('',1.,0.709803938865662,0.);
#110940=FILL_AREA_STYLE_COLOUR('',#110930);
#110950=FILL_AREA_STYLE('',(#110940));
#110960=SURFACE_STYLE_FILL_AREA(#110950);
#110970=SURFACE_SIDE_STYLE('',(#110960));
#110980=SURFACE_STYLE_USAGE(.BOTH.,#110970);
#110990=PRESENTATION_STYLE_ASSIGNMENT((#110980));
#111000=ORIENTED_EDGE('',*,*,#40110,.T.);
#111010=ORIENTED_EDGE('',*,*,#32180,.F.);
#111020=ORIENTED_EDGE('',*,*,#29470,.F.);
#111030=ORIENTED_EDGE('',*,*,#42750,.T.);
#111040=EDGE_LOOP('',(#111030,#111020,#111010,#111000));
#111050=FACE_OUTER_BOUND('',#111040,.T.);
#111060=ADVANCED_FACE('',(#111050),#42690,.T.);
#111070=COLOUR_RGB('',1.,0.709803938865662,0.);
#111080=FILL_AREA_STYLE_COLOUR('',#111070);
#111090=FILL_AREA_STYLE('',(#111080));
#111100=SURFACE_STYLE_FILL_AREA(#111090);
#111110=SURFACE_SIDE_STYLE('',(#111100));
#111120=SURFACE_STYLE_USAGE(.BOTH.,#111110);
#111130=PRESENTATION_STYLE_ASSIGNMENT((#111120));
#111140=ORIENTED_EDGE('',*,*,#54300,.F.);
#111150=ORIENTED_EDGE('',*,*,#62070,.T.);
#111160=ORIENTED_EDGE('',*,*,#62750,.T.);
#111170=ORIENTED_EDGE('',*,*,#61740,.F.);
#111180=EDGE_LOOP('',(#111170,#111160,#111150,#111140));
#111190=FACE_OUTER_BOUND('',#111180,.T.);
#111200=ADVANCED_FACE('',(#111190),#61660,.T.);
#111210=COLOUR_RGB('',1.,0.709803938865662,0.);
#111220=FILL_AREA_STYLE_COLOUR('',#111210);
#111230=FILL_AREA_STYLE('',(#111220));
#111240=SURFACE_STYLE_FILL_AREA(#111230);
#111250=SURFACE_SIDE_STYLE('',(#111240));
#111260=SURFACE_STYLE_USAGE(.BOTH.,#111250);
#111270=PRESENTATION_STYLE_ASSIGNMENT((#111260));
#111280=ORIENTED_EDGE('',*,*,#28510,.T.);
#111290=ORIENTED_EDGE('',*,*,#46520,.T.);
#111300=ORIENTED_EDGE('',*,*,#28680,.F.);
#111310=ORIENTED_EDGE('',*,*,#99650,.T.);
#111320=ORIENTED_EDGE('',*,*,#9110,.T.);
#111330=ORIENTED_EDGE('',*,*,#99680,.T.);
#111340=EDGE_LOOP('',(#111330,#111320,#111310,#111300,#111290,#111280));
#111350=FACE_OUTER_BOUND('',#111340,.T.);
#111360=ADVANCED_FACE('',(#111350),#28420,.F.);
#111370=COLOUR_RGB('',1.,0.709803938865662,0.);
#111380=FILL_AREA_STYLE_COLOUR('',#111370);
#111390=FILL_AREA_STYLE('',(#111380));
#111400=SURFACE_STYLE_FILL_AREA(#111390);
#111410=SURFACE_SIDE_STYLE('',(#111400));
#111420=SURFACE_STYLE_USAGE(.BOTH.,#111410);
#111430=PRESENTATION_STYLE_ASSIGNMENT((#111420));
#111440=ORIENTED_EDGE('',*,*,#81390,.T.);
#111450=ORIENTED_EDGE('',*,*,#86270,.F.);
#111460=ORIENTED_EDGE('',*,*,#86550,.F.);
#111470=ORIENTED_EDGE('',*,*,#86360,.T.);
#111480=EDGE_LOOP('',(#111470,#111460,#111450,#111440));
#111490=FACE_OUTER_BOUND('',#111480,.T.);
#111500=ADVANCED_FACE('',(#111490),#86200,.T.);
#111510=COLOUR_RGB('',0.501960813999176,1.,0.501960813999176);
#111520=FILL_AREA_STYLE_COLOUR('',#111510);
#111530=FILL_AREA_STYLE('',(#111520));
#111540=SURFACE_STYLE_FILL_AREA(#111530);
#111550=SURFACE_SIDE_STYLE('',(#111540));
#111560=SURFACE_STYLE_USAGE(.BOTH.,#111550);
#111570=PRESENTATION_STYLE_ASSIGNMENT((#111560));
#111580=ORIENTED_EDGE('',*,*,#62550,.T.);
#111590=ORIENTED_EDGE('',*,*,#63680,.F.);
#111600=ORIENTED_EDGE('',*,*,#54890,.F.);
#111610=ORIENTED_EDGE('',*,*,#63930,.T.);
#111620=EDGE_LOOP('',(#111610,#111600,#111590,#111580));
#111630=FACE_OUTER_BOUND('',#111620,.T.);
#111640=ADVANCED_FACE('',(#111630),#63860,.T.);
#111650=COLOUR_RGB('',1.,0.709803938865662,0.);
#111660=FILL_AREA_STYLE_COLOUR('',#111650);
#111670=FILL_AREA_STYLE('',(#111660));
#111680=SURFACE_STYLE_FILL_AREA(#111670);
#111690=SURFACE_SIDE_STYLE('',(#111680));
#111700=SURFACE_STYLE_USAGE(.BOTH.,#111690);
#111710=PRESENTATION_STYLE_ASSIGNMENT((#111700));
#111720=ORIENTED_EDGE('',*,*,#39570,.T.);
#111730=ORIENTED_EDGE('',*,*,#43650,.F.);
#111740=ORIENTED_EDGE('',*,*,#30290,.F.);
#111750=ORIENTED_EDGE('',*,*,#43950,.T.);
#111760=EDGE_LOOP('',(#111750,#111740,#111730,#111720));
#111770=FACE_OUTER_BOUND('',#111760,.T.);
#111780=ADVANCED_FACE('',(#111770),#43890,.T.);
#111790=COLOUR_RGB('',1.,0.709803938865662,0.);
#111800=FILL_AREA_STYLE_COLOUR('',#111790);
#111810=FILL_AREA_STYLE('',(#111800));
#111820=SURFACE_STYLE_FILL_AREA(#111810);
#111830=SURFACE_SIDE_STYLE('',(#111820));
#111840=SURFACE_STYLE_USAGE(.BOTH.,#111830);
#111850=PRESENTATION_STYLE_ASSIGNMENT((#111840));
#111860=ORIENTED_EDGE('',*,*,#25990,.T.);
#111870=ORIENTED_EDGE('',*,*,#26300,.T.);
#111880=ORIENTED_EDGE('',*,*,#22830,.F.);
#111890=ORIENTED_EDGE('',*,*,#26540,.F.);
#111900=EDGE_LOOP('',(#111890,#111880,#111870,#111860));
#111910=FACE_OUTER_BOUND('',#111900,.T.);
#111920=ADVANCED_FACE('',(#111910),#26490,.F.);
#111930=COLOUR_RGB('',1.,0.709803938865662,0.);
#111940=FILL_AREA_STYLE_COLOUR('',#111930);
#111950=FILL_AREA_STYLE('',(#111940));
#111960=SURFACE_STYLE_FILL_AREA(#111950);
#111970=SURFACE_SIDE_STYLE('',(#111960));
#111980=SURFACE_STYLE_USAGE(.BOTH.,#111970);
#111990=PRESENTATION_STYLE_ASSIGNMENT((#111980));
#112000=ORIENTED_EDGE('',*,*,#90610,.T.);
#112010=ORIENTED_EDGE('',*,*,#89550,.F.);
#112020=ORIENTED_EDGE('',*,*,#82090,.F.);
#112030=ORIENTED_EDGE('',*,*,#89140,.F.);
#112040=EDGE_LOOP('',(#112030,#112020,#112010,#112000));
#112050=FACE_OUTER_BOUND('',#112040,.T.);
#112060=ADVANCED_FACE('',(#112050),#89000,.F.);
#112070=COLOUR_RGB('',0.501960813999176,1.,0.501960813999176);
#112080=FILL_AREA_STYLE_COLOUR('',#112070);
#112090=FILL_AREA_STYLE('',(#112080));
#112100=SURFACE_STYLE_FILL_AREA(#112090);
#112110=SURFACE_SIDE_STYLE('',(#112100));
#112120=SURFACE_STYLE_USAGE(.BOTH.,#112110);
#112130=PRESENTATION_STYLE_ASSIGNMENT((#112120));
#112140=ORIENTED_EDGE('',*,*,#95020,.T.);
#112150=ORIENTED_EDGE('',*,*,#70910,.T.);
#112160=ORIENTED_EDGE('',*,*,#98050,.F.);
#112170=ORIENTED_EDGE('',*,*,#75530,.F.);
#112180=EDGE_LOOP('',(#112170,#112160,#112150,#112140));
#112190=FACE_OUTER_BOUND('',#112180,.T.);
#112200=ADVANCED_FACE('',(#112190),#75440,.F.);
#112210=COLOUR_RGB('',1.,0.709803938865662,0.);
#112220=FILL_AREA_STYLE_COLOUR('',#112210);
#112230=FILL_AREA_STYLE('',(#112220));
#112240=SURFACE_STYLE_FILL_AREA(#112230);
#112250=SURFACE_SIDE_STYLE('',(#112240));
#112260=SURFACE_STYLE_USAGE(.BOTH.,#112250);
#112270=PRESENTATION_STYLE_ASSIGNMENT((#112260));
#112280=ORIENTED_EDGE('',*,*,#22550,.T.);
#112290=ORIENTED_EDGE('',*,*,#12130,.F.);
#112300=ORIENTED_EDGE('',*,*,#25570,.F.);
#112310=ORIENTED_EDGE('',*,*,#17830,.T.);
#112320=EDGE_LOOP('',(#112310,#112300,#112290,#112280));
#112330=FACE_OUTER_BOUND('',#112320,.T.);
#112340=ADVANCED_FACE('',(#112330),#17670,.T.);
#112350=COLOUR_RGB('',1.,0.709803938865662,0.);
#112360=FILL_AREA_STYLE_COLOUR('',#112350);
#112370=FILL_AREA_STYLE('',(#112360));
#112380=SURFACE_STYLE_FILL_AREA(#112370);
#112390=SURFACE_SIDE_STYLE('',(#112380));
#112400=SURFACE_STYLE_USAGE(.BOTH.,#112390);
#112410=PRESENTATION_STYLE_ASSIGNMENT((#112400));
#112420=ORIENTED_EDGE('',*,*,#30630,.T.);
#112430=ORIENTED_EDGE('',*,*,#44610,.T.);
#112440=ORIENTED_EDGE('',*,*,#40570,.F.);
#112450=ORIENTED_EDGE('',*,*,#44850,.F.);
#112460=EDGE_LOOP('',(#112450,#112440,#112430,#112420));
#112470=FACE_OUTER_BOUND('',#112460,.T.);
#112480=ADVANCED_FACE('',(#112470),#44800,.F.);
#112490=COLOUR_RGB('',1.,0.709803938865662,0.);
#112500=FILL_AREA_STYLE_COLOUR('',#112490);
#112510=FILL_AREA_STYLE('',(#112500));
#112520=SURFACE_STYLE_FILL_AREA(#112510);
#112530=SURFACE_SIDE_STYLE('',(#112520));
#112540=SURFACE_STYLE_USAGE(.BOTH.,#112530);
#112550=PRESENTATION_STYLE_ASSIGNMENT((#112540));
#112560=ORIENTED_EDGE('',*,*,#97700,.T.);
#112570=ORIENTED_EDGE('',*,*,#98790,.F.);
#112580=ORIENTED_EDGE('',*,*,#94710,.F.);
#112590=ORIENTED_EDGE('',*,*,#99090,.T.);
#112600=EDGE_LOOP('',(#112590,#112580,#112570,#112560));
#112610=FACE_OUTER_BOUND('',#112600,.T.);
#112620=ADVANCED_FACE('',(#112610),#98970,.T.);
#112630=COLOUR_RGB('',1.,0.709803938865662,0.);
#112640=FILL_AREA_STYLE_COLOUR('',#112630);
#112650=FILL_AREA_STYLE('',(#112640));
#112660=SURFACE_STYLE_FILL_AREA(#112650);
#112670=SURFACE_SIDE_STYLE('',(#112660));
#112680=SURFACE_STYLE_USAGE(.BOTH.,#112670);
#112690=PRESENTATION_STYLE_ASSIGNMENT((#112680));
#112700=ORIENTED_EDGE('',*,*,#24100,.F.);
#112710=ORIENTED_EDGE('',*,*,#15320,.T.);
#112720=ORIENTED_EDGE('',*,*,#92350,.T.);
#112730=ORIENTED_EDGE('',*,*,#14480,.F.);
#112740=EDGE_LOOP('',(#112730,#112720,#112710,#112700));
#112750=FACE_OUTER_BOUND('',#112740,.T.);
#112760=ADVANCED_FACE('',(#112750),#14210,.T.);
#112770=COLOUR_RGB('',0.501960813999176,1.,0.501960813999176);
#112780=FILL_AREA_STYLE_COLOUR('',#112770);
#112790=FILL_AREA_STYLE('',(#112780));
#112800=SURFACE_STYLE_FILL_AREA(#112790);
#112810=SURFACE_SIDE_STYLE('',(#112800));
#112820=SURFACE_STYLE_USAGE(.BOTH.,#112810);
#112830=PRESENTATION_STYLE_ASSIGNMENT((#112820));
#112840=ORIENTED_EDGE('',*,*,#24430,.F.);
#112850=ORIENTED_EDGE('',*,*,#71720,.T.);
#112860=ORIENTED_EDGE('',*,*,#92240,.T.);
#112870=ORIENTED_EDGE('',*,*,#27140,.F.);
#112880=EDGE_LOOP('',(#112870,#112860,#112850,#112840));
#112890=FACE_OUTER_BOUND('',#112880,.T.);
#112900=ADVANCED_FACE('',(#112890),#27060,.T.);
#112910=COLOUR_RGB('',0.501960813999176,1.,0.501960813999176);
#112920=FILL_AREA_STYLE_COLOUR('',#112910);
#112930=FILL_AREA_STYLE('',(#112920));
#112940=SURFACE_STYLE_FILL_AREA(#112930);
#112950=SURFACE_SIDE_STYLE('',(#112940));
#112960=SURFACE_STYLE_USAGE(.BOTH.,#112950);
#112970=PRESENTATION_STYLE_ASSIGNMENT((#112960));
#112980=ORIENTED_EDGE('',*,*,#86030,.T.);
#112990=ORIENTED_EDGE('',*,*,#82890,.F.);
#113000=ORIENTED_EDGE('',*,*,#81190,.F.);
#113010=ORIENTED_EDGE('',*,*,#85780,.F.);
#113020=EDGE_LOOP('',(#113010,#113000,#112990,#112980));
#113030=FACE_OUTER_BOUND('',#113020,.T.);
#113040=ADVANCED_FACE('',(#113030),#85640,.F.);
#113050=COLOUR_RGB('',0.501960813999176,1.,0.501960813999176);
#113060=FILL_AREA_STYLE_COLOUR('',#113050);
#113070=FILL_AREA_STYLE('',(#113060));
#113080=SURFACE_STYLE_FILL_AREA(#113070);
#113090=SURFACE_SIDE_STYLE('',(#113080));
#113100=SURFACE_STYLE_USAGE(.BOTH.,#113090);
#113110=PRESENTATION_STYLE_ASSIGNMENT((#113100));
#113120=CLOSED_SHELL('',(#480,#1780,#2180,#2560,#2960,#3430,#4460,#4930,
#5310,#5890,#6120,#6600,#7000,#7490,#7870,#8260,#8890,#9610,#9920,#10390
,#10950,#11190,#11360,#12400,#13000,#13320,#13620,#13950,#14710,#15180,
#15490,#15850,#16270,#16740,#17230,#17550,#17950,#18190,#18540,#18920,
#19250,#19630,#20480,#20720,#20850,#21080,#21370,#21560,#21940,#22910,
#23300,#23560,#23950,#25130,#25370,#26130,#26370,#26660,#26800,#27440,
#27840,#28300,#28830,#30770,#31150,#31470,#32740,#33200,#33600,#33830,
#33950,#34070,#34470,#34850,#35160,#35440,#35710,#36200,#36600,#37070,
#37580,#38400,#38620,#38740,#38960,#39350,#40760,#41000,#41360,#41720,
#41910,#42100,#42570,#42860,#43050,#43290,#43480,#43770,#44060,#44250,
#44490,#44680,#44920,#45620,#45790,#45980,#46450,#46570,#47040,#47590,
#48050,#48520,#48830,#49120,#49450,#49780,#50040,#50230,#50610,#51070,
#51450,#51850,#52160,#52460,#52720,#53110,#53370,#53610,#54000,#55340,
#55660,#56050,#56340,#56900,#57210,#57430,#57920,#58920,#59380,#59780,
#60010,#60130,#60250,#60470,#60660,#61090,#61280,#61540,#61860,#62120,
#62970,#63260,#63550,#63740,#63980,#64580,#65050,#65470,#65590,#65900,
#67070,#67380,#67770,#68380,#68680,#70530,#70770,#71170,#71600,#71920,
#72230,#72470,#72720,#73210,#73460,#73950,#74330,#74920,#75320,#75810,
#76200,#76440,#77590,#77970,#78290,#78600,#78920,#79230,#79550,#79860,
#80110,#82540,#82930,#83240,#83560,#83870,#84190,#84570,#84890,#85200,
#85520,#85840,#86080,#86470,#86600,#86990,#87300,#87620,#87930,#88250,
#88560,#88880,#89200,#89590,#89900,#90220,#90460,#90700,#91030,#91430,
#91820,#93200,#93510,#93710,#94110,#95080,#95460,#95840,#96020,#96620,
#96750,#96990,#97110,#97340,#98130,#98370,#98660,#98850,#99140,#99330,
#99730,#99930,#100240,#100630,#100940,#101330,#101640,#102020,#102340,
#102810,#103060,#103390,#103720,#103980,#104170,#104630,#105260,#105800,
#106040,#106420,#106720,#107030,#107230,#107600,#107910,#108100,#108290,
#108480,#108620,#108760,#108900,#109040,#109180,#109320,#109460,#109600,
#109760,#109900,#110040,#110180,#110320,#110460,#110620,#110760,#110920,
#111060,#111200,#111360,#111500,#111640,#111780,#111920,#112060,#112200,
#112340,#112480,#112620,#112760,#112900,#113040));
#113130=MANIFOLD_SOLID_BREP('',#113120);
#113140=CARTESIAN_POINT('',(0.,0.,0.));
#113150=DIRECTION('',(0.,0.,1.));
#113160=DIRECTION('',(1.,0.,0.));
#113170=AXIS2_PLACEMENT_3D('',#113140,#113150,#113160);
#113180=APPLICATION_CONTEXT(' ');
#113190=APPLICATION_PROTOCOL_DEFINITION(' ','automotive_design',1998,
#113180);
#113200=PRODUCT_CONTEXT('',#113180,'mechanical');
#113210=PRODUCT_DEFINITION_CONTEXT('part definition',#113180,'design');
#113220=PRODUCT('plh_5-4-7.5-zf','plh_5-4-7.5-zf','',(#113200));
#113230=PRODUCT_RELATED_PRODUCT_CATEGORY('part',' ',(#113220));
#113240=PRODUCT_DEFINITION_FORMATION_WITH_SPECIFIED_SOURCE('','',#113220
,.BOUGHT.);
#113250=PRODUCT_DEFINITION('',' ',#113240,#113210);
#113260=PRODUCT_DEFINITION_SHAPE('','',#113250);
#113270=DIMENSIONAL_EXPONENTS(1.,0.,0.,0.,0.,0.,0.);
#113280=DIMENSIONAL_EXPONENTS(0.,0.,0.,0.,0.,0.,0.);
#113290=DIMENSIONAL_EXPONENTS(0.,0.,0.,0.,0.,0.,0.);
#113300=(LENGTH_UNIT() NAMED_UNIT(*) SI_UNIT(.MILLI.,.METRE.));
#113310=(NAMED_UNIT(*) PLANE_ANGLE_UNIT() SI_UNIT($,.RADIAN.));
#113320=(NAMED_UNIT(*) SI_UNIT($,.STERADIAN.) SOLID_ANGLE_UNIT());
#113330=(GEOMETRIC_REPRESENTATION_CONTEXT(3) 
GLOBAL_UNCERTAINTY_ASSIGNED_CONTEXT((#113340)) 
GLOBAL_UNIT_ASSIGNED_CONTEXT((#113300,#113310,#113320)) 
REPRESENTATION_CONTEXT('',''));
#113340=UNCERTAINTY_MEASURE_WITH_UNIT(LENGTH_MEASURE(1.E-6),#113300,
'distance_accuracy_value','maximum gap value');
#113350=ADVANCED_BREP_SHAPE_REPRESENTATION('',(#113170,#113130),#113330)
;
#113360=SHAPE_DEFINITION_REPRESENTATION(#113260,#113350);
#113370=COLOUR_RGB('',0.501960813999176,1.,0.501960813999176);
#113380=FILL_AREA_STYLE_COLOUR('',#113370);
#113390=FILL_AREA_STYLE('',(#113380));
#113400=SURFACE_STYLE_FILL_AREA(#113390);
#113410=SURFACE_SIDE_STYLE('',(#113400));
#113420=SURFACE_STYLE_USAGE(.BOTH.,#113410);
#113430=PRESENTATION_STYLE_ASSIGNMENT((#113420));
#113440=STYLED_ITEM('',(#113430),#113130);
#113450=OVER_RIDING_STYLED_ITEM('',(#550),#480,#113440);
#113460=OVER_RIDING_STYLED_ITEM('',(#2250),#2180,#113440);
#113470=OVER_RIDING_STYLED_ITEM('',(#3030),#2960,#113440);
#113480=OVER_RIDING_STYLED_ITEM('',(#3500),#3430,#113440);
#113490=OVER_RIDING_STYLED_ITEM('',(#5000),#4930,#113440);
#113500=OVER_RIDING_STYLED_ITEM('',(#5380),#5310,#113440);
#113510=OVER_RIDING_STYLED_ITEM('',(#7070),#7000,#113440);
#113520=OVER_RIDING_STYLED_ITEM('',(#7560),#7490,#113440);
#113530=OVER_RIDING_STYLED_ITEM('',(#8330),#8260,#113440);
#113540=OVER_RIDING_STYLED_ITEM('',(#8960),#8890,#113440);
#113550=OVER_RIDING_STYLED_ITEM('',(#9680),#9610,#113440);
#113560=OVER_RIDING_STYLED_ITEM('',(#9990),#9920,#113440);
#113570=OVER_RIDING_STYLED_ITEM('',(#12470),#12400,#113440);
#113580=OVER_RIDING_STYLED_ITEM('',(#13070),#13000,#113440);
#113590=OVER_RIDING_STYLED_ITEM('',(#13390),#13320,#113440);
#113600=OVER_RIDING_STYLED_ITEM('',(#13690),#13620,#113440);
#113610=OVER_RIDING_STYLED_ITEM('',(#14020),#13950,#113440);
#113620=OVER_RIDING_STYLED_ITEM('',(#14780),#14710,#113440);
#113630=OVER_RIDING_STYLED_ITEM('',(#15560),#15490,#113440);
#113640=OVER_RIDING_STYLED_ITEM('',(#16340),#16270,#113440);
#113650=OVER_RIDING_STYLED_ITEM('',(#16810),#16740,#113440);
#113660=OVER_RIDING_STYLED_ITEM('',(#17300),#17230,#113440);
#113670=OVER_RIDING_STYLED_ITEM('',(#17620),#17550,#113440);
#113680=OVER_RIDING_STYLED_ITEM('',(#18020),#17950,#113440);
#113690=OVER_RIDING_STYLED_ITEM('',(#18610),#18540,#113440);
#113700=OVER_RIDING_STYLED_ITEM('',(#18990),#18920,#113440);
#113710=OVER_RIDING_STYLED_ITEM('',(#19320),#19250,#113440);
#113720=OVER_RIDING_STYLED_ITEM('',(#19700),#19630,#113440);
#113730=OVER_RIDING_STYLED_ITEM('',(#20550),#20480,#113440);
#113740=OVER_RIDING_STYLED_ITEM('',(#21150),#21080,#113440);
#113750=OVER_RIDING_STYLED_ITEM('',(#21440),#21370,#113440);
#113760=OVER_RIDING_STYLED_ITEM('',(#21630),#21560,#113440);
#113770=OVER_RIDING_STYLED_ITEM('',(#22010),#21940,#113440);
#113780=OVER_RIDING_STYLED_ITEM('',(#22980),#22910,#113440);
#113790=OVER_RIDING_STYLED_ITEM('',(#23370),#23300,#113440);
#113800=OVER_RIDING_STYLED_ITEM('',(#23630),#23560,#113440);
#113810=OVER_RIDING_STYLED_ITEM('',(#24020),#23950,#113440);
#113820=OVER_RIDING_STYLED_ITEM('',(#25440),#25370,#113440);
#113830=OVER_RIDING_STYLED_ITEM('',(#26200),#26130,#113440);
#113840=OVER_RIDING_STYLED_ITEM('',(#26440),#26370,#113440);
#113850=OVER_RIDING_STYLED_ITEM('',(#26730),#26660,#113440);
#113860=OVER_RIDING_STYLED_ITEM('',(#26870),#26800,#113440);
#113870=OVER_RIDING_STYLED_ITEM('',(#27510),#27440,#113440);
#113880=OVER_RIDING_STYLED_ITEM('',(#27910),#27840,#113440);
#113890=OVER_RIDING_STYLED_ITEM('',(#28370),#28300,#113440);
#113900=OVER_RIDING_STYLED_ITEM('',(#28900),#28830,#113440);
#113910=OVER_RIDING_STYLED_ITEM('',(#30840),#30770,#113440);
#113920=OVER_RIDING_STYLED_ITEM('',(#31220),#31150,#113440);
#113930=OVER_RIDING_STYLED_ITEM('',(#31540),#31470,#113440);
#113940=OVER_RIDING_STYLED_ITEM('',(#32810),#32740,#113440);
#113950=OVER_RIDING_STYLED_ITEM('',(#34540),#34470,#113440);
#113960=OVER_RIDING_STYLED_ITEM('',(#35510),#35440,#113440);
#113970=OVER_RIDING_STYLED_ITEM('',(#35780),#35710,#113440);
#113980=OVER_RIDING_STYLED_ITEM('',(#36270),#36200,#113440);
#113990=OVER_RIDING_STYLED_ITEM('',(#36670),#36600,#113440);
#114000=OVER_RIDING_STYLED_ITEM('',(#39030),#38960,#113440);
#114010=OVER_RIDING_STYLED_ITEM('',(#39420),#39350,#113440);
#114020=OVER_RIDING_STYLED_ITEM('',(#40830),#40760,#113440);
#114030=OVER_RIDING_STYLED_ITEM('',(#41070),#41000,#113440);
#114040=OVER_RIDING_STYLED_ITEM('',(#41790),#41720,#113440);
#114050=OVER_RIDING_STYLED_ITEM('',(#41980),#41910,#113440);
#114060=OVER_RIDING_STYLED_ITEM('',(#42170),#42100,#113440);
#114070=OVER_RIDING_STYLED_ITEM('',(#42640),#42570,#113440);
#114080=OVER_RIDING_STYLED_ITEM('',(#42930),#42860,#113440);
#114090=OVER_RIDING_STYLED_ITEM('',(#43120),#43050,#113440);
#114100=OVER_RIDING_STYLED_ITEM('',(#43360),#43290,#113440);
#114110=OVER_RIDING_STYLED_ITEM('',(#43550),#43480,#113440);
#114120=OVER_RIDING_STYLED_ITEM('',(#43840),#43770,#113440);
#114130=OVER_RIDING_STYLED_ITEM('',(#44130),#44060,#113440);
#114140=OVER_RIDING_STYLED_ITEM('',(#44320),#44250,#113440);
#114150=OVER_RIDING_STYLED_ITEM('',(#44560),#44490,#113440);
#114160=OVER_RIDING_STYLED_ITEM('',(#44750),#44680,#113440);
#114170=OVER_RIDING_STYLED_ITEM('',(#44990),#44920,#113440);
#114180=OVER_RIDING_STYLED_ITEM('',(#45860),#45790,#113440);
#114190=OVER_RIDING_STYLED_ITEM('',(#46050),#45980,#113440);
#114200=OVER_RIDING_STYLED_ITEM('',(#46640),#46570,#113440);
#114210=OVER_RIDING_STYLED_ITEM('',(#47110),#47040,#113440);
#114220=OVER_RIDING_STYLED_ITEM('',(#47660),#47590,#113440);
#114230=OVER_RIDING_STYLED_ITEM('',(#48120),#48050,#113440);
#114240=OVER_RIDING_STYLED_ITEM('',(#48590),#48520,#113440);
#114250=OVER_RIDING_STYLED_ITEM('',(#48900),#48830,#113440);
#114260=OVER_RIDING_STYLED_ITEM('',(#49190),#49120,#113440);
#114270=OVER_RIDING_STYLED_ITEM('',(#49520),#49450,#113440);
#114280=OVER_RIDING_STYLED_ITEM('',(#49850),#49780,#113440);
#114290=OVER_RIDING_STYLED_ITEM('',(#50110),#50040,#113440);
#114300=OVER_RIDING_STYLED_ITEM('',(#50300),#50230,#113440);
#114310=OVER_RIDING_STYLED_ITEM('',(#50680),#50610,#113440);
#114320=OVER_RIDING_STYLED_ITEM('',(#51140),#51070,#113440);
#114330=OVER_RIDING_STYLED_ITEM('',(#51520),#51450,#113440);
#114340=OVER_RIDING_STYLED_ITEM('',(#51920),#51850,#113440);
#114350=OVER_RIDING_STYLED_ITEM('',(#52230),#52160,#113440);
#114360=OVER_RIDING_STYLED_ITEM('',(#52530),#52460,#113440);
#114370=OVER_RIDING_STYLED_ITEM('',(#52790),#52720,#113440);
#114380=OVER_RIDING_STYLED_ITEM('',(#53180),#53110,#113440);
#114390=OVER_RIDING_STYLED_ITEM('',(#53440),#53370,#113440);
#114400=OVER_RIDING_STYLED_ITEM('',(#53680),#53610,#113440);
#114410=OVER_RIDING_STYLED_ITEM('',(#55410),#55340,#113440);
#114420=OVER_RIDING_STYLED_ITEM('',(#55730),#55660,#113440);
#114430=OVER_RIDING_STYLED_ITEM('',(#56120),#56050,#113440);
#114440=OVER_RIDING_STYLED_ITEM('',(#56410),#56340,#113440);
#114450=OVER_RIDING_STYLED_ITEM('',(#56970),#56900,#113440);
#114460=OVER_RIDING_STYLED_ITEM('',(#57500),#57430,#113440);
#114470=OVER_RIDING_STYLED_ITEM('',(#57990),#57920,#113440);
#114480=OVER_RIDING_STYLED_ITEM('',(#58990),#58920,#113440);
#114490=OVER_RIDING_STYLED_ITEM('',(#60540),#60470,#113440);
#114500=OVER_RIDING_STYLED_ITEM('',(#60730),#60660,#113440);
#114510=OVER_RIDING_STYLED_ITEM('',(#61160),#61090,#113440);
#114520=OVER_RIDING_STYLED_ITEM('',(#61350),#61280,#113440);
#114530=OVER_RIDING_STYLED_ITEM('',(#61610),#61540,#113440);
#114540=OVER_RIDING_STYLED_ITEM('',(#61930),#61860,#113440);
#114550=OVER_RIDING_STYLED_ITEM('',(#62190),#62120,#113440);
#114560=OVER_RIDING_STYLED_ITEM('',(#63040),#62970,#113440);
#114570=OVER_RIDING_STYLED_ITEM('',(#63330),#63260,#113440);
#114580=OVER_RIDING_STYLED_ITEM('',(#63620),#63550,#113440);
#114590=OVER_RIDING_STYLED_ITEM('',(#63810),#63740,#113440);
#114600=OVER_RIDING_STYLED_ITEM('',(#64050),#63980,#113440);
#114610=OVER_RIDING_STYLED_ITEM('',(#64650),#64580,#113440);
#114620=OVER_RIDING_STYLED_ITEM('',(#65660),#65590,#113440);
#114630=OVER_RIDING_STYLED_ITEM('',(#67450),#67380,#113440);
#114640=OVER_RIDING_STYLED_ITEM('',(#67840),#67770,#113440);
#114650=OVER_RIDING_STYLED_ITEM('',(#68450),#68380,#113440);
#114660=OVER_RIDING_STYLED_ITEM('',(#71240),#71170,#113440);
#114670=OVER_RIDING_STYLED_ITEM('',(#71990),#71920,#113440);
#114680=OVER_RIDING_STYLED_ITEM('',(#72790),#72720,#113440);
#114690=OVER_RIDING_STYLED_ITEM('',(#73280),#73210,#113440);
#114700=OVER_RIDING_STYLED_ITEM('',(#73530),#73460,#113440);
#114710=OVER_RIDING_STYLED_ITEM('',(#74020),#73950,#113440);
#114720=OVER_RIDING_STYLED_ITEM('',(#74400),#74330,#113440);
#114730=OVER_RIDING_STYLED_ITEM('',(#74990),#74920,#113440);
#114740=OVER_RIDING_STYLED_ITEM('',(#75390),#75320,#113440);
#114750=OVER_RIDING_STYLED_ITEM('',(#75880),#75810,#113440);
#114760=OVER_RIDING_STYLED_ITEM('',(#76270),#76200,#113440);
#114770=OVER_RIDING_STYLED_ITEM('',(#76510),#76440,#113440);
#114780=OVER_RIDING_STYLED_ITEM('',(#77660),#77590,#113440);
#114790=OVER_RIDING_STYLED_ITEM('',(#78040),#77970,#113440);
#114800=OVER_RIDING_STYLED_ITEM('',(#78360),#78290,#113440);
#114810=OVER_RIDING_STYLED_ITEM('',(#78670),#78600,#113440);
#114820=OVER_RIDING_STYLED_ITEM('',(#78990),#78920,#113440);
#114830=OVER_RIDING_STYLED_ITEM('',(#79300),#79230,#113440);
#114840=OVER_RIDING_STYLED_ITEM('',(#79620),#79550,#113440);
#114850=OVER_RIDING_STYLED_ITEM('',(#79930),#79860,#113440);
#114860=OVER_RIDING_STYLED_ITEM('',(#80180),#80110,#113440);
#114870=OVER_RIDING_STYLED_ITEM('',(#82610),#82540,#113440);
#114880=OVER_RIDING_STYLED_ITEM('',(#83000),#82930,#113440);
#114890=OVER_RIDING_STYLED_ITEM('',(#83310),#83240,#113440);
#114900=OVER_RIDING_STYLED_ITEM('',(#83630),#83560,#113440);
#114910=OVER_RIDING_STYLED_ITEM('',(#83940),#83870,#113440);
#114920=OVER_RIDING_STYLED_ITEM('',(#84260),#84190,#113440);
#114930=OVER_RIDING_STYLED_ITEM('',(#84640),#84570,#113440);
#114940=OVER_RIDING_STYLED_ITEM('',(#84960),#84890,#113440);
#114950=OVER_RIDING_STYLED_ITEM('',(#85270),#85200,#113440);
#114960=OVER_RIDING_STYLED_ITEM('',(#85590),#85520,#113440);
#114970=OVER_RIDING_STYLED_ITEM('',(#85910),#85840,#113440);
#114980=OVER_RIDING_STYLED_ITEM('',(#86150),#86080,#113440);
#114990=OVER_RIDING_STYLED_ITEM('',(#86540),#86470,#113440);
#115000=OVER_RIDING_STYLED_ITEM('',(#86670),#86600,#113440);
#115010=OVER_RIDING_STYLED_ITEM('',(#87060),#86990,#113440);
#115020=OVER_RIDING_STYLED_ITEM('',(#87370),#87300,#113440);
#115030=OVER_RIDING_STYLED_ITEM('',(#87690),#87620,#113440);
#115040=OVER_RIDING_STYLED_ITEM('',(#88000),#87930,#113440);
#115050=OVER_RIDING_STYLED_ITEM('',(#88320),#88250,#113440);
#115060=OVER_RIDING_STYLED_ITEM('',(#88630),#88560,#113440);
#115070=OVER_RIDING_STYLED_ITEM('',(#88950),#88880,#113440);
#115080=OVER_RIDING_STYLED_ITEM('',(#89270),#89200,#113440);
#115090=OVER_RIDING_STYLED_ITEM('',(#89660),#89590,#113440);
#115100=OVER_RIDING_STYLED_ITEM('',(#89970),#89900,#113440);
#115110=OVER_RIDING_STYLED_ITEM('',(#90290),#90220,#113440);
#115120=OVER_RIDING_STYLED_ITEM('',(#90530),#90460,#113440);
#115130=OVER_RIDING_STYLED_ITEM('',(#90770),#90700,#113440);
#115140=OVER_RIDING_STYLED_ITEM('',(#91100),#91030,#113440);
#115150=OVER_RIDING_STYLED_ITEM('',(#91500),#91430,#113440);
#115160=OVER_RIDING_STYLED_ITEM('',(#93580),#93510,#113440);
#115170=OVER_RIDING_STYLED_ITEM('',(#93780),#93710,#113440);
#115180=OVER_RIDING_STYLED_ITEM('',(#94180),#94110,#113440);
#115190=OVER_RIDING_STYLED_ITEM('',(#95150),#95080,#113440);
#115200=OVER_RIDING_STYLED_ITEM('',(#96090),#96020,#113440);
#115210=OVER_RIDING_STYLED_ITEM('',(#96820),#96750,#113440);
#115220=OVER_RIDING_STYLED_ITEM('',(#98200),#98130,#113440);
#115230=OVER_RIDING_STYLED_ITEM('',(#98440),#98370,#113440);
#115240=OVER_RIDING_STYLED_ITEM('',(#98730),#98660,#113440);
#115250=OVER_RIDING_STYLED_ITEM('',(#98920),#98850,#113440);
#115260=OVER_RIDING_STYLED_ITEM('',(#99210),#99140,#113440);
#115270=OVER_RIDING_STYLED_ITEM('',(#99400),#99330,#113440);
#115280=OVER_RIDING_STYLED_ITEM('',(#99800),#99730,#113440);
#115290=OVER_RIDING_STYLED_ITEM('',(#100310),#100240,#113440);
#115300=OVER_RIDING_STYLED_ITEM('',(#100700),#100630,#113440);
#115310=OVER_RIDING_STYLED_ITEM('',(#101010),#100940,#113440);
#115320=OVER_RIDING_STYLED_ITEM('',(#101400),#101330,#113440);
#115330=OVER_RIDING_STYLED_ITEM('',(#101710),#101640,#113440);
#115340=OVER_RIDING_STYLED_ITEM('',(#102090),#102020,#113440);
#115350=OVER_RIDING_STYLED_ITEM('',(#102410),#102340,#113440);
#115360=OVER_RIDING_STYLED_ITEM('',(#102880),#102810,#113440);
#115370=OVER_RIDING_STYLED_ITEM('',(#103130),#103060,#113440);
#115380=OVER_RIDING_STYLED_ITEM('',(#103460),#103390,#113440);
#115390=OVER_RIDING_STYLED_ITEM('',(#103790),#103720,#113440);
#115400=OVER_RIDING_STYLED_ITEM('',(#104050),#103980,#113440);
#115410=OVER_RIDING_STYLED_ITEM('',(#104240),#104170,#113440);
#115420=OVER_RIDING_STYLED_ITEM('',(#104700),#104630,#113440);
#115430=OVER_RIDING_STYLED_ITEM('',(#105330),#105260,#113440);
#115440=OVER_RIDING_STYLED_ITEM('',(#105870),#105800,#113440);
#115450=OVER_RIDING_STYLED_ITEM('',(#106110),#106040,#113440);
#115460=OVER_RIDING_STYLED_ITEM('',(#106490),#106420,#113440);
#115470=OVER_RIDING_STYLED_ITEM('',(#106790),#106720,#113440);
#115480=OVER_RIDING_STYLED_ITEM('',(#107100),#107030,#113440);
#115490=OVER_RIDING_STYLED_ITEM('',(#107300),#107230,#113440);
#115500=OVER_RIDING_STYLED_ITEM('',(#107670),#107600,#113440);
#115510=OVER_RIDING_STYLED_ITEM('',(#107980),#107910,#113440);
#115520=OVER_RIDING_STYLED_ITEM('',(#108170),#108100,#113440);
#115530=OVER_RIDING_STYLED_ITEM('',(#108360),#108290,#113440);
#115540=OVER_RIDING_STYLED_ITEM('',(#108550),#108480,#113440);
#115550=OVER_RIDING_STYLED_ITEM('',(#108690),#108620,#113440);
#115560=OVER_RIDING_STYLED_ITEM('',(#108830),#108760,#113440);
#115570=OVER_RIDING_STYLED_ITEM('',(#108970),#108900,#113440);
#115580=OVER_RIDING_STYLED_ITEM('',(#109110),#109040,#113440);
#115590=OVER_RIDING_STYLED_ITEM('',(#109250),#109180,#113440);
#115600=OVER_RIDING_STYLED_ITEM('',(#109390),#109320,#113440);
#115610=OVER_RIDING_STYLED_ITEM('',(#109530),#109460,#113440);
#115620=OVER_RIDING_STYLED_ITEM('',(#109670),#109600,#113440);
#115630=OVER_RIDING_STYLED_ITEM('',(#109830),#109760,#113440);
#115640=OVER_RIDING_STYLED_ITEM('',(#109970),#109900,#113440);
#115650=OVER_RIDING_STYLED_ITEM('',(#110110),#110040,#113440);
#115660=OVER_RIDING_STYLED_ITEM('',(#110250),#110180,#113440);
#115670=OVER_RIDING_STYLED_ITEM('',(#110390),#110320,#113440);
#115680=OVER_RIDING_STYLED_ITEM('',(#110530),#110460,#113440);
#115690=OVER_RIDING_STYLED_ITEM('',(#110690),#110620,#113440);
#115700=OVER_RIDING_STYLED_ITEM('',(#110830),#110760,#113440);
#115710=OVER_RIDING_STYLED_ITEM('',(#110990),#110920,#113440);
#115720=OVER_RIDING_STYLED_ITEM('',(#111130),#111060,#113440);
#115730=OVER_RIDING_STYLED_ITEM('',(#111270),#111200,#113440);
#115740=OVER_RIDING_STYLED_ITEM('',(#111430),#111360,#113440);
#115750=OVER_RIDING_STYLED_ITEM('',(#111570),#111500,#113440);
#115760=OVER_RIDING_STYLED_ITEM('',(#111710),#111640,#113440);
#115770=OVER_RIDING_STYLED_ITEM('',(#111850),#111780,#113440);
#115780=OVER_RIDING_STYLED_ITEM('',(#111990),#111920,#113440);
#115790=OVER_RIDING_STYLED_ITEM('',(#112130),#112060,#113440);
#115800=OVER_RIDING_STYLED_ITEM('',(#112270),#112200,#113440);
#115810=OVER_RIDING_STYLED_ITEM('',(#112410),#112340,#113440);
#115820=OVER_RIDING_STYLED_ITEM('',(#112550),#112480,#113440);
#115830=OVER_RIDING_STYLED_ITEM('',(#112690),#112620,#113440);
#115840=OVER_RIDING_STYLED_ITEM('',(#112830),#112760,#113440);
#115850=OVER_RIDING_STYLED_ITEM('',(#112970),#112900,#113440);
#115860=OVER_RIDING_STYLED_ITEM('',(#113110),#113040,#113440);
#115870=DRAUGHTING_MODEL('',(#113440,#113450,#113460,#113470,#113480,
#113490,#113500,#113510,#113520,#113530,#113540,#113550,#113560,#113570,
#113580,#113590,#113600,#113610,#113620,#113630,#113640,#113650,#113660,
#113670,#113680,#113690,#113700,#113710,#113720,#113730,#113740,#113750,
#113760,#113770,#113780,#113790,#113800,#113810,#113820,#113830,#113840,
#113850,#113860,#113870,#113880,#113890,#113900,#113910,#113920,#113930,
#113940,#113950,#113960,#113970,#113980,#113990,#114000,#114010,#114020,
#114030,#114040,#114050,#114060,#114070,#114080,#114090,#114100,#114110,
#114120,#114130,#114140,#114150,#114160,#114170,#114180,#114190,#114200,
#114210,#114220,#114230,#114240,#114250,#114260,#114270,#114280,#114290,
#114300,#114310,#114320,#114330,#114340,#114350,#114360,#114370,#114380,
#114390,#114400,#114410,#114420,#114430,#114440,#114450,#114460,#114470,
#114480,#114490,#114500,#114510,#114520,#114530,#114540,#114550,#114560,
#114570,#114580,#114590,#114600,#114610,#114620,#114630,#114640,#114650,
#114660,#114670,#114680,#114690,#114700,#114710,#114720,#114730,#114740,
#114750,#114760,#114770,#114780,#114790,#114800,#114810,#114820,#114830,
#114840,#114850,#114860,#114870,#114880,#114890,#114900,#114910,#114920,
#114930,#114940,#114950,#114960,#114970,#114980,#114990,#115000,#115010,
#115020,#115030,#115040,#115050,#115060,#115070,#115080,#115090,#115100,
#115110,#115120,#115130,#115140,#115150,#115160,#115170,#115180,#115190,
#115200,#115210,#115220,#115230,#115240,#115250,#115260,#115270,#115280,
#115290,#115300,#115310,#115320,#115330,#115340,#115350,#115360,#115370,
#115380,#115390,#115400,#115410,#115420,#115430,#115440,#115450,#115460,
#115470,#115480,#115490,#115500,#115510,#115520,#115530,#115540,#115550,
#115560,#115570,#115580,#115590,#115600,#115610,#115620,#115630,#115640,
#115650,#115660,#115670,#115680,#115690,#115700,#115710,#115720,#115730,
#115740,#115750,#115760,#115770,#115780,#115790,#115800,#115810,#115820,
#115830,#115840,#115850,#115860),#113330);
#115880=CARTESIAN_POINT('',(3.74359802092359,-34.2531871826677,
11.0847496969355));
#115890=DIRECTION('',(2.18990204117072E-12,-5.48163068479013E-12,1.));
#115900=DIRECTION('',(1.,5.58303347445534E-13,-2.18990204116766E-12));
#115910=AXIS2_PLACEMENT_3D('',#115880,#115890,#115900);
#115920=ITEM_DEFINED_TRANSFORMATION('plh_5-4-7.5-zf','',#113170,#115910)
;
#115930=APPLICATION_CONTEXT(' ');
#115940=APPLICATION_PROTOCOL_DEFINITION(' ','automotive_design',1998,
#115930);
#115950=PRODUCT_CONTEXT('',#115930,'mechanical');
#115960=PRODUCT_DEFINITION_CONTEXT('part definition',#115930,'design');
#115970=PRODUCT('plh_5-4-7.5-zf','plh_5-4-7.5-zf','',(#115950));
#115980=PRODUCT_RELATED_PRODUCT_CATEGORY('part',' ',(#115970));
#115990=PRODUCT_DEFINITION_FORMATION_WITH_SPECIFIED_SOURCE('','',#115970
,.BOUGHT.);
#116000=PRODUCT_DEFINITION('',' ',#115990,#115960);
#116010=PRODUCT_DEFINITION_SHAPE('','',#116000);
#116020=DIMENSIONAL_EXPONENTS(1.,0.,0.,0.,0.,0.,0.);
#116030=DIMENSIONAL_EXPONENTS(0.,0.,0.,0.,0.,0.,0.);
#116040=DIMENSIONAL_EXPONENTS(0.,0.,0.,0.,0.,0.,0.);
#116050=(LENGTH_UNIT() NAMED_UNIT(*) SI_UNIT(.MILLI.,.METRE.));
#116060=(NAMED_UNIT(*) PLANE_ANGLE_UNIT() SI_UNIT($,.RADIAN.));
#116070=(NAMED_UNIT(*) SI_UNIT($,.STERADIAN.) SOLID_ANGLE_UNIT());
#116080=(GEOMETRIC_REPRESENTATION_CONTEXT(3) 
GLOBAL_UNCERTAINTY_ASSIGNED_CONTEXT((#116090)) 
GLOBAL_UNIT_ASSIGNED_CONTEXT((#116050,#116060,#116070)) 
REPRESENTATION_CONTEXT('',''));
#116090=UNCERTAINTY_MEASURE_WITH_UNIT(LENGTH_MEASURE(1.E-6),#116050,
'distance_accuracy_value','maximum gap value');
#116100=SHAPE_REPRESENTATION('',(#113170,#115910),#116080);
#116110=SHAPE_DEFINITION_REPRESENTATION(#116010,#116100);
#116120=(REPRESENTATION_RELATIONSHIP('','',#113350,#116100) 
REPRESENTATION_RELATIONSHIP_WITH_TRANSFORMATION(#115920) 
SHAPE_REPRESENTATION_RELATIONSHIP());
#116130=NEXT_ASSEMBLY_USAGE_OCCURRENCE('1','','plh_5-4-7.5-zf',#116000,
#113250,'');
#116140=PRODUCT_DEFINITION_SHAPE('','',#116130);
#116150=CONTEXT_DEPENDENT_SHAPE_REPRESENTATION(#116120,#116140);
ENDSEC;
END-ISO-10303-21;
